kind,frame,width,center,region_side,field,value,position,edge
central,laboratory,0.5,64_64_64,32,0,1.8677365107695112,"[79, 48, 79]",0
central,laboratory,0.5,64_64_64,32,1,1.857689366825963,"[79, 48, 79]",0
central,laboratory,0.5,64_64_64,32,2,1.8247052293047978,"[79, 48, 79]",0
central,laboratory,0.5,64_64_64,32,3,1.8515178281378495,"[79, 48, 79]",0
central,laboratory,0.5,64_64_64,32,4,1.8397996351626358,"[79, 48, 79]",0
central,laboratory,0.5,64_64_64,32,5,1.817270577936484,"[79, 48, 79]",0
central,laboratory,0.5,64_64_64,48,0,2.080310763115811,"[87, 73, 74]",0
central,laboratory,0.5,64_64_64,48,1,2.048384531957144,"[87, 72, 75]",0
central,laboratory,0.5,64_64_64,48,2,1.986061040820788,"[87, 72, 75]",0
central,laboratory,0.5,64_64_64,48,3,2.0209633657353168,"[87, 72, 75]",0
central,laboratory,0.5,64_64_64,48,4,2.0063227170987177,"[87, 72, 75]",0
central,laboratory,0.5,64_64_64,48,5,1.9654045134407752,"[87, 72, 75]",0
central,laboratory,0.5,64_64_64,64,0,2.270792839598196,"[85, 32, 49]",0
central,laboratory,0.5,64_64_64,64,1,2.239512254007677,"[85, 32, 49]",0
central,laboratory,0.5,64_64_64,64,2,2.199770989236259,"[85, 32, 48]",0
central,laboratory,0.5,64_64_64,64,3,2.1796118105557514,"[85, 32, 48]",0
central,laboratory,0.5,64_64_64,64,4,2.193807539327142,"[85, 32, 48]",0
central,laboratory,0.5,64_64_64,64,5,2.1557531089384327,"[85, 32, 48]",0
event,laboratory,0.5,"[65, 82, 63]",17,0,1.8282725764835186,"[69, 85, 70]",1
event,laboratory,0.5,"[65, 82, 63]",17,1,1.7884602192437962,"[69, 85, 70]",1
event,laboratory,0.5,"[65, 82, 63]",17,2,1.7461093794155904,"[69, 84, 69]",2
event,laboratory,0.5,"[65, 82, 63]",17,3,1.7360972963032832,"[69, 84, 68]",3
event,laboratory,0.5,"[65, 82, 63]",17,4,1.7430305235213424,"[69, 84, 68]",3
event,laboratory,0.5,"[65, 82, 63]",17,5,1.708517840153137,"[68, 83, 68]",3
event,laboratory,0.5,"[65, 82, 63]",25,0,1.8282725764835186,"[69, 85, 70]",5
event,laboratory,0.5,"[65, 82, 63]",25,1,1.7884602192437962,"[69, 85, 70]",5
event,laboratory,0.5,"[65, 82, 63]",25,2,1.7461093794155904,"[69, 84, 69]",6
event,laboratory,0.5,"[65, 82, 63]",25,3,1.741382622842041,"[71, 90, 73]",2
event,laboratory,0.5,"[65, 82, 63]",25,4,1.7430305235213424,"[69, 84, 68]",7
event,laboratory,0.5,"[65, 82, 63]",25,5,1.708517840153137,"[68, 83, 68]",7
event,laboratory,0.5,"[65, 82, 63]",33,0,1.8282725764835186,"[69, 85, 70]",9
event,laboratory,0.5,"[65, 82, 63]",33,1,1.7884602192437962,"[69, 85, 70]",9
event,laboratory,0.5,"[65, 82, 63]",33,2,1.7461093794155904,"[69, 84, 69]",10
event,laboratory,0.5,"[65, 82, 63]",33,3,1.7471771558740974,"[81, 77, 63]",0
event,laboratory,0.5,"[65, 82, 63]",33,4,1.7430305235213424,"[69, 84, 68]",11
event,laboratory,0.5,"[65, 82, 63]",33,5,1.708517840153137,"[68, 83, 68]",11
event,laboratory,0.5,"[82, 67, 75]",17,0,2.213389299815148,"[90, 69, 78]",0
event,laboratory,0.5,"[82, 67, 75]",17,1,2.1597580438827597,"[90, 69, 78]",0
event,laboratory,0.5,"[82, 67, 75]",17,2,2.063484885119832,"[89, 70, 77]",1
event,laboratory,0.5,"[82, 67, 75]",17,3,2.1256237285001762,"[90, 69, 78]",0
event,laboratory,0.5,"[82, 67, 75]",17,4,2.0927701373338192,"[90, 69, 78]",0
event,laboratory,0.5,"[82, 67, 75]",17,5,2.035411753524821,"[89, 70, 77]",1
event,laboratory,0.5,"[82, 67, 75]",25,0,2.213389299815148,"[90, 69, 78]",4
event,laboratory,0.5,"[82, 67, 75]",25,1,2.1597580438827597,"[90, 69, 78]",4
event,laboratory,0.5,"[82, 67, 75]",25,2,2.063484885119832,"[89, 70, 77]",5
event,laboratory,0.5,"[82, 67, 75]",25,3,2.1256237285001762,"[90, 69, 78]",4
event,laboratory,0.5,"[82, 67, 75]",25,4,2.0927701373338192,"[90, 69, 78]",4
event,laboratory,0.5,"[82, 67, 75]",25,5,2.035411753524821,"[89, 70, 77]",5
event,laboratory,0.5,"[82, 67, 75]",33,0,2.213389299815148,"[90, 69, 78]",8
event,laboratory,0.5,"[82, 67, 75]",33,1,2.1597580438827597,"[90, 69, 78]",8
event,laboratory,0.5,"[82, 67, 75]",33,2,2.063484885119832,"[89, 70, 77]",9
event,laboratory,0.5,"[82, 67, 75]",33,3,2.1256237285001762,"[90, 69, 78]",8
event,laboratory,0.5,"[82, 67, 75]",33,4,2.0927701373338192,"[90, 69, 78]",8
event,laboratory,0.5,"[82, 67, 75]",33,5,2.035411753524821,"[89, 70, 77]",9
event,laboratory,0.5,"[61, 51, 82]",17,0,1.6948761538419612,"[55, 51, 87]",2
event,laboratory,0.5,"[61, 51, 82]",17,1,1.6449453598963866,"[55, 51, 87]",2
event,laboratory,0.5,"[61, 51, 82]",17,2,1.5346953550323987,"[55, 51, 87]",2
event,laboratory,0.5,"[61, 51, 82]",17,3,1.6220013930685977,"[55, 51, 87]",2
event,laboratory,0.5,"[61, 51, 82]",17,4,1.5796098022735365,"[55, 51, 87]",2
event,laboratory,0.5,"[61, 51, 82]",17,5,1.5189393520867875,"[55, 51, 87]",2
event,laboratory,0.5,"[61, 51, 82]",25,0,1.8473175766312293,"[73, 49, 83]",0
event,laboratory,0.5,"[61, 51, 82]",25,1,1.7945453861989533,"[73, 49, 83]",0
event,laboratory,0.5,"[61, 51, 82]",25,2,1.6772801214817985,"[73, 49, 83]",0
event,laboratory,0.5,"[61, 51, 82]",25,3,1.7667762546033245,"[73, 49, 83]",0
event,laboratory,0.5,"[61, 51, 82]",25,4,1.7225863811984206,"[73, 49, 83]",0
event,laboratory,0.5,"[61, 51, 82]",25,5,1.6550049696349618,"[73, 49, 83]",0
event,laboratory,0.5,"[61, 51, 82]",33,0,1.990462168016117,"[75, 48, 83]",2
event,laboratory,0.5,"[61, 51, 82]",33,1,1.9491897572476096,"[75, 48, 83]",2
event,laboratory,0.5,"[61, 51, 82]",33,2,1.8932166182890535,"[76, 47, 84]",1
event,laboratory,0.5,"[61, 51, 82]",33,3,1.9045264323030613,"[75, 48, 83]",2
event,laboratory,0.5,"[61, 51, 82]",33,4,1.9016744882317427,"[76, 47, 84]",1
event,laboratory,0.5,"[61, 51, 82]",33,5,1.8555637703476826,"[76, 47, 84]",1
event,laboratory,0.5,"[67, 80, 79]",17,0,1.8235130910616928,"[69, 86, 71]",0
event,laboratory,0.5,"[67, 80, 79]",17,1,1.7835596268965759,"[69, 86, 71]",0
event,laboratory,0.5,"[67, 80, 79]",17,2,1.7357321151038532,"[69, 86, 71]",0
event,laboratory,0.5,"[67, 80, 79]",17,3,1.7294889643216467,"[70, 88, 72]",0
event,laboratory,0.5,"[67, 80, 79]",17,4,1.7326614542869287,"[69, 86, 71]",0
event,laboratory,0.5,"[67, 80, 79]",17,5,1.686300325474125,"[69, 86, 71]",0
event,laboratory,0.5,"[67, 80, 79]",25,0,1.8282725764835186,"[69, 85, 70]",3
event,laboratory,0.5,"[67, 80, 79]",25,1,1.7884602192437962,"[69, 85, 70]",3
event,laboratory,0.5,"[67, 80, 79]",25,2,1.7461093794155904,"[69, 84, 69]",2
event,laboratory,0.5,"[67, 80, 79]",25,3,1.741382622842041,"[71, 90, 73]",2
event,laboratory,0.5,"[67, 80, 79]",25,4,1.7430305235213424,"[69, 84, 68]",1
event,laboratory,0.5,"[67, 80, 79]",25,5,1.708517840153137,"[68, 83, 68]",1
event,laboratory,0.5,"[67, 80, 79]",33,0,1.9446596602206716,"[83, 76, 67]",0
event,laboratory,0.5,"[67, 80, 79]",33,1,1.912254694633624,"[83, 76, 68]",0
event,laboratory,0.5,"[67, 80, 79]",33,2,1.8449645394306897,"[83, 76, 69]",0
event,laboratory,0.5,"[67, 80, 79]",33,3,1.8922660602674892,"[83, 76, 68]",0
event,laboratory,0.5,"[67, 80, 79]",33,4,1.8700722860379493,"[83, 76, 69]",0
event,laboratory,0.5,"[67, 80, 79]",33,5,1.8270965927662488,"[83, 76, 69]",0
event,laboratory,0.5,"[80, 62, 45]",17,0,1.5833404084489608,"[81, 58, 38]",1
event,laboratory,0.5,"[80, 62, 45]",17,1,1.5367110459221998,"[81, 58, 38]",1
event,laboratory,0.5,"[80, 62, 45]",17,2,1.4497725589225197,"[81, 58, 38]",1
event,laboratory,0.5,"[80, 62, 45]",17,3,1.5047815433200022,"[81, 58, 38]",1
event,laboratory,0.5,"[80, 62, 45]",17,4,1.4765548462519769,"[81, 58, 38]",1
event,laboratory,0.5,"[80, 62, 45]",17,5,1.4248178040084234,"[81, 58, 38]",1
event,laboratory,0.5,"[80, 62, 45]",25,0,1.8150831024736698,"[92, 50, 33]",0
event,laboratory,0.5,"[80, 62, 45]",25,1,1.7913696974388682,"[92, 50, 33]",0
event,laboratory,0.5,"[80, 62, 45]",25,2,1.7319433677871081,"[92, 50, 33]",0
event,laboratory,0.5,"[80, 62, 45]",25,3,1.7754544757704394,"[92, 50, 33]",0
event,laboratory,0.5,"[80, 62, 45]",25,4,1.7562083298823117,"[92, 50, 33]",0
event,laboratory,0.5,"[80, 62, 45]",25,5,1.7198363551150087,"[92, 50, 33]",0
event,laboratory,0.5,"[80, 62, 45]",33,0,1.8665223870786054,"[94, 46, 50]",0
event,laboratory,0.5,"[80, 62, 45]",33,1,1.8554317203388713,"[94, 46, 50]",0
event,laboratory,0.5,"[80, 62, 45]",33,2,1.842469508333884,"[96, 46, 49]",0
event,laboratory,0.5,"[80, 62, 45]",33,3,1.8530163137318816,"[95, 46, 50]",0
event,laboratory,0.5,"[80, 62, 45]",33,4,1.84749692216046,"[96, 46, 49]",0
event,laboratory,0.5,"[80, 62, 45]",33,5,1.8404625771685867,"[96, 46, 49]",0
event,laboratory,0.5,"[50, 44, 67]",17,0,1.2559801688908065,"[42, 41, 75]",0
event,laboratory,0.5,"[50, 44, 67]",17,1,1.2501258316456494,"[42, 45, 75]",0
event,laboratory,0.5,"[50, 44, 67]",17,2,1.243196338501996,"[42, 36, 75]",0
event,laboratory,0.5,"[50, 44, 67]",17,3,1.2466852443623273,"[42, 45, 75]",0
event,laboratory,0.5,"[50, 44, 67]",17,4,1.2458211998264426,"[42, 45, 75]",0
event,laboratory,0.5,"[50, 44, 67]",17,5,1.2454819753254678,"[42, 36, 75]",0
event,laboratory,0.5,"[50, 44, 67]",25,0,1.5353630679157362,"[51, 32, 79]",0
event,laboratory,0.5,"[50, 44, 67]",25,1,1.5266665512453694,"[51, 32, 79]",0
event,laboratory,0.5,"[50, 44, 67]",25,2,1.5095014880766622,"[51, 32, 79]",0
event,laboratory,0.5,"[50, 44, 67]",25,3,1.5144448040842304,"[51, 32, 79]",0
event,laboratory,0.5,"[50, 44, 67]",25,4,1.513558212638334,"[51, 32, 79]",0
event,laboratory,0.5,"[50, 44, 67]",25,5,1.4989924382952884,"[51, 32, 79]",0
event,laboratory,0.5,"[50, 44, 67]",33,0,1.611741025608463,"[51, 33, 83]",0
event,laboratory,0.5,"[50, 44, 67]",33,1,1.5855102013534905,"[51, 33, 83]",0
event,laboratory,0.5,"[50, 44, 67]",33,2,1.550772259598864,"[52, 31, 81]",2
event,laboratory,0.5,"[50, 44, 67]",33,3,1.5639044862521376,"[52, 31, 81]",2
event,laboratory,0.5,"[50, 44, 67]",33,4,1.5593451733805175,"[52, 31, 81]",2
event,laboratory,0.5,"[50, 44, 67]",33,5,1.5387176113139451,"[52, 31, 81]",2
event,laboratory,0.5,"[51, 80, 54]",17,0,1.4769962608428333,"[59, 78, 62]",0
event,laboratory,0.5,"[51, 80, 54]",17,1,1.4647542760485353,"[59, 78, 62]",0
event,laboratory,0.5,"[51, 80, 54]",17,2,1.447644726668176,"[59, 78, 62]",0
event,laboratory,0.5,"[51, 80, 54]",17,3,1.4555723893196777,"[59, 78, 62]",0
event,laboratory,0.5,"[51, 80, 54]",17,4,1.451635679373204,"[59, 78, 62]",0
event,laboratory,0.5,"[51, 80, 54]",17,5,1.4418123995841723,"[59, 78, 62]",0
event,laboratory,0.5,"[51, 80, 54]",25,0,1.7151849194025255,"[63, 77, 65]",0
event,laboratory,0.5,"[51, 80, 54]",25,1,1.699858751627047,"[63, 78, 64]",0
event,laboratory,0.5,"[51, 80, 54]",25,2,1.6789145038521556,"[63, 78, 64]",0
event,laboratory,0.5,"[51, 80, 54]",25,3,1.6899631371272315,"[63, 78, 64]",0
event,laboratory,0.5,"[51, 80, 54]",25,4,1.6843096484461677,"[63, 78, 64]",0
event,laboratory,0.5,"[51, 80, 54]",25,5,1.670355792243465,"[63, 78, 65]",0
event,laboratory,0.5,"[51, 80, 54]",33,0,1.7373437282887303,"[65, 82, 63]",2
event,laboratory,0.5,"[51, 80, 54]",33,1,1.7180814686331183,"[65, 82, 63]",2
event,laboratory,0.5,"[51, 80, 54]",33,2,1.6835075148633896,"[65, 82, 64]",2
event,laboratory,0.5,"[51, 80, 54]",33,3,1.699509220830245,"[65, 82, 63]",2
event,laboratory,0.5,"[51, 80, 54]",33,4,1.69249964564404,"[65, 82, 63]",2
event,laboratory,0.5,"[51, 80, 54]",33,5,1.680936984028934,"[67, 82, 67]",0
central,laboratory,1.0,64_64_64,32,0,1.8677365107695112,"[79, 48, 79]",0
central,laboratory,1.0,64_64_64,32,1,1.817270577936484,"[79, 48, 79]",0
central,laboratory,1.0,64_64_64,32,2,1.7347583749386926,"[79, 48, 79]",0
central,laboratory,1.0,64_64_64,32,3,1.7833553148095702,"[79, 49, 78]",0
central,laboratory,1.0,64_64_64,32,4,1.7595008519242996,"[79, 48, 79]",0
central,laboratory,1.0,64_64_64,32,5,1.6893427593874617,"[79, 48, 79]",0
central,laboratory,1.0,64_64_64,48,0,2.080310763115811,"[87, 73, 74]",0
central,laboratory,1.0,64_64_64,48,1,1.9654045134407752,"[87, 72, 75]",0
central,laboratory,1.0,64_64_64,48,2,1.848825169448026,"[87, 73, 75]",0
central,laboratory,1.0,64_64_64,48,3,1.9151638713227515,"[87, 71, 76]",0
central,laboratory,1.0,64_64_64,48,4,1.8911673011343424,"[87, 73, 75]",0
central,laboratory,1.0,64_64_64,48,5,1.814671883310362,"[87, 73, 75]",0
central,laboratory,1.0,64_64_64,64,0,2.270792839598196,"[85, 32, 49]",0
central,laboratory,1.0,64_64_64,64,1,2.1557531089384327,"[85, 32, 48]",0
central,laboratory,1.0,64_64_64,64,2,2.0841061010240525,"[85, 32, 48]",0
central,laboratory,1.0,64_64_64,64,3,2.069967900585829,"[85, 32, 32]",0
central,laboratory,1.0,64_64_64,64,4,2.067117238857693,"[85, 32, 48]",0
central,laboratory,1.0,64_64_64,64,5,2.010609501886198,"[85, 32, 32]",0
event,laboratory,1.0,"[65, 82, 63]",17,0,1.8282725764835186,"[69, 85, 70]",1
event,laboratory,1.0,"[65, 82, 63]",17,1,1.708517840153137,"[68, 83, 68]",3
event,laboratory,1.0,"[65, 82, 63]",17,2,1.6408259552903346,"[63, 79, 65]",5
event,laboratory,1.0,"[65, 82, 63]",17,3,1.662717265880378,"[67, 82, 66]",5
event,laboratory,1.0,"[65, 82, 63]",17,4,1.6520984875970028,"[67, 82, 66]",5
event,laboratory,1.0,"[65, 82, 63]",17,5,1.6246807418229827,"[63, 79, 66]",5
event,laboratory,1.0,"[65, 82, 63]",25,0,1.8282725764835186,"[69, 85, 70]",5
event,laboratory,1.0,"[65, 82, 63]",25,1,1.708517840153137,"[68, 83, 68]",7
event,laboratory,1.0,"[65, 82, 63]",25,2,1.6408259552903346,"[63, 79, 65]",9
event,laboratory,1.0,"[65, 82, 63]",25,3,1.662717265880378,"[67, 82, 66]",9
event,laboratory,1.0,"[65, 82, 63]",25,4,1.6520984875970028,"[67, 82, 66]",9
event,laboratory,1.0,"[65, 82, 63]",25,5,1.6246807418229827,"[63, 79, 66]",9
event,laboratory,1.0,"[65, 82, 63]",33,0,1.8282725764835186,"[69, 85, 70]",9
event,laboratory,1.0,"[65, 82, 63]",33,1,1.708517840153137,"[68, 83, 68]",11
event,laboratory,1.0,"[65, 82, 63]",33,2,1.6408259552903346,"[63, 79, 65]",13
event,laboratory,1.0,"[65, 82, 63]",33,3,1.662717265880378,"[67, 82, 66]",13
event,laboratory,1.0,"[65, 82, 63]",33,4,1.6520984875970028,"[67, 82, 66]",13
event,laboratory,1.0,"[65, 82, 63]",33,5,1.6246807418229827,"[63, 79, 66]",13
event,laboratory,1.0,"[82, 67, 75]",17,0,2.213389299815148,"[90, 69, 78]",0
event,laboratory,1.0,"[82, 67, 75]",17,1,2.035411753524821,"[89, 70, 77]",1
event,laboratory,1.0,"[82, 67, 75]",17,2,1.8690719395004471,"[89, 72, 76]",1
event,laboratory,1.0,"[82, 67, 75]",17,3,1.9638758210441571,"[89, 70, 77]",1
event,laboratory,1.0,"[82, 67, 75]",17,4,1.9201344905565374,"[89, 71, 76]",1
event,laboratory,1.0,"[82, 67, 75]",17,5,1.8242035663364937,"[89, 72, 76]",1
event,laboratory,1.0,"[82, 67, 75]",25,0,2.213389299815148,"[90, 69, 78]",4
event,laboratory,1.0,"[82, 67, 75]",25,1,2.035411753524821,"[89, 70, 77]",5
event,laboratory,1.0,"[82, 67, 75]",25,2,1.8690719395004471,"[89, 72, 76]",5
event,laboratory,1.0,"[82, 67, 75]",25,3,1.9638758210441571,"[89, 70, 77]",5
event,laboratory,1.0,"[82, 67, 75]",25,4,1.9201344905565374,"[89, 71, 76]",5
event,laboratory,1.0,"[82, 67, 75]",25,5,1.8242035663364937,"[89, 72, 76]",5
event,laboratory,1.0,"[82, 67, 75]",33,0,2.213389299815148,"[90, 69, 78]",8
event,laboratory,1.0,"[82, 67, 75]",33,1,2.035411753524821,"[89, 70, 77]",9
event,laboratory,1.0,"[82, 67, 75]",33,2,1.8690719395004471,"[89, 72, 76]",9
event,laboratory,1.0,"[82, 67, 75]",33,3,1.9638758210441571,"[89, 70, 77]",9
event,laboratory,1.0,"[82, 67, 75]",33,4,1.9201344905565374,"[89, 71, 76]",9
event,laboratory,1.0,"[82, 67, 75]",33,5,1.8242035663364937,"[89, 72, 76]",9
event,laboratory,1.0,"[61, 51, 82]",17,0,1.6948761538419612,"[55, 51, 87]",2
event,laboratory,1.0,"[61, 51, 82]",17,1,1.5189393520867875,"[55, 51, 87]",2
event,laboratory,1.0,"[61, 51, 82]",17,2,1.338561831392026,"[55, 51, 87]",2
event,laboratory,1.0,"[61, 51, 82]",17,3,1.4715025436298759,"[55, 51, 87]",2
event,laboratory,1.0,"[61, 51, 82]",17,4,1.4058818157164605,"[55, 51, 87]",2
event,laboratory,1.0,"[61, 51, 82]",17,5,1.315821216191201,"[54, 51, 87]",1
event,laboratory,1.0,"[61, 51, 82]",25,0,1.8473175766312293,"[73, 49, 83]",0
event,laboratory,1.0,"[61, 51, 82]",25,1,1.6550049696349618,"[73, 49, 83]",0
event,laboratory,1.0,"[61, 51, 82]",25,2,1.4951260637143162,"[73, 48, 85]",0
event,laboratory,1.0,"[61, 51, 82]",25,3,1.606754947706798,"[73, 48, 85]",0
event,laboratory,1.0,"[61, 51, 82]",25,4,1.5560983377759456,"[73, 48, 85]",0
event,laboratory,1.0,"[61, 51, 82]",25,5,1.4711603234602348,"[73, 48, 85]",0
event,laboratory,1.0,"[61, 51, 82]",33,0,1.990462168016117,"[75, 48, 83]",2
event,laboratory,1.0,"[61, 51, 82]",33,1,1.8555637703476826,"[76, 47, 84]",1
event,laboratory,1.0,"[61, 51, 82]",33,2,1.7423489718522396,"[77, 47, 83]",0
event,laboratory,1.0,"[61, 51, 82]",33,3,1.7607650886990482,"[76, 48, 83]",1
event,laboratory,1.0,"[61, 51, 82]",33,4,1.7515329385394642,"[77, 47, 83]",0
event,laboratory,1.0,"[61, 51, 82]",33,5,1.664514139018364,"[77, 48, 83]",0
event,laboratory,1.0,"[67, 80, 79]",17,0,1.8235130910616928,"[69, 86, 71]",0
event,laboratory,1.0,"[67, 80, 79]",17,1,1.686300325474125,"[69, 86, 71]",0
event,laboratory,1.0,"[67, 80, 79]",17,2,1.5963829476330866,"[60, 79, 71]",0
event,laboratory,1.0,"[67, 80, 79]",17,3,1.6184837996836026,"[60, 79, 71]",0
event,laboratory,1.0,"[67, 80, 79]",17,4,1.611844888264452,"[60, 79, 71]",0
event,laboratory,1.0,"[67, 80, 79]",17,5,1.5777184934977944,"[61, 79, 71]",0
event,laboratory,1.0,"[67, 80, 79]",25,0,1.8282725764835186,"[69, 85, 70]",3
event,laboratory,1.0,"[67, 80, 79]",25,1,1.708517840153137,"[68, 83, 68]",1
event,laboratory,1.0,"[67, 80, 79]",25,2,1.6402517660300773,"[62, 79, 67]",0
event,laboratory,1.0,"[67, 80, 79]",25,3,1.6580998463421608,"[67, 82, 67]",0
event,laboratory,1.0,"[67, 80, 79]",25,4,1.6508772586368656,"[67, 82, 67]",0
event,laboratory,1.0,"[67, 80, 79]",25,5,1.6237029795887883,"[62, 79, 67]",0
event,laboratory,1.0,"[67, 80, 79]",33,0,1.9446596602206716,"[83, 76, 67]",0
event,laboratory,1.0,"[67, 80, 79]",33,1,1.8270965927662488,"[83, 76, 69]",0
event,laboratory,1.0,"[67, 80, 79]",33,2,1.7052601914937646,"[83, 77, 69]",0
event,laboratory,1.0,"[67, 80, 79]",33,3,1.768837261147276,"[83, 76, 69]",0
event,laboratory,1.0,"[67, 80, 79]",33,4,1.7383165363529316,"[83, 77, 68]",0
event,laboratory,1.0,"[67, 80, 79]",33,5,1.6815621309876871,"[83, 75, 75]",0
event,laboratory,1.0,"[80, 62, 45]",17,0,1.5833404084489608,"[81, 58, 38]",1
event,laboratory,1.0,"[80, 62, 45]",17,1,1.4248178040084234,"[81, 58, 38]",1
event,laboratory,1.0,"[80, 62, 45]",17,2,1.2980200690854165,"[81, 58, 39]",2
event,laboratory,1.0,"[80, 62, 45]",17,3,1.3561201116689539,"[81, 58, 37]",0
event,laboratory,1.0,"[80, 62, 45]",17,4,1.3291423526826731,"[81, 58, 38]",1
event,laboratory,1.0,"[80, 62, 45]",17,5,1.2444235819412337,"[81, 58, 38]",1
event,laboratory,1.0,"[80, 62, 45]",25,0,1.8150831024736698,"[92, 50, 33]",0
event,laboratory,1.0,"[80, 62, 45]",25,1,1.7198363551150087,"[92, 50, 33]",0
event,laboratory,1.0,"[80, 62, 45]",25,2,1.6058887551013596,"[92, 50, 33]",0
event,laboratory,1.0,"[80, 62, 45]",25,3,1.6844537484457895,"[92, 50, 33]",0
event,laboratory,1.0,"[80, 62, 45]",25,4,1.6494943651557459,"[92, 50, 33]",0
event,laboratory,1.0,"[80, 62, 45]",25,5,1.5907426367834214,"[92, 50, 33]",0
event,laboratory,1.0,"[80, 62, 45]",33,0,1.8665223870786054,"[94, 46, 50]",0
event,laboratory,1.0,"[80, 62, 45]",33,1,1.8404625771685867,"[96, 46, 49]",0
event,laboratory,1.0,"[80, 62, 45]",33,2,1.798496677746657,"[96, 46, 49]",0
event,laboratory,1.0,"[80, 62, 45]",33,3,1.831851560674668,"[96, 46, 49]",0
event,laboratory,1.0,"[80, 62, 45]",33,4,1.8185396167116794,"[96, 46, 49]",0
event,laboratory,1.0,"[80, 62, 45]",33,5,1.7907803348321538,"[96, 46, 49]",0
event,laboratory,1.0,"[50, 44, 67]",17,0,1.2559801688908065,"[42, 41, 75]",0
event,laboratory,1.0,"[50, 44, 67]",17,1,1.2454819753254678,"[42, 36, 75]",0
event,laboratory,1.0,"[50, 44, 67]",17,2,1.2470164198172935,"[42, 36, 75]",0
event,laboratory,1.0,"[50, 44, 67]",17,3,1.2422572308374873,"[42, 36, 75]",0
event,laboratory,1.0,"[50, 44, 67]",17,4,1.2480480715742637,"[42, 36, 75]",0
event,laboratory,1.0,"[50, 44, 67]",17,5,1.2429790865639427,"[42, 36, 75]",0
event,laboratory,1.0,"[50, 44, 67]",25,0,1.5353630679157362,"[51, 32, 79]",0
event,laboratory,1.0,"[50, 44, 67]",25,1,1.4989924382952884,"[51, 32, 79]",0
event,laboratory,1.0,"[50, 44, 67]",25,2,1.4536679385254387,"[50, 32, 79]",0
event,laboratory,1.0,"[50, 44, 67]",25,3,1.470026839214902,"[51, 32, 79]",0
event,laboratory,1.0,"[50, 44, 67]",25,4,1.4659487235925959,"[50, 32, 79]",0
event,laboratory,1.0,"[50, 44, 67]",25,5,1.433472365370951,"[50, 32, 79]",0
event,laboratory,1.0,"[50, 44, 67]",33,0,1.611741025608463,"[51, 33, 83]",0
event,laboratory,1.0,"[50, 44, 67]",33,1,1.5387176113139451,"[52, 31, 81]",2
event,laboratory,1.0,"[50, 44, 67]",33,2,1.4926326160722505,"[51, 28, 78]",0
event,laboratory,1.0,"[50, 44, 67]",33,3,1.518176962973412,"[51, 28, 78]",0
event,laboratory,1.0,"[50, 44, 67]",33,4,1.5087547318148642,"[51, 28, 78]",0
event,laboratory,1.0,"[50, 44, 67]",33,5,1.4837060641001993,"[51, 28, 78]",0
event,laboratory,1.0,"[51, 80, 54]",17,0,1.4769962608428333,"[59, 78, 62]",0
event,laboratory,1.0,"[51, 80, 54]",17,1,1.4418123995841723,"[59, 78, 62]",0
event,laboratory,1.0,"[51, 80, 54]",17,2,1.415188265029982,"[59, 78, 62]",0
event,laboratory,1.0,"[51, 80, 54]",17,3,1.412290750986582,"[59, 78, 62]",0
event,laboratory,1.0,"[51, 80, 54]",17,4,1.418401153001847,"[59, 78, 62]",0
event,laboratory,1.0,"[51, 80, 54]",17,5,1.3878139813546921,"[59, 78, 62]",0
event,laboratory,1.0,"[51, 80, 54]",25,0,1.7151849194025255,"[63, 77, 65]",0
event,laboratory,1.0,"[51, 80, 54]",25,1,1.670355792243465,"[63, 78, 65]",0
event,laboratory,1.0,"[51, 80, 54]",25,2,1.6408259552903346,"[63, 79, 65]",0
event,laboratory,1.0,"[51, 80, 54]",25,3,1.650719146403715,"[63, 78, 65]",0
event,laboratory,1.0,"[51, 80, 54]",25,4,1.6504611705958994,"[63, 79, 65]",0
event,laboratory,1.0,"[51, 80, 54]",25,5,1.6246807418229827,"[63, 79, 66]",0
event,laboratory,1.0,"[51, 80, 54]",33,0,1.7373437282887303,"[65, 82, 63]",2
event,laboratory,1.0,"[51, 80, 54]",33,1,1.680936984028934,"[67, 82, 67]",0
event,laboratory,1.0,"[51, 80, 54]",33,2,1.6408259552903346,"[63, 79, 65]",4
event,laboratory,1.0,"[51, 80, 54]",33,3,1.662717265880378,"[67, 82, 66]",0
event,laboratory,1.0,"[51, 80, 54]",33,4,1.6520984875970028,"[67, 82, 66]",0
event,laboratory,1.0,"[51, 80, 54]",33,5,1.6246807418229827,"[63, 79, 66]",4
central,laboratory,1.5,64_64_64,32,0,1.8677365107695112,"[79, 48, 79]",0
central,laboratory,1.5,64_64_64,32,1,1.7595008519242996,"[79, 48, 79]",0
central,laboratory,1.5,64_64_64,32,2,1.6399387830250935,"[79, 48, 79]",0
central,laboratory,1.5,64_64_64,32,3,1.6753036956047773,"[79, 49, 78]",0
central,laboratory,1.5,64_64_64,32,4,1.6524119370919144,"[79, 48, 79]",0
central,laboratory,1.5,64_64_64,32,5,1.5583398444177419,"[63, 79, 67]",0
central,laboratory,1.5,64_64_64,48,0,2.080310763115811,"[87, 73, 74]",0
central,laboratory,1.5,64_64_64,48,1,1.8911673011343424,"[87, 73, 75]",0
central,laboratory,1.5,64_64_64,48,2,1.7469965810041723,"[87, 40, 48]",0
central,laboratory,1.5,64_64_64,48,3,1.8250974222276555,"[87, 72, 76]",0
central,laboratory,1.5,64_64_64,48,4,1.7775256162494155,"[87, 74, 75]",0
central,laboratory,1.5,64_64_64,48,5,1.6834834444370668,"[87, 40, 48]",0
central,laboratory,1.5,64_64_64,64,0,2.270792839598196,"[85, 32, 49]",0
central,laboratory,1.5,64_64_64,64,1,2.067117238857693,"[85, 32, 48]",0
central,laboratory,1.5,64_64_64,64,2,1.9878126413152986,"[86, 32, 45]",0
central,laboratory,1.5,64_64_64,64,3,1.9862609691787594,"[85, 32, 32]",0
central,laboratory,1.5,64_64_64,64,4,1.985607296809359,"[85, 32, 32]",0
central,laboratory,1.5,64_64_64,64,5,1.9210164853865663,"[85, 32, 32]",0
event,laboratory,1.5,"[65, 82, 63]",17,0,1.8282725764835186,"[69, 85, 70]",1
event,laboratory,1.5,"[65, 82, 63]",17,1,1.6520984875970028,"[67, 82, 66]",5
event,laboratory,1.5,"[65, 82, 63]",17,2,1.5856252643851256,"[63, 79, 67]",4
event,laboratory,1.5,"[65, 82, 63]",17,3,1.6224095057437504,"[65, 80, 65]",6
event,laboratory,1.5,"[65, 82, 63]",17,4,1.6101604234619062,"[64, 80, 66]",5
event,laboratory,1.5,"[65, 82, 63]",17,5,1.5594034527303506,"[64, 80, 66]",5
event,laboratory,1.5,"[65, 82, 63]",25,0,1.8282725764835186,"[69, 85, 70]",5
event,laboratory,1.5,"[65, 82, 63]",25,1,1.6520984875970028,"[67, 82, 66]",9
event,laboratory,1.5,"[65, 82, 63]",25,2,1.5856252643851256,"[63, 79, 67]",8
event,laboratory,1.5,"[65, 82, 63]",25,3,1.6224095057437504,"[65, 80, 65]",10
event,laboratory,1.5,"[65, 82, 63]",25,4,1.6101604234619062,"[64, 80, 66]",9
event,laboratory,1.5,"[65, 82, 63]",25,5,1.5594034527303506,"[64, 80, 66]",9
event,laboratory,1.5,"[65, 82, 63]",33,0,1.8282725764835186,"[69, 85, 70]",9
event,laboratory,1.5,"[65, 82, 63]",33,1,1.6520984875970028,"[67, 82, 66]",13
event,laboratory,1.5,"[65, 82, 63]",33,2,1.5856252643851256,"[63, 79, 67]",12
event,laboratory,1.5,"[65, 82, 63]",33,3,1.6224095057437504,"[65, 80, 65]",14
event,laboratory,1.5,"[65, 82, 63]",33,4,1.6101604234619062,"[64, 80, 66]",13
event,laboratory,1.5,"[65, 82, 63]",33,5,1.5594034527303506,"[64, 80, 66]",13
event,laboratory,1.5,"[82, 67, 75]",17,0,2.213389299815148,"[90, 69, 78]",0
event,laboratory,1.5,"[82, 67, 75]",17,1,1.9201344905565374,"[89, 71, 76]",1
event,laboratory,1.5,"[82, 67, 75]",17,2,1.7140791356291243,"[88, 74, 75]",1
event,laboratory,1.5,"[82, 67, 75]",17,3,1.8417537198420113,"[89, 72, 76]",1
event,laboratory,1.5,"[82, 67, 75]",17,4,1.7828849104477293,"[88, 73, 75]",2
event,laboratory,1.5,"[82, 67, 75]",17,5,1.6733036025742325,"[88, 74, 75]",1
event,laboratory,1.5,"[82, 67, 75]",25,0,2.213389299815148,"[90, 69, 78]",4
event,laboratory,1.5,"[82, 67, 75]",25,1,1.9201344905565374,"[89, 71, 76]",5
event,laboratory,1.5,"[82, 67, 75]",25,2,1.7140791356291243,"[88, 74, 75]",5
event,laboratory,1.5,"[82, 67, 75]",25,3,1.8417537198420113,"[89, 72, 76]",5
event,laboratory,1.5,"[82, 67, 75]",25,4,1.7828849104477293,"[88, 73, 75]",6
event,laboratory,1.5,"[82, 67, 75]",25,5,1.6733036025742325,"[88, 74, 75]",5
event,laboratory,1.5,"[82, 67, 75]",33,0,2.213389299815148,"[90, 69, 78]",8
event,laboratory,1.5,"[82, 67, 75]",33,1,1.9201344905565374,"[89, 71, 76]",9
event,laboratory,1.5,"[82, 67, 75]",33,2,1.7140791356291243,"[88, 74, 75]",9
event,laboratory,1.5,"[82, 67, 75]",33,3,1.8417537198420113,"[89, 72, 76]",9
event,laboratory,1.5,"[82, 67, 75]",33,4,1.7828849104477293,"[88, 73, 75]",10
event,laboratory,1.5,"[82, 67, 75]",33,5,1.6733036025742325,"[88, 74, 75]",9
event,laboratory,1.5,"[61, 51, 82]",17,0,1.6948761538419612,"[55, 51, 87]",2
event,laboratory,1.5,"[61, 51, 82]",17,1,1.4058818157164605,"[55, 51, 87]",2
event,laboratory,1.5,"[61, 51, 82]",17,2,1.2141046677228542,"[53, 51, 88]",0
event,laboratory,1.5,"[61, 51, 82]",17,3,1.3568212592563407,"[53, 51, 88]",0
event,laboratory,1.5,"[61, 51, 82]",17,4,1.2807734847670622,"[53, 51, 88]",0
event,laboratory,1.5,"[61, 51, 82]",17,5,1.2029700227502225,"[53, 51, 88]",0
event,laboratory,1.5,"[61, 51, 82]",25,0,1.8473175766312293,"[73, 49, 83]",0
event,laboratory,1.5,"[61, 51, 82]",25,1,1.5560983377759456,"[73, 48, 85]",0
event,laboratory,1.5,"[61, 51, 82]",25,2,1.4312578025169607,"[73, 61, 94]",0
event,laboratory,1.5,"[61, 51, 82]",25,3,1.4947976668008385,"[73, 48, 85]",0
event,laboratory,1.5,"[61, 51, 82]",25,4,1.4434213355184529,"[73, 61, 94]",0
event,laboratory,1.5,"[61, 51, 82]",25,5,1.3979234079861735,"[73, 62, 94]",0
event,laboratory,1.5,"[61, 51, 82]",33,0,1.990462168016117,"[75, 48, 83]",2
event,laboratory,1.5,"[61, 51, 82]",33,1,1.7515329385394642,"[77, 47, 83]",0
event,laboratory,1.5,"[61, 51, 82]",33,2,1.6152091498652932,"[77, 47, 84]",0
event,laboratory,1.5,"[61, 51, 82]",33,3,1.6223826289322583,"[77, 48, 83]",0
event,laboratory,1.5,"[61, 51, 82]",33,4,1.62458582513226,"[77, 48, 83]",0
event,laboratory,1.5,"[61, 51, 82]",33,5,1.5157977480890077,"[77, 48, 84]",0
event,laboratory,1.5,"[67, 80, 79]",17,0,1.8235130910616928,"[69, 86, 71]",0
event,laboratory,1.5,"[67, 80, 79]",17,1,1.611844888264452,"[60, 79, 71]",0
event,laboratory,1.5,"[67, 80, 79]",17,2,1.5413277609898002,"[61, 79, 71]",0
event,laboratory,1.5,"[67, 80, 79]",17,3,1.5708916649452191,"[61, 79, 71]",0
event,laboratory,1.5,"[67, 80, 79]",17,4,1.5622772508887963,"[61, 79, 71]",0
event,laboratory,1.5,"[67, 80, 79]",17,5,1.5135979635217045,"[61, 79, 71]",0
event,laboratory,1.5,"[67, 80, 79]",25,0,1.8282725764835186,"[69, 85, 70]",3
event,laboratory,1.5,"[67, 80, 79]",25,1,1.6508772586368656,"[67, 82, 67]",0
event,laboratory,1.5,"[67, 80, 79]",25,2,1.5856252643851256,"[63, 79, 67]",0
event,laboratory,1.5,"[67, 80, 79]",25,3,1.6170438912294713,"[62, 79, 67]",0
event,laboratory,1.5,"[67, 80, 79]",25,4,1.6089757881352325,"[63, 79, 67]",0
event,laboratory,1.5,"[67, 80, 79]",25,5,1.558717441192632,"[64, 80, 67]",0
event,laboratory,1.5,"[67, 80, 79]",33,0,1.9446596602206716,"[83, 76, 67]",0
event,laboratory,1.5,"[67, 80, 79]",33,1,1.7383165363529316,"[83, 77, 68]",0
event,laboratory,1.5,"[67, 80, 79]",33,2,1.6372717225439806,"[83, 77, 73]",0
event,laboratory,1.5,"[67, 80, 79]",33,3,1.6851230561716593,"[83, 74, 75]",0
event,laboratory,1.5,"[67, 80, 79]",33,4,1.6634368114181404,"[83, 76, 74]",0
event,laboratory,1.5,"[67, 80, 79]",33,5,1.6039632662943824,"[83, 77, 74]",0
event,laboratory,1.5,"[80, 62, 45]",17,0,1.5833404084489608,"[81, 58, 38]",1
event,laboratory,1.5,"[80, 62, 45]",17,1,1.3291423526826731,"[81, 58, 38]",1
event,laboratory,1.5,"[80, 62, 45]",17,2,1.1910872717841952,"[88, 54, 53]",0
event,laboratory,1.5,"[80, 62, 45]",17,3,1.2494500522707035,"[82, 58, 37]",0
event,laboratory,1.5,"[80, 62, 45]",17,4,1.2097268050477785,"[82, 58, 37]",0
event,laboratory,1.5,"[80, 62, 45]",17,5,1.1872726937580376,"[88, 54, 53]",0
event,laboratory,1.5,"[80, 62, 45]",25,0,1.8150831024736698,"[92, 50, 33]",0
event,laboratory,1.5,"[80, 62, 45]",25,1,1.6494943651557459,"[92, 50, 33]",0
event,laboratory,1.5,"[80, 62, 45]",25,2,1.531246395490144,"[92, 50, 55]",0
event,laboratory,1.5,"[80, 62, 45]",25,3,1.6068860527707403,"[92, 50, 33]",0
event,laboratory,1.5,"[80, 62, 45]",25,4,1.565339248642712,"[92, 50, 33]",0
event,laboratory,1.5,"[80, 62, 45]",25,5,1.5201693282792323,"[92, 50, 56]",0
event,laboratory,1.5,"[80, 62, 45]",33,0,1.8665223870786054,"[94, 46, 50]",0
event,laboratory,1.5,"[80, 62, 45]",33,1,1.8185396167116794,"[96, 46, 49]",0
event,laboratory,1.5,"[80, 62, 45]",33,2,1.7480089510986572,"[96, 46, 49]",0
event,laboratory,1.5,"[80, 62, 45]",33,3,1.7994844575158515,"[96, 46, 49]",0
event,laboratory,1.5,"[80, 62, 45]",33,4,1.7761798740549994,"[96, 46, 49]",0
event,laboratory,1.5,"[80, 62, 45]",33,5,1.7319145802752203,"[96, 46, 49]",0
event,laboratory,1.5,"[50, 44, 67]",17,0,1.2559801688908065,"[42, 41, 75]",0
event,laboratory,1.5,"[50, 44, 67]",17,1,1.2480480715742637,"[42, 36, 75]",0
event,laboratory,1.5,"[50, 44, 67]",17,2,1.231862293161188,"[42, 36, 75]",0
event,laboratory,1.5,"[50, 44, 67]",17,3,1.228089978137669,"[42, 36, 75]",0
event,laboratory,1.5,"[50, 44, 67]",17,4,1.2384036782643733,"[42, 36, 75]",0
event,laboratory,1.5,"[50, 44, 67]",17,5,1.220105158758977,"[42, 36, 75]",0
event,laboratory,1.5,"[50, 44, 67]",25,0,1.5353630679157362,"[51, 32, 79]",0
event,laboratory,1.5,"[50, 44, 67]",25,1,1.4659487235925959,"[50, 32, 79]",0
event,laboratory,1.5,"[50, 44, 67]",25,2,1.3940319298481396,"[50, 32, 79]",0
event,laboratory,1.5,"[50, 44, 67]",25,3,1.4273066808714696,"[50, 32, 79]",0
event,laboratory,1.5,"[50, 44, 67]",25,4,1.4167355710639316,"[50, 32, 79]",0
event,laboratory,1.5,"[50, 44, 67]",25,5,1.370137018469643,"[49, 32, 79]",0
event,laboratory,1.5,"[50, 44, 67]",33,0,1.611741025608463,"[51, 33, 83]",0
event,laboratory,1.5,"[50, 44, 67]",33,1,1.5087547318148642,"[51, 28, 78]",0
event,laboratory,1.5,"[50, 44, 67]",33,2,1.4390568226093292,"[51, 28, 78]",0
event,laboratory,1.5,"[50, 44, 67]",33,3,1.4914436918255014,"[49, 28, 77]",0
event,laboratory,1.5,"[50, 44, 67]",33,4,1.4692604978853576,"[50, 28, 78]",0
event,laboratory,1.5,"[50, 44, 67]",33,5,1.4295136247286644,"[48, 28, 77]",0
event,laboratory,1.5,"[51, 80, 54]",17,0,1.4769962608428333,"[59, 78, 62]",0
event,laboratory,1.5,"[51, 80, 54]",17,1,1.418401153001847,"[59, 78, 62]",0
event,laboratory,1.5,"[51, 80, 54]",17,2,1.3744485221666871,"[59, 78, 62]",0
event,laboratory,1.5,"[51, 80, 54]",17,3,1.357027105198253,"[59, 79, 62]",0
event,laboratory,1.5,"[51, 80, 54]",17,4,1.3711648333960573,"[59, 78, 62]",0
event,laboratory,1.5,"[51, 80, 54]",17,5,1.3205975066268136,"[59, 79, 62]",0
event,laboratory,1.5,"[51, 80, 54]",25,0,1.7151849194025255,"[63, 77, 65]",0
event,laboratory,1.5,"[51, 80, 54]",25,1,1.6504611705958994,"[63, 79, 65]",0
event,laboratory,1.5,"[51, 80, 54]",25,2,1.5844370531827103,"[63, 79, 66]",0
event,laboratory,1.5,"[51, 80, 54]",25,3,1.6193232379713154,"[63, 79, 66]",0
event,laboratory,1.5,"[51, 80, 54]",25,4,1.609447829259347,"[63, 79, 66]",0
event,laboratory,1.5,"[51, 80, 54]",25,5,1.5548628654034746,"[63, 80, 66]",0
event,laboratory,1.5,"[51, 80, 54]",33,0,1.7373437282887303,"[65, 82, 63]",2
event,laboratory,1.5,"[51, 80, 54]",33,1,1.6520984875970028,"[67, 82, 66]",0
event,laboratory,1.5,"[51, 80, 54]",33,2,1.5856252643851256,"[63, 79, 67]",3
event,laboratory,1.5,"[51, 80, 54]",33,3,1.6224095057437504,"[65, 80, 65]",2
event,laboratory,1.5,"[51, 80, 54]",33,4,1.6101604234619062,"[64, 80, 66]",3
event,laboratory,1.5,"[51, 80, 54]",33,5,1.5594034527303506,"[64, 80, 66]",3
central,laboratory,2.0,64_64_64,32,0,1.8677365107695112,"[79, 48, 79]",0
central,laboratory,2.0,64_64_64,32,1,1.6893427593874617,"[79, 48, 79]",0
central,laboratory,2.0,64_64_64,32,2,1.5506001290696385,"[79, 48, 79]",0
central,laboratory,2.0,64_64_64,32,3,1.5748723863273437,"[64, 79, 66]",0
central,laboratory,2.0,64_64_64,32,4,1.5583398444177419,"[63, 79, 67]",0
central,laboratory,2.0,64_64_64,32,5,1.4763850279133481,"[63, 79, 68]",0
central,laboratory,2.0,64_64_64,48,0,2.080310763115811,"[87, 73, 74]",0
central,laboratory,2.0,64_64_64,48,1,1.814671883310362,"[87, 73, 75]",0
central,laboratory,2.0,64_64_64,48,2,1.6665933679168734,"[87, 40, 47]",0
central,laboratory,2.0,64_64_64,48,3,1.7360067980814236,"[87, 73, 76]",0
central,laboratory,2.0,64_64_64,48,4,1.6834834444370668,"[87, 40, 48]",0
central,laboratory,2.0,64_64_64,48,5,1.589918667581873,"[87, 40, 47]",0
central,laboratory,2.0,64_64_64,64,0,2.270792839598196,"[85, 32, 49]",0
central,laboratory,2.0,64_64_64,64,1,2.010609501886198,"[85, 32, 32]",0
central,laboratory,2.0,64_64_64,64,2,1.9240498040099665,"[86, 32, 44]",0
central,laboratory,2.0,64_64_64,64,3,1.9148440174026116,"[85, 32, 32]",0
central,laboratory,2.0,64_64_64,64,4,1.9210164853865663,"[85, 32, 32]",0
central,laboratory,2.0,64_64_64,64,5,1.8741514376231656,"[32, 95, 32]",0
event,laboratory,2.0,"[65, 82, 63]",17,0,1.8282725764835186,"[69, 85, 70]",1
event,laboratory,2.0,"[65, 82, 63]",17,1,1.6246807418229827,"[63, 79, 66]",5
event,laboratory,2.0,"[65, 82, 63]",17,2,1.522413318278815,"[64, 80, 67]",4
event,laboratory,2.0,"[65, 82, 63]",17,3,1.5781354973766644,"[65, 80, 65]",6
event,laboratory,2.0,"[65, 82, 63]",17,4,1.5594034527303506,"[64, 80, 66]",5
event,laboratory,2.0,"[65, 82, 63]",17,5,1.4793990644901343,"[64, 80, 67]",4
event,laboratory,2.0,"[65, 82, 63]",25,0,1.8282725764835186,"[69, 85, 70]",5
event,laboratory,2.0,"[65, 82, 63]",25,1,1.6246807418229827,"[63, 79, 66]",9
event,laboratory,2.0,"[65, 82, 63]",25,2,1.522413318278815,"[64, 80, 67]",8
event,laboratory,2.0,"[65, 82, 63]",25,3,1.5781354973766644,"[65, 80, 65]",10
event,laboratory,2.0,"[65, 82, 63]",25,4,1.5594034527303506,"[64, 80, 66]",9
event,laboratory,2.0,"[65, 82, 63]",25,5,1.4793990644901343,"[64, 80, 67]",8
event,laboratory,2.0,"[65, 82, 63]",33,0,1.8282725764835186,"[69, 85, 70]",9
event,laboratory,2.0,"[65, 82, 63]",33,1,1.6246807418229827,"[63, 79, 66]",13
event,laboratory,2.0,"[65, 82, 63]",33,2,1.534197631053824,"[81, 81, 69]",0
event,laboratory,2.0,"[65, 82, 63]",33,3,1.5781354973766644,"[65, 80, 65]",14
event,laboratory,2.0,"[65, 82, 63]",33,4,1.5594034527303506,"[64, 80, 66]",13
event,laboratory,2.0,"[65, 82, 63]",33,5,1.51401495216806,"[81, 81, 69]",0
event,laboratory,2.0,"[82, 67, 75]",17,0,2.213389299815148,"[90, 69, 78]",0
event,laboratory,2.0,"[82, 67, 75]",17,1,1.8242035663364937,"[89, 72, 76]",1
event,laboratory,2.0,"[82, 67, 75]",17,2,1.602544849249625,"[87, 75, 74]",0
event,laboratory,2.0,"[82, 67, 75]",17,3,1.749948955028405,"[89, 73, 76]",1
event,laboratory,2.0,"[82, 67, 75]",17,4,1.6733036025742325,"[88, 74, 75]",1
event,laboratory,2.0,"[82, 67, 75]",17,5,1.567282599420241,"[89, 75, 74]",0
event,laboratory,2.0,"[82, 67, 75]",25,0,2.213389299815148,"[90, 69, 78]",4
event,laboratory,2.0,"[82, 67, 75]",25,1,1.8242035663364937,"[89, 72, 76]",5
event,laboratory,2.0,"[82, 67, 75]",25,2,1.6134444647097614,"[86, 77, 73]",2
event,laboratory,2.0,"[82, 67, 75]",25,3,1.749948955028405,"[89, 73, 76]",5
event,laboratory,2.0,"[82, 67, 75]",25,4,1.6733036025742325,"[88, 74, 75]",5
event,laboratory,2.0,"[82, 67, 75]",25,5,1.573607026038028,"[88, 77, 73]",2
event,laboratory,2.0,"[82, 67, 75]",33,0,2.213389299815148,"[90, 69, 78]",8
event,laboratory,2.0,"[82, 67, 75]",33,1,1.8242035663364937,"[89, 72, 76]",9
event,laboratory,2.0,"[82, 67, 75]",33,2,1.633389603392267,"[98, 51, 59]",0
event,laboratory,2.0,"[82, 67, 75]",33,3,1.749948955028405,"[89, 73, 76]",9
event,laboratory,2.0,"[82, 67, 75]",33,4,1.6733036025742325,"[88, 74, 75]",9
event,laboratory,2.0,"[82, 67, 75]",33,5,1.590500830605079,"[98, 76, 74]",0
event,laboratory,2.0,"[61, 51, 82]",17,0,1.6948761538419612,"[55, 51, 87]",2
event,laboratory,2.0,"[61, 51, 82]",17,1,1.315821216191201,"[54, 51, 87]",1
event,laboratory,2.0,"[61, 51, 82]",17,2,1.1483770253123808,"[53, 50, 89]",0
event,laboratory,2.0,"[61, 51, 82]",17,3,1.2787452713143763,"[53, 51, 87]",0
event,laboratory,2.0,"[61, 51, 82]",17,4,1.2029700227502225,"[53, 51, 88]",0
event,laboratory,2.0,"[61, 51, 82]",17,5,1.1361921496732212,"[53, 50, 90]",0
event,laboratory,2.0,"[61, 51, 82]",25,0,1.8473175766312293,"[73, 49, 83]",0
event,laboratory,2.0,"[61, 51, 82]",25,1,1.4711603234602348,"[73, 48, 85]",0
event,laboratory,2.0,"[61, 51, 82]",25,2,1.3756233050185926,"[73, 61, 94]",0
event,laboratory,2.0,"[61, 51, 82]",25,3,1.4057892372703062,"[73, 62, 94]",0
event,laboratory,2.0,"[61, 51, 82]",25,4,1.3979234079861735,"[73, 62, 94]",0
event,laboratory,2.0,"[61, 51, 82]",25,5,1.333245478705101,"[73, 62, 94]",0
event,laboratory,2.0,"[61, 51, 82]",33,0,1.990462168016117,"[75, 48, 83]",2
event,laboratory,2.0,"[61, 51, 82]",33,1,1.664514139018364,"[77, 48, 83]",0
event,laboratory,2.0,"[61, 51, 82]",33,2,1.5116737985389488,"[77, 48, 84]",0
event,laboratory,2.0,"[61, 51, 82]",33,3,1.5126551715389287,"[77, 48, 84]",0
event,laboratory,2.0,"[61, 51, 82]",33,4,1.5157977480890077,"[77, 48, 84]",0
event,laboratory,2.0,"[61, 51, 82]",33,5,1.4334769450934297,"[77, 62, 97]",0
event,laboratory,2.0,"[67, 80, 79]",17,0,1.8235130910616928,"[69, 86, 71]",0
event,laboratory,2.0,"[67, 80, 79]",17,1,1.5777184934977944,"[61, 79, 71]",0
event,laboratory,2.0,"[67, 80, 79]",17,2,1.4850637037183332,"[62, 79, 71]",0
event,laboratory,2.0,"[67, 80, 79]",17,3,1.5225723971924512,"[61, 79, 71]",0
event,laboratory,2.0,"[67, 80, 79]",17,4,1.5135979635217045,"[61, 79, 71]",0
event,laboratory,2.0,"[67, 80, 79]",17,5,1.4484508167204144,"[62, 80, 71]",0
event,laboratory,2.0,"[67, 80, 79]",25,0,1.8282725764835186,"[69, 85, 70]",3
event,laboratory,2.0,"[67, 80, 79]",25,1,1.6237029795887883,"[62, 79, 67]",0
event,laboratory,2.0,"[67, 80, 79]",25,2,1.522413318278815,"[64, 80, 67]",0
event,laboratory,2.0,"[67, 80, 79]",25,3,1.5734349008415767,"[63, 80, 67]",0
event,laboratory,2.0,"[67, 80, 79]",25,4,1.558717441192632,"[64, 80, 67]",0
event,laboratory,2.0,"[67, 80, 79]",25,5,1.4793990644901343,"[64, 80, 67]",0
event,laboratory,2.0,"[67, 80, 79]",33,0,1.9446596602206716,"[83, 76, 67]",0
event,laboratory,2.0,"[67, 80, 79]",33,1,1.6815621309876871,"[83, 75, 75]",0
event,laboratory,2.0,"[67, 80, 79]",33,2,1.5812426467278906,"[83, 80, 70]",0
event,laboratory,2.0,"[67, 80, 79]",33,3,1.637193364921959,"[83, 75, 75]",0
event,laboratory,2.0,"[67, 80, 79]",33,4,1.6039632662943824,"[83, 77, 74]",0
event,laboratory,2.0,"[67, 80, 79]",33,5,1.5449297085758436,"[83, 81, 70]",0
event,laboratory,2.0,"[80, 62, 45]",17,0,1.5833404084489608,"[81, 58, 38]",1
event,laboratory,2.0,"[80, 62, 45]",17,1,1.2444235819412337,"[81, 58, 38]",1
event,laboratory,2.0,"[80, 62, 45]",17,2,1.168645343597604,"[88, 54, 53]",0
event,laboratory,2.0,"[80, 62, 45]",17,3,1.2163950559773706,"[88, 54, 53]",0
event,laboratory,2.0,"[80, 62, 45]",17,4,1.1872726937580376,"[88, 54, 53]",0
event,laboratory,2.0,"[80, 62, 45]",17,5,1.171486893206746,"[88, 54, 53]",0
event,laboratory,2.0,"[80, 62, 45]",25,0,1.8150831024736698,"[92, 50, 33]",0
event,laboratory,2.0,"[80, 62, 45]",25,1,1.5907426367834214,"[92, 50, 33]",0
event,laboratory,2.0,"[80, 62, 45]",25,2,1.5145615182873917,"[92, 50, 57]",0
event,laboratory,2.0,"[80, 62, 45]",25,3,1.543133296329118,"[92, 50, 33]",0
event,laboratory,2.0,"[80, 62, 45]",25,4,1.5201693282792323,"[92, 50, 56]",0
event,laboratory,2.0,"[80, 62, 45]",25,5,1.4960211048875998,"[92, 50, 57]",0
event,laboratory,2.0,"[80, 62, 45]",33,0,1.8665223870786054,"[94, 46, 50]",0
event,laboratory,2.0,"[80, 62, 45]",33,1,1.7907803348321538,"[96, 46, 49]",0
event,laboratory,2.0,"[80, 62, 45]",33,2,1.7009735016427852,"[96, 46, 49]",0
event,laboratory,2.0,"[80, 62, 45]",33,3,1.7574112312203738,"[96, 46, 49]",0
event,laboratory,2.0,"[80, 62, 45]",33,4,1.7319145802752203,"[96, 46, 49]",0
event,laboratory,2.0,"[80, 62, 45]",33,5,1.6716778988978702,"[96, 46, 50]",0
event,laboratory,2.0,"[50, 44, 67]",17,0,1.2559801688908065,"[42, 41, 75]",0
event,laboratory,2.0,"[50, 44, 67]",17,1,1.2429790865639427,"[42, 36, 75]",0
event,laboratory,2.0,"[50, 44, 67]",17,2,1.2089107799279355,"[42, 36, 75]",0
event,laboratory,2.0,"[50, 44, 67]",17,3,1.208902904499009,"[42, 36, 75]",0
event,laboratory,2.0,"[50, 44, 67]",17,4,1.220105158758977,"[42, 36, 75]",0
event,laboratory,2.0,"[50, 44, 67]",17,5,1.1899480894642902,"[42, 36, 75]",0
event,laboratory,2.0,"[50, 44, 67]",25,0,1.5353630679157362,"[51, 32, 79]",0
event,laboratory,2.0,"[50, 44, 67]",25,1,1.433472365370951,"[50, 32, 79]",0
event,laboratory,2.0,"[50, 44, 67]",25,2,1.3361090790574066,"[49, 32, 79]",0
event,laboratory,2.0,"[50, 44, 67]",25,3,1.3895595301212635,"[49, 32, 79]",0
event,laboratory,2.0,"[50, 44, 67]",25,4,1.370137018469643,"[49, 32, 79]",0
event,laboratory,2.0,"[50, 44, 67]",25,5,1.3189632956664812,"[46, 32, 79]",0
event,laboratory,2.0,"[50, 44, 67]",33,0,1.611741025608463,"[51, 33, 83]",0
event,laboratory,2.0,"[50, 44, 67]",33,1,1.4837060641001993,"[51, 28, 78]",0
event,laboratory,2.0,"[50, 44, 67]",33,2,1.3881079558563627,"[47, 28, 77]",0
event,laboratory,2.0,"[50, 44, 67]",33,3,1.4639905285561812,"[48, 28, 77]",0
event,laboratory,2.0,"[50, 44, 67]",33,4,1.4295136247286644,"[48, 28, 77]",0
event,laboratory,2.0,"[50, 44, 67]",33,5,1.3783246970850356,"[46, 28, 77]",0
event,laboratory,2.0,"[51, 80, 54]",17,0,1.4769962608428333,"[59, 78, 62]",0
event,laboratory,2.0,"[51, 80, 54]",17,1,1.3878139813546921,"[59, 78, 62]",0
event,laboratory,2.0,"[51, 80, 54]",17,2,1.3229100042965138,"[59, 78, 62]",0
event,laboratory,2.0,"[51, 80, 54]",17,3,1.3082855967059648,"[59, 79, 62]",0
event,laboratory,2.0,"[51, 80, 54]",17,4,1.3205975066268136,"[59, 79, 62]",0
event,laboratory,2.0,"[51, 80, 54]",17,5,1.256972045173842,"[59, 79, 62]",0
event,laboratory,2.0,"[51, 80, 54]",25,0,1.7151849194025255,"[63, 77, 65]",0
event,laboratory,2.0,"[51, 80, 54]",25,1,1.6246807418229827,"[63, 79, 66]",0
event,laboratory,2.0,"[51, 80, 54]",25,2,1.5172327307633917,"[63, 80, 66]",0
event,laboratory,2.0,"[51, 80, 54]",25,3,1.5732296720276275,"[63, 79, 66]",0
event,laboratory,2.0,"[51, 80, 54]",25,4,1.5548628654034746,"[63, 80, 66]",0
event,laboratory,2.0,"[51, 80, 54]",25,5,1.471140615248682,"[63, 80, 66]",0
event,laboratory,2.0,"[51, 80, 54]",33,0,1.7373437282887303,"[65, 82, 63]",2
event,laboratory,2.0,"[51, 80, 54]",33,1,1.6246807418229827,"[63, 79, 66]",4
event,laboratory,2.0,"[51, 80, 54]",33,2,1.5688643759310588,"[35, 96, 38]",0
event,laboratory,2.0,"[51, 80, 54]",33,3,1.5781354973766644,"[65, 80, 65]",2
event,laboratory,2.0,"[51, 80, 54]",33,4,1.5594034527303506,"[64, 80, 66]",3
event,laboratory,2.0,"[51, 80, 54]",33,5,1.5117996656594075,"[35, 96, 38]",0
central,original_64_mean_subtracted,0.5,64_64_64,32,0,1.2345824789283133,"[79, 48, 79]",0
central,original_64_mean_subtracted,0.5,64_64_64,32,1,1.227728799542024,"[79, 48, 79]",0
central,original_64_mean_subtracted,0.5,64_64_64,32,2,1.2017718985704375,"[79, 48, 79]",0
central,original_64_mean_subtracted,0.5,64_64_64,32,3,1.2234148982953081,"[79, 48, 79]",0
central,original_64_mean_subtracted,0.5,64_64_64,32,4,1.2139975463544,"[79, 48, 79]",0
central,original_64_mean_subtracted,0.5,64_64_64,32,5,1.195850665525986,"[79, 48, 79]",0
central,original_64_mean_subtracted,0.5,64_64_64,48,0,1.4546031207451233,"[75, 48, 83]",4
central,original_64_mean_subtracted,0.5,64_64_64,48,1,1.4184513965672694,"[76, 47, 83]",4
central,original_64_mean_subtracted,0.5,64_64_64,48,2,1.3635081804703457,"[76, 47, 83]",4
central,original_64_mean_subtracted,0.5,64_64_64,48,3,1.3703825264194096,"[40, 87, 40]",0
central,original_64_mean_subtracted,0.5,64_64_64,48,4,1.3680695874609614,"[76, 47, 83]",4
central,original_64_mean_subtracted,0.5,64_64_64,48,5,1.338907623430763,"[40, 87, 40]",0
central,original_64_mean_subtracted,0.5,64_64_64,64,0,2.0890644187301164,"[32, 82, 32]",0
central,original_64_mean_subtracted,0.5,64_64_64,64,1,2.0730807876497543,"[32, 82, 32]",0
central,original_64_mean_subtracted,0.5,64_64_64,64,2,2.032511548922436,"[32, 82, 32]",0
central,original_64_mean_subtracted,0.5,64_64_64,64,3,2.0704808616416273,"[32, 82, 32]",0
central,original_64_mean_subtracted,0.5,64_64_64,64,4,2.0518098900449164,"[32, 82, 32]",0
central,original_64_mean_subtracted,0.5,64_64_64,64,5,2.0311301773766273,"[32, 82, 32]",0
event,original_64_mean_subtracted,0.5,"[56, 53, 83]",17,0,1.2375061984238642,"[56, 53, 83]",8
event,original_64_mean_subtracted,0.5,"[56, 53, 83]",17,1,1.2010446945910471,"[56, 52, 83]",7
event,original_64_mean_subtracted,0.5,"[56, 53, 83]",17,2,1.1347930128424377,"[56, 52, 83]",7
event,original_64_mean_subtracted,0.5,"[56, 53, 83]",17,3,1.1691533459539625,"[56, 52, 83]",7
event,original_64_mean_subtracted,0.5,"[56, 53, 83]",17,4,1.1568164014466915,"[56, 52, 83]",7
event,original_64_mean_subtracted,0.5,"[56, 53, 83]",17,5,1.110692103951034,"[56, 52, 83]",7
event,original_64_mean_subtracted,0.5,"[56, 53, 83]",25,0,1.2375061984238642,"[56, 53, 83]",12
event,original_64_mean_subtracted,0.5,"[56, 53, 83]",25,1,1.2010446945910471,"[56, 52, 83]",11
event,original_64_mean_subtracted,0.5,"[56, 53, 83]",25,2,1.1347930128424377,"[56, 52, 83]",11
event,original_64_mean_subtracted,0.5,"[56, 53, 83]",25,3,1.1691533459539625,"[56, 52, 83]",11
event,original_64_mean_subtracted,0.5,"[56, 53, 83]",25,4,1.1568164014466915,"[56, 52, 83]",11
event,original_64_mean_subtracted,0.5,"[56, 53, 83]",25,5,1.110692103951034,"[56, 52, 83]",11
event,original_64_mean_subtracted,0.5,"[56, 53, 83]",33,0,1.297723429222333,"[72, 59, 98]",0
event,original_64_mean_subtracted,0.5,"[56, 53, 83]",33,1,1.271874475706748,"[72, 59, 98]",0
event,original_64_mean_subtracted,0.5,"[56, 53, 83]",33,2,1.2392001010554514,"[72, 59, 98]",0
event,original_64_mean_subtracted,0.5,"[56, 53, 83]",33,3,1.2112889227477694,"[72, 59, 98]",0
event,original_64_mean_subtracted,0.5,"[56, 53, 83]",33,4,1.2304737509131904,"[72, 59, 98]",0
event,original_64_mean_subtracted,0.5,"[56, 53, 83]",33,5,1.1823334218513715,"[72, 59, 98]",0
event,original_64_mean_subtracted,0.5,"[82, 49, 72]",17,0,1.3053679295615137,"[81, 48, 78]",2
event,original_64_mean_subtracted,0.5,"[82, 49, 72]",17,1,1.2766507390968438,"[81, 48, 78]",2
event,original_64_mean_subtracted,0.5,"[82, 49, 72]",17,2,1.2332918047686905,"[82, 41, 77]",0
event,original_64_mean_subtracted,0.5,"[82, 49, 72]",17,3,1.245535250129827,"[81, 49, 78]",2
event,original_64_mean_subtracted,0.5,"[82, 49, 72]",17,4,1.2376666848471576,"[81, 49, 78]",2
event,original_64_mean_subtracted,0.5,"[82, 49, 72]",17,5,1.2132009025729564,"[77, 48, 80]",0
event,original_64_mean_subtracted,0.5,"[82, 49, 72]",25,0,1.4546031207451233,"[75, 48, 83]",1
event,original_64_mean_subtracted,0.5,"[82, 49, 72]",25,1,1.4184513965672694,"[76, 47, 83]",1
event,original_64_mean_subtracted,0.5,"[82, 49, 72]",25,2,1.3635081804703457,"[76, 47, 83]",1
event,original_64_mean_subtracted,0.5,"[82, 49, 72]",25,3,1.3604971706935327,"[76, 47, 83]",1
event,original_64_mean_subtracted,0.5,"[82, 49, 72]",25,4,1.3680695874609614,"[76, 47, 83]",1
event,original_64_mean_subtracted,0.5,"[82, 49, 72]",25,5,1.311888056961359,"[76, 47, 83]",1
event,original_64_mean_subtracted,0.5,"[82, 49, 72]",33,0,1.4546031207451233,"[75, 48, 83]",5
event,original_64_mean_subtracted,0.5,"[82, 49, 72]",33,1,1.4184513965672694,"[76, 47, 83]",5
event,original_64_mean_subtracted,0.5,"[82, 49, 72]",33,2,1.3635081804703457,"[76, 47, 83]",5
event,original_64_mean_subtracted,0.5,"[82, 49, 72]",33,3,1.3611037452536041,"[96, 46, 56]",0
event,original_64_mean_subtracted,0.5,"[82, 49, 72]",33,4,1.3680695874609614,"[76, 47, 83]",5
event,original_64_mean_subtracted,0.5,"[82, 49, 72]",33,5,1.314709311134595,"[96, 46, 56]",0
event,original_64_mean_subtracted,0.5,"[66, 83, 63]",17,0,1.0628033587781247,"[72, 80, 66]",2
event,original_64_mean_subtracted,0.5,"[66, 83, 63]",17,1,1.0061923111368525,"[72, 80, 66]",2
event,original_64_mean_subtracted,0.5,"[66, 83, 63]",17,2,0.9405347480280745,"[72, 81, 67]",2
event,original_64_mean_subtracted,0.5,"[66, 83, 63]",17,3,0.9393853815763961,"[72, 79, 65]",2
event,original_64_mean_subtracted,0.5,"[66, 83, 63]",17,4,0.9321999425561833,"[72, 80, 66]",2
event,original_64_mean_subtracted,0.5,"[66, 83, 63]",17,5,0.8915884357395162,"[68, 83, 68]",3
event,original_64_mean_subtracted,0.5,"[66, 83, 63]",25,0,1.0628033587781247,"[72, 80, 66]",6
event,original_64_mean_subtracted,0.5,"[66, 83, 63]",25,1,1.0267743490552828,"[73, 92, 74]",1
event,original_64_mean_subtracted,0.5,"[66, 83, 63]",25,2,0.9807804956203974,"[74, 92, 75]",0
event,original_64_mean_subtracted,0.5,"[66, 83, 63]",25,3,1.004439568696295,"[73, 92, 74]",1
event,original_64_mean_subtracted,0.5,"[66, 83, 63]",25,4,0.983386107153274,"[73, 92, 74]",1
event,original_64_mean_subtracted,0.5,"[66, 83, 63]",25,5,0.9435329860686248,"[74, 93, 75]",0
event,original_64_mean_subtracted,0.5,"[66, 83, 63]",33,0,1.0658111541856423,"[82, 77, 64]",0
event,original_64_mean_subtracted,0.5,"[66, 83, 63]",33,1,1.0356447956272985,"[82, 77, 64]",0
event,original_64_mean_subtracted,0.5,"[66, 83, 63]",33,2,0.9914795441605713,"[75, 90, 77]",2
event,original_64_mean_subtracted,0.5,"[66, 83, 63]",33,3,1.0107223761345137,"[82, 77, 64]",0
event,original_64_mean_subtracted,0.5,"[66, 83, 63]",33,4,0.9897297391512457,"[82, 77, 65]",0
event,original_64_mean_subtracted,0.5,"[66, 83, 63]",33,5,0.9449732768853865,"[75, 90, 78]",1
event,original_64_mean_subtracted,0.5,"[75, 65, 69]",17,0,0.9595055286397794,"[79, 57, 77]",0
event,original_64_mean_subtracted,0.5,"[75, 65, 69]",17,1,0.9385855085619527,"[79, 57, 77]",0
event,original_64_mean_subtracted,0.5,"[75, 65, 69]",17,2,0.9192440884331776,"[79, 57, 77]",0
event,original_64_mean_subtracted,0.5,"[75, 65, 69]",17,3,0.908685259928395,"[83, 73, 77]",0
event,original_64_mean_subtracted,0.5,"[75, 65, 69]",17,4,0.907444687923865,"[79, 57, 77]",0
event,original_64_mean_subtracted,0.5,"[75, 65, 69]",17,5,0.8912628165354844,"[83, 73, 76]",0
event,original_64_mean_subtracted,0.5,"[75, 65, 69]",25,0,1.2905337343181689,"[87, 74, 74]",0
event,original_64_mean_subtracted,0.5,"[75, 65, 69]",25,1,1.252810958023069,"[87, 74, 74]",0
event,original_64_mean_subtracted,0.5,"[75, 65, 69]",25,2,1.1855680514024292,"[87, 74, 73]",0
event,original_64_mean_subtracted,0.5,"[75, 65, 69]",25,3,1.227448252169482,"[87, 74, 74]",0
event,original_64_mean_subtracted,0.5,"[75, 65, 69]",25,4,1.206591324538166,"[87, 74, 74]",0
event,original_64_mean_subtracted,0.5,"[75, 65, 69]",25,5,1.1672494087608274,"[87, 74, 74]",0
event,original_64_mean_subtracted,0.5,"[75, 65, 69]",33,0,1.4193143321323143,"[89, 72, 72]",2
event,original_64_mean_subtracted,0.5,"[75, 65, 69]",33,1,1.3609855846865644,"[89, 72, 72]",2
event,original_64_mean_subtracted,0.5,"[75, 65, 69]",33,2,1.2966107774896325,"[89, 72, 72]",2
event,original_64_mean_subtracted,0.5,"[75, 65, 69]",33,3,1.3154364839443333,"[91, 69, 78]",0
event,original_64_mean_subtracted,0.5,"[75, 65, 69]",33,4,1.2890207723401035,"[90, 70, 77]",1
event,original_64_mean_subtracted,0.5,"[75, 65, 69]",33,5,1.2369565135026321,"[90, 70, 77]",1
event,original_64_mean_subtracted,0.5,"[65, 68, 56]",17,0,0.9774865746833917,"[72, 76, 64]",0
event,original_64_mean_subtracted,0.5,"[65, 68, 56]",17,1,0.9243672502959501,"[72, 76, 64]",0
event,original_64_mean_subtracted,0.5,"[65, 68, 56]",17,2,0.8357855166792821,"[59, 70, 60]",2
event,original_64_mean_subtracted,0.5,"[65, 68, 56]",17,3,0.8908848065619378,"[73, 76, 64]",0
event,original_64_mean_subtracted,0.5,"[65, 68, 56]",17,4,0.8636768037865715,"[73, 76, 64]",0
event,original_64_mean_subtracted,0.5,"[65, 68, 56]",17,5,0.8133500910002294,"[59, 70, 60]",2
event,original_64_mean_subtracted,0.5,"[65, 68, 56]",25,0,1.0628033587781247,"[72, 80, 66]",0
event,original_64_mean_subtracted,0.5,"[65, 68, 56]",25,1,1.0061923111368525,"[72, 80, 66]",0
event,original_64_mean_subtracted,0.5,"[65, 68, 56]",25,2,0.9321525327753357,"[72, 80, 66]",0
event,original_64_mean_subtracted,0.5,"[65, 68, 56]",25,3,0.9393853815763961,"[72, 79, 65]",1
event,original_64_mean_subtracted,0.5,"[65, 68, 56]",25,4,0.9321999425561833,"[72, 80, 66]",0
event,original_64_mean_subtracted,0.5,"[65, 68, 56]",25,5,0.9017262210254792,"[55, 73, 44]",0
event,original_64_mean_subtracted,0.5,"[65, 68, 56]",33,0,1.2100269811788424,"[81, 65, 40]",0
event,original_64_mean_subtracted,0.5,"[65, 68, 56]",33,1,1.1964441814652296,"[81, 65, 40]",0
event,original_64_mean_subtracted,0.5,"[65, 68, 56]",33,2,1.1536044621471455,"[81, 65, 40]",0
event,original_64_mean_subtracted,0.5,"[65, 68, 56]",33,3,1.1939091345717423,"[81, 65, 40]",0
event,original_64_mean_subtracted,0.5,"[65, 68, 56]",33,4,1.1749654225501591,"[81, 65, 40]",0
event,original_64_mean_subtracted,0.5,"[65, 68, 56]",33,5,1.1506049458158727,"[81, 65, 40]",0
event,original_64_mean_subtracted,0.5,"[50, 55, 55]",17,0,0.8481266489266028,"[54, 63, 47]",0
event,original_64_mean_subtracted,0.5,"[50, 55, 55]",17,1,0.8355618662157351,"[54, 63, 47]",0
event,original_64_mean_subtracted,0.5,"[50, 55, 55]",17,2,0.8051754040253579,"[54, 63, 47]",0
event,original_64_mean_subtracted,0.5,"[50, 55, 55]",17,3,0.8282600774277408,"[54, 63, 47]",0
event,original_64_mean_subtracted,0.5,"[50, 55, 55]",17,4,0.8175277125932829,"[54, 63, 47]",0
event,original_64_mean_subtracted,0.5,"[50, 55, 55]",17,5,0.7992201820494672,"[54, 63, 47]",0
event,original_64_mean_subtracted,0.5,"[50, 55, 55]",25,0,0.9942467084297265,"[59, 58, 43]",0
event,original_64_mean_subtracted,0.5,"[50, 55, 55]",25,1,0.9753933426390472,"[59, 58, 43]",0
event,original_64_mean_subtracted,0.5,"[50, 55, 55]",25,2,0.9550420687949946,"[38, 46, 43]",0
event,original_64_mean_subtracted,0.5,"[50, 55, 55]",25,3,0.9484884704870193,"[38, 46, 43]",0
event,original_64_mean_subtracted,0.5,"[50, 55, 55]",25,4,0.9517030126787707,"[38, 46, 43]",0
event,original_64_mean_subtracted,0.5,"[50, 55, 55]",25,5,0.9397448284488225,"[38, 46, 43]",0
event,original_64_mean_subtracted,0.5,"[50, 55, 55]",33,0,1.2741177063590192,"[37, 44, 39]",0
event,original_64_mean_subtracted,0.5,"[50, 55, 55]",33,1,1.2615768814015715,"[37, 44, 39]",0
event,original_64_mean_subtracted,0.5,"[50, 55, 55]",33,2,1.2414760138141854,"[37, 44, 39]",0
event,original_64_mean_subtracted,0.5,"[50, 55, 55]",33,3,1.2395039164471846,"[37, 44, 39]",0
event,original_64_mean_subtracted,0.5,"[50, 55, 55]",33,4,1.242197057291684,"[37, 44, 39]",0
event,original_64_mean_subtracted,0.5,"[50, 55, 55]",33,5,1.219912063207645,"[37, 44, 39]",0
event,original_64_mean_subtracted,0.5,"[81, 73, 52]",17,0,1.1242217441082927,"[86, 69, 44]",0
event,original_64_mean_subtracted,0.5,"[81, 73, 52]",17,1,1.1015199449786142,"[86, 70, 44]",0
event,original_64_mean_subtracted,0.5,"[81, 73, 52]",17,2,1.0487280400119854,"[86, 70, 44]",0
event,original_64_mean_subtracted,0.5,"[81, 73, 52]",17,3,1.0825695425798898,"[86, 70, 44]",0
event,original_64_mean_subtracted,0.5,"[81, 73, 52]",17,4,1.0667425036137763,"[86, 70, 44]",0
event,original_64_mean_subtracted,0.5,"[81, 73, 52]",17,5,1.0303635377850675,"[85, 69, 44]",0
event,original_64_mean_subtracted,0.5,"[81, 73, 52]",25,0,1.36804873095104,"[93, 67, 41]",0
event,original_64_mean_subtracted,0.5,"[81, 73, 52]",25,1,1.3314184182995887,"[93, 67, 41]",0
event,original_64_mean_subtracted,0.5,"[81, 73, 52]",25,2,1.2947582744611943,"[93, 67, 40]",0
event,original_64_mean_subtracted,0.5,"[81, 73, 52]",25,3,1.2995487262905159,"[93, 64, 40]",0
event,original_64_mean_subtracted,0.5,"[81, 73, 52]",25,4,1.2979722113737853,"[93, 64, 40]",0
event,original_64_mean_subtracted,0.5,"[81, 73, 52]",25,5,1.269027048002879,"[93, 64, 40]",0
event,original_64_mean_subtracted,0.5,"[81, 73, 52]",33,0,1.4807221939311397,"[97, 57, 36]",0
event,original_64_mean_subtracted,0.5,"[81, 73, 52]",33,1,1.4650536058432273,"[97, 57, 36]",0
event,original_64_mean_subtracted,0.5,"[81, 73, 52]",33,2,1.4293104366831728,"[97, 57, 36]",0
event,original_64_mean_subtracted,0.5,"[81, 73, 52]",33,3,1.456998206872248,"[97, 57, 36]",0
event,original_64_mean_subtracted,0.5,"[81, 73, 52]",33,4,1.4425823394753412,"[97, 57, 36]",0
event,original_64_mean_subtracted,0.5,"[81, 73, 52]",33,5,1.4211920902538944,"[97, 57, 36]",0
event,original_64_mean_subtracted,0.5,"[47, 79, 75]",17,0,0.7972305107530632,"[55, 73, 68]",0
event,original_64_mean_subtracted,0.5,"[47, 79, 75]",17,1,0.7734045110061962,"[55, 73, 68]",0
event,original_64_mean_subtracted,0.5,"[47, 79, 75]",17,2,0.7533032497958472,"[55, 75, 69]",0
event,original_64_mean_subtracted,0.5,"[47, 79, 75]",17,3,0.7469843999661151,"[55, 74, 69]",0
event,original_64_mean_subtracted,0.5,"[47, 79, 75]",17,4,0.7516764594670454,"[55, 74, 69]",0
event,original_64_mean_subtracted,0.5,"[47, 79, 75]",17,5,0.732387514333985,"[55, 75, 69]",0
event,original_64_mean_subtracted,0.5,"[47, 79, 75]",25,0,0.8881478372936187,"[49, 91, 73]",0
event,original_64_mean_subtracted,0.5,"[47, 79, 75]",25,1,0.8707648566112538,"[59, 79, 70]",0
event,original_64_mean_subtracted,0.5,"[47, 79, 75]",25,2,0.8511882673935036,"[59, 79, 70]",0
event,original_64_mean_subtracted,0.5,"[47, 79, 75]",25,3,0.8575522557351024,"[59, 79, 70]",0
event,original_64_mean_subtracted,0.5,"[47, 79, 75]",25,4,0.8561271447404312,"[59, 79, 70]",0
event,original_64_mean_subtracted,0.5,"[47, 79, 75]",25,5,0.840134615376585,"[59, 79, 69]",0
event,original_64_mean_subtracted,0.5,"[47, 79, 75]",33,0,0.9489362979655881,"[50, 94, 72]",1
event,original_64_mean_subtracted,0.5,"[47, 79, 75]",33,1,0.9206220817101031,"[50, 94, 72]",1
event,original_64_mean_subtracted,0.5,"[47, 79, 75]",33,2,0.893420295163757,"[31, 95, 59]",0
event,original_64_mean_subtracted,0.5,"[47, 79, 75]",33,3,0.9072778921020026,"[31, 95, 59]",0
event,original_64_mean_subtracted,0.5,"[47, 79, 75]",33,4,0.9007343287163664,"[31, 95, 59]",0
event,original_64_mean_subtracted,0.5,"[47, 79, 75]",33,5,0.8880434838747919,"[31, 95, 59]",0
central,original_64_mean_subtracted,1.0,64_64_64,32,0,1.2345824789283133,"[79, 48, 79]",0
central,original_64_mean_subtracted,1.0,64_64_64,32,1,1.195850665525986,"[79, 48, 79]",0
central,original_64_mean_subtracted,1.0,64_64_64,32,2,1.1335867472090781,"[79, 48, 79]",0
central,original_64_mean_subtracted,1.0,64_64_64,32,3,1.15262485756989,"[79, 48, 79]",0
central,original_64_mean_subtracted,1.0,64_64_64,32,4,1.1482655934710284,"[79, 48, 79]",0
central,original_64_mean_subtracted,1.0,64_64_64,32,5,1.0869823765683988,"[79, 48, 79]",0
central,original_64_mean_subtracted,1.0,64_64_64,48,0,1.4546031207451233,"[75, 48, 83]",4
central,original_64_mean_subtracted,1.0,64_64_64,48,1,1.338907623430763,"[40, 87, 40]",0
central,original_64_mean_subtracted,1.0,64_64_64,48,2,1.2890128223586546,"[40, 87, 40]",0
central,original_64_mean_subtracted,1.0,64_64_64,48,3,1.3203912611139954,"[40, 87, 40]",0
central,original_64_mean_subtracted,1.0,64_64_64,48,4,1.3058521754611219,"[40, 87, 40]",0
central,original_64_mean_subtracted,1.0,64_64_64,48,5,1.2759733450423685,"[40, 87, 40]",0
central,original_64_mean_subtracted,1.0,64_64_64,64,0,2.0890644187301164,"[32, 82, 32]",0
central,original_64_mean_subtracted,1.0,64_64_64,64,1,2.0311301773766273,"[32, 82, 32]",0
central,original_64_mean_subtracted,1.0,64_64_64,64,2,1.954866023831096,"[32, 83, 32]",0
central,original_64_mean_subtracted,1.0,64_64_64,64,3,2.0222873936800316,"[32, 83, 32]",0
central,original_64_mean_subtracted,1.0,64_64_64,64,4,1.988985928519288,"[32, 83, 32]",0
central,original_64_mean_subtracted,1.0,64_64_64,64,5,1.9566019575931297,"[32, 83, 32]",0
event,original_64_mean_subtracted,1.0,"[56, 53, 83]",17,0,1.2375061984238642,"[56, 53, 83]",8
event,original_64_mean_subtracted,1.0,"[56, 53, 83]",17,1,1.110692103951034,"[56, 52, 83]",7
event,original_64_mean_subtracted,1.0,"[56, 53, 83]",17,2,0.9797035342335138,"[55, 51, 84]",6
event,original_64_mean_subtracted,1.0,"[56, 53, 83]",17,3,1.044763009781935,"[55, 52, 83]",7
event,original_64_mean_subtracted,1.0,"[56, 53, 83]",17,4,1.023680426499882,"[55, 51, 84]",6
event,original_64_mean_subtracted,1.0,"[56, 53, 83]",17,5,0.9357268068524737,"[55, 50, 84]",5
event,original_64_mean_subtracted,1.0,"[56, 53, 83]",25,0,1.2375061984238642,"[56, 53, 83]",12
event,original_64_mean_subtracted,1.0,"[56, 53, 83]",25,1,1.110692103951034,"[56, 52, 83]",11
event,original_64_mean_subtracted,1.0,"[56, 53, 83]",25,2,1.0319476329571464,"[44, 55, 92]",0
event,original_64_mean_subtracted,1.0,"[56, 53, 83]",25,3,1.044763009781935,"[55, 52, 83]",11
event,original_64_mean_subtracted,1.0,"[56, 53, 83]",25,4,1.0402598060405521,"[44, 54, 91]",0
event,original_64_mean_subtracted,1.0,"[56, 53, 83]",25,5,0.9988010646445624,"[44, 54, 92]",0
event,original_64_mean_subtracted,1.0,"[56, 53, 83]",33,0,1.297723429222333,"[72, 59, 98]",0
event,original_64_mean_subtracted,1.0,"[56, 53, 83]",33,1,1.1823334218513715,"[72, 59, 98]",0
event,original_64_mean_subtracted,1.0,"[56, 53, 83]",33,2,1.1117275422143986,"[72, 59, 97]",0
event,original_64_mean_subtracted,1.0,"[56, 53, 83]",33,3,1.044763009781935,"[55, 52, 83]",15
event,original_64_mean_subtracted,1.0,"[56, 53, 83]",33,4,1.0846346719191566,"[72, 59, 97]",0
event,original_64_mean_subtracted,1.0,"[56, 53, 83]",33,5,1.0035513536601295,"[72, 58, 97]",0
event,original_64_mean_subtracted,1.0,"[82, 49, 72]",17,0,1.3053679295615137,"[81, 48, 78]",2
event,original_64_mean_subtracted,1.0,"[82, 49, 72]",17,1,1.2132009025729564,"[77, 48, 80]",0
event,original_64_mean_subtracted,1.0,"[82, 49, 72]",17,2,1.1479690305083456,"[79, 47, 80]",0
event,original_64_mean_subtracted,1.0,"[82, 49, 72]",17,3,1.16562155177981,"[78, 48, 80]",0
event,original_64_mean_subtracted,1.0,"[82, 49, 72]",17,4,1.1635538317083036,"[78, 48, 80]",0
event,original_64_mean_subtracted,1.0,"[82, 49, 72]",17,5,1.094256189445112,"[78, 48, 80]",0
event,original_64_mean_subtracted,1.0,"[82, 49, 72]",25,0,1.4546031207451233,"[75, 48, 83]",1
event,original_64_mean_subtracted,1.0,"[82, 49, 72]",25,1,1.311888056961359,"[76, 47, 83]",1
event,original_64_mean_subtracted,1.0,"[82, 49, 72]",25,2,1.19763285106374,"[77, 47, 83]",1
event,original_64_mean_subtracted,1.0,"[82, 49, 72]",25,3,1.2026870973147121,"[76, 48, 83]",1
event,original_64_mean_subtracted,1.0,"[82, 49, 72]",25,4,1.2079163909715864,"[77, 47, 83]",1
event,original_64_mean_subtracted,1.0,"[82, 49, 72]",25,5,1.1438040254773254,"[93, 45, 60]",0
event,original_64_mean_subtracted,1.0,"[82, 49, 72]",33,0,1.4546031207451233,"[75, 48, 83]",5
event,original_64_mean_subtracted,1.0,"[82, 49, 72]",33,1,1.314709311134595,"[96, 46, 56]",0
event,original_64_mean_subtracted,1.0,"[82, 49, 72]",33,2,1.2278308020272573,"[97, 46, 56]",0
event,original_64_mean_subtracted,1.0,"[82, 49, 72]",33,3,1.3007104183318186,"[96, 46, 56]",0
event,original_64_mean_subtracted,1.0,"[82, 49, 72]",33,4,1.262293877738214,"[97, 46, 56]",0
event,original_64_mean_subtracted,1.0,"[82, 49, 72]",33,5,1.2139062367040738,"[97, 46, 56]",0
event,original_64_mean_subtracted,1.0,"[66, 83, 63]",17,0,1.0628033587781247,"[72, 80, 66]",2
event,original_64_mean_subtracted,1.0,"[66, 83, 63]",17,1,0.8915884357395162,"[68, 83, 68]",3
event,original_64_mean_subtracted,1.0,"[66, 83, 63]",17,2,0.8231787558636323,"[67, 82, 67]",4
event,original_64_mean_subtracted,1.0,"[66, 83, 63]",17,3,0.8481408109166448,"[66, 82, 66]",5
event,original_64_mean_subtracted,1.0,"[66, 83, 63]",17,4,0.8373779604525685,"[67, 82, 67]",4
event,original_64_mean_subtracted,1.0,"[66, 83, 63]",17,5,0.8029501863027186,"[65, 81, 66]",5
event,original_64_mean_subtracted,1.0,"[66, 83, 63]",25,0,1.0628033587781247,"[72, 80, 66]",6
event,original_64_mean_subtracted,1.0,"[66, 83, 63]",25,1,0.9435329860686248,"[74, 93, 75]",0
event,original_64_mean_subtracted,1.0,"[66, 83, 63]",25,2,0.8641157908650154,"[74, 92, 75]",0
event,original_64_mean_subtracted,1.0,"[66, 83, 63]",25,3,0.8828414816749351,"[73, 92, 74]",1
event,original_64_mean_subtracted,1.0,"[66, 83, 63]",25,4,0.8659803261741121,"[74, 93, 75]",0
event,original_64_mean_subtracted,1.0,"[66, 83, 63]",25,5,0.8029501863027186,"[65, 81, 66]",9
event,original_64_mean_subtracted,1.0,"[66, 83, 63]",33,0,1.0658111541856423,"[82, 77, 64]",0
event,original_64_mean_subtracted,1.0,"[66, 83, 63]",33,1,0.9449732768853865,"[75, 90, 78]",1
event,original_64_mean_subtracted,1.0,"[66, 83, 63]",33,2,0.9216410798651214,"[76, 93, 79]",0
event,original_64_mean_subtracted,1.0,"[66, 83, 63]",33,3,0.8988190069725759,"[82, 77, 67]",0
event,original_64_mean_subtracted,1.0,"[66, 83, 63]",33,4,0.9071238945194336,"[76, 93, 79]",0
event,original_64_mean_subtracted,1.0,"[66, 83, 63]",33,5,0.8674771630714401,"[76, 94, 79]",0
event,original_64_mean_subtracted,1.0,"[75, 65, 69]",17,0,0.9595055286397794,"[79, 57, 77]",0
event,original_64_mean_subtracted,1.0,"[75, 65, 69]",17,1,0.8912628165354844,"[83, 73, 76]",0
event,original_64_mean_subtracted,1.0,"[75, 65, 69]",17,2,0.8361855906517511,"[83, 73, 75]",0
event,original_64_mean_subtracted,1.0,"[75, 65, 69]",17,3,0.8822056849845298,"[83, 73, 76]",0
event,original_64_mean_subtracted,1.0,"[75, 65, 69]",17,4,0.865201610427179,"[83, 73, 76]",0
event,original_64_mean_subtracted,1.0,"[75, 65, 69]",17,5,0.8258189491654911,"[83, 73, 75]",0
event,original_64_mean_subtracted,1.0,"[75, 65, 69]",25,0,1.2905337343181689,"[87, 74, 74]",0
event,original_64_mean_subtracted,1.0,"[75, 65, 69]",25,1,1.1672494087608274,"[87, 74, 74]",0
event,original_64_mean_subtracted,1.0,"[75, 65, 69]",25,2,1.0590144880936192,"[87, 74, 74]",0
event,original_64_mean_subtracted,1.0,"[75, 65, 69]",25,3,1.1133602456667895,"[87, 74, 74]",0
event,original_64_mean_subtracted,1.0,"[75, 65, 69]",25,4,1.0936881157471754,"[87, 74, 74]",0
event,original_64_mean_subtracted,1.0,"[75, 65, 69]",25,5,1.0230045273427957,"[87, 74, 74]",0
event,original_64_mean_subtracted,1.0,"[75, 65, 69]",33,0,1.4193143321323143,"[89, 72, 72]",2
event,original_64_mean_subtracted,1.0,"[75, 65, 69]",33,1,1.2369565135026321,"[90, 70, 77]",1
event,original_64_mean_subtracted,1.0,"[75, 65, 69]",33,2,1.1456576395914428,"[78, 49, 82]",0
event,original_64_mean_subtracted,1.0,"[75, 65, 69]",33,3,1.1721981204508813,"[77, 49, 82]",0
event,original_64_mean_subtracted,1.0,"[75, 65, 69]",33,4,1.1604860884798693,"[77, 49, 82]",0
event,original_64_mean_subtracted,1.0,"[75, 65, 69]",33,5,1.0880200279646848,"[78, 49, 81]",0
event,original_64_mean_subtracted,1.0,"[65, 68, 56]",17,0,0.9774865746833917,"[72, 76, 64]",0
event,original_64_mean_subtracted,1.0,"[65, 68, 56]",17,1,0.8133500910002294,"[59, 70, 60]",2
event,original_64_mean_subtracted,1.0,"[65, 68, 56]",17,2,0.7399782311634697,"[59, 71, 60]",2
event,original_64_mean_subtracted,1.0,"[65, 68, 56]",17,3,0.7680595129717501,"[60, 69, 60]",3
event,original_64_mean_subtracted,1.0,"[65, 68, 56]",17,4,0.7557444082767695,"[59, 70, 60]",2
event,original_64_mean_subtracted,1.0,"[65, 68, 56]",17,5,0.7101733736635507,"[57, 70, 48]",0
event,original_64_mean_subtracted,1.0,"[65, 68, 56]",25,0,1.0628033587781247,"[72, 80, 66]",0
event,original_64_mean_subtracted,1.0,"[65, 68, 56]",25,1,0.9017262210254792,"[55, 73, 44]",0
event,original_64_mean_subtracted,1.0,"[65, 68, 56]",25,2,0.8817900893723742,"[55, 73, 44]",0
event,original_64_mean_subtracted,1.0,"[65, 68, 56]",25,3,0.8919816575248909,"[53, 74, 44]",0
event,original_64_mean_subtracted,1.0,"[65, 68, 56]",25,4,0.887358104470227,"[53, 74, 44]",0
event,original_64_mean_subtracted,1.0,"[65, 68, 56]",25,5,0.8758353136743897,"[53, 74, 44]",0
event,original_64_mean_subtracted,1.0,"[65, 68, 56]",33,0,1.2100269811788424,"[81, 65, 40]",0
event,original_64_mean_subtracted,1.0,"[65, 68, 56]",33,1,1.1506049458158727,"[81, 65, 40]",0
event,original_64_mean_subtracted,1.0,"[65, 68, 56]",33,2,1.0687651656984571,"[81, 65, 40]",0
event,original_64_mean_subtracted,1.0,"[65, 68, 56]",33,3,1.1336355295932663,"[81, 65, 40]",0
event,original_64_mean_subtracted,1.0,"[65, 68, 56]",33,4,1.0993085154946287,"[81, 65, 40]",0
event,original_64_mean_subtracted,1.0,"[65, 68, 56]",33,5,1.0498084927703988,"[81, 65, 40]",0
event,original_64_mean_subtracted,1.0,"[50, 55, 55]",17,0,0.8481266489266028,"[54, 63, 47]",0
event,original_64_mean_subtracted,1.0,"[50, 55, 55]",17,1,0.7992201820494672,"[54, 63, 47]",0
event,original_64_mean_subtracted,1.0,"[50, 55, 55]",17,2,0.7343939880033433,"[55, 63, 47]",0
event,original_64_mean_subtracted,1.0,"[50, 55, 55]",17,3,0.785400860376353,"[54, 63, 47]",0
event,original_64_mean_subtracted,1.0,"[50, 55, 55]",17,4,0.7604556563277669,"[54, 63, 47]",0
event,original_64_mean_subtracted,1.0,"[50, 55, 55]",17,5,0.728737835388353,"[55, 63, 47]",0
event,original_64_mean_subtracted,1.0,"[50, 55, 55]",25,0,0.9942467084297265,"[59, 58, 43]",0
event,original_64_mean_subtracted,1.0,"[50, 55, 55]",25,1,0.9397448284488225,"[38, 46, 43]",0
event,original_64_mean_subtracted,1.0,"[50, 55, 55]",25,2,0.9115152864646039,"[38, 46, 43]",0
event,original_64_mean_subtracted,1.0,"[50, 55, 55]",25,3,0.9200186480827706,"[38, 46, 43]",0
event,original_64_mean_subtracted,1.0,"[50, 55, 55]",25,4,0.9162542677045133,"[38, 46, 43]",0
event,original_64_mean_subtracted,1.0,"[50, 55, 55]",25,5,0.9009020043642207,"[38, 67, 43]",0
event,original_64_mean_subtracted,1.0,"[50, 55, 55]",33,0,1.2741177063590192,"[37, 44, 39]",0
event,original_64_mean_subtracted,1.0,"[50, 55, 55]",33,1,1.219912063207645,"[37, 44, 39]",0
event,original_64_mean_subtracted,1.0,"[50, 55, 55]",33,2,1.169579231749409,"[34, 71, 39]",0
event,original_64_mean_subtracted,1.0,"[50, 55, 55]",33,3,1.1737117100343684,"[36, 44, 39]",0
event,original_64_mean_subtracted,1.0,"[50, 55, 55]",33,4,1.1766973529395726,"[36, 44, 39]",0
event,original_64_mean_subtracted,1.0,"[50, 55, 55]",33,5,1.1550459251803729,"[34, 71, 39]",0
event,original_64_mean_subtracted,1.0,"[81, 73, 52]",17,0,1.1242217441082927,"[86, 69, 44]",0
event,original_64_mean_subtracted,1.0,"[81, 73, 52]",17,1,1.0303635377850675,"[85, 69, 44]",0
event,original_64_mean_subtracted,1.0,"[81, 73, 52]",17,2,0.928190801967261,"[84, 68, 44]",0
event,original_64_mean_subtracted,1.0,"[81, 73, 52]",17,3,0.997944922475566,"[85, 69, 44]",0
event,original_64_mean_subtracted,1.0,"[81, 73, 52]",17,4,0.9674350396316619,"[85, 69, 44]",0
event,original_64_mean_subtracted,1.0,"[81, 73, 52]",17,5,0.9108187064412039,"[83, 68, 44]",0
event,original_64_mean_subtracted,1.0,"[81, 73, 52]",25,0,1.36804873095104,"[93, 67, 41]",0
event,original_64_mean_subtracted,1.0,"[81, 73, 52]",25,1,1.269027048002879,"[93, 64, 40]",0
event,original_64_mean_subtracted,1.0,"[81, 73, 52]",25,2,1.1993164618662646,"[93, 66, 40]",0
event,original_64_mean_subtracted,1.0,"[81, 73, 52]",25,3,1.2145551574522893,"[93, 64, 40]",0
event,original_64_mean_subtracted,1.0,"[81, 73, 52]",25,4,1.2085673584460868,"[93, 65, 40]",0
event,original_64_mean_subtracted,1.0,"[81, 73, 52]",25,5,1.147958834548021,"[93, 66, 40]",0
event,original_64_mean_subtracted,1.0,"[81, 73, 52]",33,0,1.4807221939311397,"[97, 57, 36]",0
event,original_64_mean_subtracted,1.0,"[81, 73, 52]",33,1,1.4211920902538944,"[97, 57, 36]",0
event,original_64_mean_subtracted,1.0,"[81, 73, 52]",33,2,1.3411250695495773,"[97, 57, 36]",0
event,original_64_mean_subtracted,1.0,"[81, 73, 52]",33,3,1.3941434719031986,"[97, 57, 36]",0
event,original_64_mean_subtracted,1.0,"[81, 73, 52]",33,4,1.3732796053914715,"[97, 57, 36]",0
event,original_64_mean_subtracted,1.0,"[81, 73, 52]",33,5,1.317809249598342,"[97, 57, 36]",0
event,original_64_mean_subtracted,1.0,"[47, 79, 75]",17,0,0.7972305107530632,"[55, 73, 68]",0
event,original_64_mean_subtracted,1.0,"[47, 79, 75]",17,1,0.732387514333985,"[55, 75, 69]",0
event,original_64_mean_subtracted,1.0,"[47, 79, 75]",17,2,0.6801221818346963,"[55, 75, 70]",0
event,original_64_mean_subtracted,1.0,"[47, 79, 75]",17,3,0.6871791910464871,"[55, 75, 70]",0
event,original_64_mean_subtracted,1.0,"[47, 79, 75]",17,4,0.689364597053464,"[55, 75, 70]",0
event,original_64_mean_subtracted,1.0,"[47, 79, 75]",17,5,0.6429487312951114,"[55, 75, 70]",0
event,original_64_mean_subtracted,1.0,"[47, 79, 75]",25,0,0.8881478372936187,"[49, 91, 73]",0
event,original_64_mean_subtracted,1.0,"[47, 79, 75]",25,1,0.840134615376585,"[59, 79, 69]",0
event,original_64_mean_subtracted,1.0,"[47, 79, 75]",25,2,0.7962939656028414,"[59, 78, 69]",0
event,original_64_mean_subtracted,1.0,"[47, 79, 75]",25,3,0.8141217772111393,"[59, 78, 69]",0
event,original_64_mean_subtracted,1.0,"[47, 79, 75]",25,4,0.8113525043202773,"[59, 78, 69]",0
event,original_64_mean_subtracted,1.0,"[47, 79, 75]",25,5,0.7753291195794345,"[59, 78, 69]",0
event,original_64_mean_subtracted,1.0,"[47, 79, 75]",33,0,0.9489362979655881,"[50, 94, 72]",1
event,original_64_mean_subtracted,1.0,"[47, 79, 75]",33,1,0.8880434838747919,"[31, 95, 59]",0
event,original_64_mean_subtracted,1.0,"[47, 79, 75]",33,2,0.8453625676554728,"[31, 95, 59]",0
event,original_64_mean_subtracted,1.0,"[47, 79, 75]",33,3,0.8665516553627375,"[31, 95, 59]",0
event,original_64_mean_subtracted,1.0,"[47, 79, 75]",33,4,0.8587930775708755,"[31, 95, 59]",0
event,original_64_mean_subtracted,1.0,"[47, 79, 75]",33,5,0.8271629046879094,"[31, 95, 59]",0
central,original_64_mean_subtracted,1.5,64_64_64,32,0,1.2345824789283133,"[79, 48, 79]",0
central,original_64_mean_subtracted,1.5,64_64_64,32,1,1.1482655934710284,"[79, 48, 79]",0
central,original_64_mean_subtracted,1.5,64_64_64,32,2,1.055752935540663,"[79, 48, 79]",0
central,original_64_mean_subtracted,1.5,64_64_64,32,3,1.0460131654438747,"[79, 49, 79]",0
central,original_64_mean_subtracted,1.5,64_64_64,32,4,1.0533078964077278,"[79, 48, 79]",0
central,original_64_mean_subtracted,1.5,64_64_64,32,5,0.9520291380554189,"[79, 48, 79]",0
central,original_64_mean_subtracted,1.5,64_64_64,48,0,1.4546031207451233,"[75, 48, 83]",4
central,original_64_mean_subtracted,1.5,64_64_64,48,1,1.3058521754611219,"[40, 87, 40]",0
central,original_64_mean_subtracted,1.5,64_64_64,48,2,1.2331173341832244,"[40, 87, 40]",0
central,original_64_mean_subtracted,1.5,64_64_64,48,3,1.281120790741093,"[40, 87, 40]",0
central,original_64_mean_subtracted,1.5,64_64_64,48,4,1.261000451267386,"[40, 87, 40]",0
central,original_64_mean_subtracted,1.5,64_64_64,48,5,1.2144416825547133,"[40, 87, 40]",0
central,original_64_mean_subtracted,1.5,64_64_64,64,0,2.0890644187301164,"[32, 82, 32]",0
central,original_64_mean_subtracted,1.5,64_64_64,64,1,1.988985928519288,"[32, 83, 32]",0
central,original_64_mean_subtracted,1.5,64_64_64,64,2,1.9020998278757255,"[32, 84, 32]",0
central,original_64_mean_subtracted,1.5,64_64_64,64,3,1.9844337504367762,"[32, 83, 32]",0
central,original_64_mean_subtracted,1.5,64_64_64,64,4,1.941090241521623,"[32, 83, 32]",0
central,original_64_mean_subtracted,1.5,64_64_64,64,5,1.9025348087151281,"[32, 84, 32]",0
event,original_64_mean_subtracted,1.5,"[56, 53, 83]",17,0,1.2375061984238642,"[56, 53, 83]",8
event,original_64_mean_subtracted,1.5,"[56, 53, 83]",17,1,1.023680426499882,"[55, 51, 84]",6
event,original_64_mean_subtracted,1.5,"[56, 53, 83]",17,2,0.8408644601881987,"[54, 49, 85]",4
event,original_64_mean_subtracted,1.5,"[56, 53, 83]",17,3,0.9373659908529983,"[54, 50, 84]",5
event,original_64_mean_subtracted,1.5,"[56, 53, 83]",17,4,0.8968306087360146,"[54, 50, 84]",5
event,original_64_mean_subtracted,1.5,"[56, 53, 83]",17,5,0.814898138986177,"[48, 51, 91]",0
event,original_64_mean_subtracted,1.5,"[56, 53, 83]",25,0,1.2375061984238642,"[56, 53, 83]",12
event,original_64_mean_subtracted,1.5,"[56, 53, 83]",25,1,1.0402598060405521,"[44, 54, 91]",0
event,original_64_mean_subtracted,1.5,"[56, 53, 83]",25,2,0.9606738521805227,"[44, 54, 93]",0
event,original_64_mean_subtracted,1.5,"[56, 53, 83]",25,3,0.982618984197646,"[44, 54, 92]",0
event,original_64_mean_subtracted,1.5,"[56, 53, 83]",25,4,0.9763526244352633,"[44, 54, 92]",0
event,original_64_mean_subtracted,1.5,"[56, 53, 83]",25,5,0.908143285307223,"[44, 54, 93]",0
event,original_64_mean_subtracted,1.5,"[56, 53, 83]",33,0,1.297723429222333,"[72, 59, 98]",0
event,original_64_mean_subtracted,1.5,"[56, 53, 83]",33,1,1.0846346719191566,"[72, 59, 97]",0
event,original_64_mean_subtracted,1.5,"[56, 53, 83]",33,2,0.9950590659837728,"[72, 58, 97]",0
event,original_64_mean_subtracted,1.5,"[56, 53, 83]",33,3,0.982618984197646,"[44, 54, 92]",4
event,original_64_mean_subtracted,1.5,"[56, 53, 83]",33,4,0.9763526244352633,"[44, 54, 92]",4
event,original_64_mean_subtracted,1.5,"[56, 53, 83]",33,5,0.910124393851972,"[43, 54, 93]",3
event,original_64_mean_subtracted,1.5,"[82, 49, 72]",17,0,1.3053679295615137,"[81, 48, 78]",2
event,original_64_mean_subtracted,1.5,"[82, 49, 72]",17,1,1.1635538317083036,"[78, 48, 80]",0
event,original_64_mean_subtracted,1.5,"[82, 49, 72]",17,2,1.0707389170237518,"[79, 47, 80]",0
event,original_64_mean_subtracted,1.5,"[82, 49, 72]",17,3,1.0483660990616985,"[80, 49, 78]",2
event,original_64_mean_subtracted,1.5,"[82, 49, 72]",17,4,1.060401449993746,"[79, 48, 80]",0
event,original_64_mean_subtracted,1.5,"[82, 49, 72]",17,5,1.001355652121492,"[90, 47, 64]",0
event,original_64_mean_subtracted,1.5,"[82, 49, 72]",25,0,1.4546031207451233,"[75, 48, 83]",1
event,original_64_mean_subtracted,1.5,"[82, 49, 72]",25,1,1.2079163909715864,"[77, 47, 83]",1
event,original_64_mean_subtracted,1.5,"[82, 49, 72]",25,2,1.1101819981110528,"[93, 44, 62]",1
event,original_64_mean_subtracted,1.5,"[82, 49, 72]",25,3,1.1423963330710567,"[93, 45, 60]",0
event,original_64_mean_subtracted,1.5,"[82, 49, 72]",25,4,1.1293882090521226,"[93, 45, 60]",0
event,original_64_mean_subtracted,1.5,"[82, 49, 72]",25,5,1.0803020290675451,"[94, 46, 60]",0
event,original_64_mean_subtracted,1.5,"[82, 49, 72]",33,0,1.4546031207451233,"[75, 48, 83]",5
event,original_64_mean_subtracted,1.5,"[82, 49, 72]",33,1,1.262293877738214,"[97, 46, 56]",0
event,original_64_mean_subtracted,1.5,"[82, 49, 72]",33,2,1.155522939698569,"[97, 46, 56]",0
event,original_64_mean_subtracted,1.5,"[82, 49, 72]",33,3,1.2380782475597278,"[96, 46, 56]",0
event,original_64_mean_subtracted,1.5,"[82, 49, 72]",33,4,1.191363590990083,"[97, 46, 56]",0
event,original_64_mean_subtracted,1.5,"[82, 49, 72]",33,5,1.1302214380321167,"[97, 46, 56]",0
event,original_64_mean_subtracted,1.5,"[66, 83, 63]",17,0,1.0628033587781247,"[72, 80, 66]",2
event,original_64_mean_subtracted,1.5,"[66, 83, 63]",17,1,0.8373779604525685,"[67, 82, 67]",4
event,original_64_mean_subtracted,1.5,"[66, 83, 63]",17,2,0.7605832184928426,"[64, 80, 66]",5
event,original_64_mean_subtracted,1.5,"[66, 83, 63]",17,3,0.7986856066376603,"[65, 81, 66]",5
event,original_64_mean_subtracted,1.5,"[66, 83, 63]",17,4,0.7867961814540005,"[65, 81, 66]",5
event,original_64_mean_subtracted,1.5,"[66, 83, 63]",17,5,0.733720710205407,"[63, 80, 67]",4
event,original_64_mean_subtracted,1.5,"[66, 83, 63]",25,0,1.0628033587781247,"[72, 80, 66]",6
event,original_64_mean_subtracted,1.5,"[66, 83, 63]",25,1,0.8659803261741121,"[74, 93, 75]",0
event,original_64_mean_subtracted,1.5,"[66, 83, 63]",25,2,0.7639421313204804,"[74, 92, 75]",0
event,original_64_mean_subtracted,1.5,"[66, 83, 63]",25,3,0.7986856066376603,"[65, 81, 66]",9
event,original_64_mean_subtracted,1.5,"[66, 83, 63]",25,4,0.7867961814540005,"[65, 81, 66]",9
event,original_64_mean_subtracted,1.5,"[66, 83, 63]",25,5,0.733720710205407,"[63, 80, 67]",8
event,original_64_mean_subtracted,1.5,"[66, 83, 63]",33,0,1.0658111541856423,"[82, 77, 64]",0
event,original_64_mean_subtracted,1.5,"[66, 83, 63]",33,1,0.9071238945194336,"[76, 93, 79]",0
event,original_64_mean_subtracted,1.5,"[66, 83, 63]",33,2,0.8629296667185286,"[75, 92, 79]",0
event,original_64_mean_subtracted,1.5,"[66, 83, 63]",33,3,0.8450336406896211,"[82, 77, 76]",0
event,original_64_mean_subtracted,1.5,"[66, 83, 63]",33,4,0.8449566834926183,"[76, 94, 79]",0
event,original_64_mean_subtracted,1.5,"[66, 83, 63]",33,5,0.7815365666667399,"[50, 73, 47]",0
event,original_64_mean_subtracted,1.5,"[75, 65, 69]",17,0,0.9595055286397794,"[79, 57, 77]",0
event,original_64_mean_subtracted,1.5,"[75, 65, 69]",17,1,0.865201610427179,"[83, 73, 76]",0
event,original_64_mean_subtracted,1.5,"[75, 65, 69]",17,2,0.7509584454862802,"[79, 57, 77]",0
event,original_64_mean_subtracted,1.5,"[75, 65, 69]",17,3,0.8501464042150363,"[83, 73, 76]",0
event,original_64_mean_subtracted,1.5,"[75, 65, 69]",17,4,0.8011276461579709,"[83, 73, 75]",0
event,original_64_mean_subtracted,1.5,"[75, 65, 69]",17,5,0.7218604628303594,"[83, 57, 77]",0
event,original_64_mean_subtracted,1.5,"[75, 65, 69]",25,0,1.2905337343181689,"[87, 74, 74]",0
event,original_64_mean_subtracted,1.5,"[75, 65, 69]",25,1,1.0936881157471754,"[87, 74, 74]",0
event,original_64_mean_subtracted,1.5,"[75, 65, 69]",25,2,0.9612468221401825,"[79, 53, 81]",0
event,original_64_mean_subtracted,1.5,"[75, 65, 69]",25,3,1.0189163757353192,"[87, 73, 75]",0
event,original_64_mean_subtracted,1.5,"[75, 65, 69]",25,4,0.9875460618020868,"[87, 74, 74]",0
event,original_64_mean_subtracted,1.5,"[75, 65, 69]",25,5,0.9062252593217809,"[87, 53, 73]",0
event,original_64_mean_subtracted,1.5,"[75, 65, 69]",33,0,1.4193143321323143,"[89, 72, 72]",2
event,original_64_mean_subtracted,1.5,"[75, 65, 69]",33,1,1.1604860884798693,"[77, 49, 82]",0
event,original_64_mean_subtracted,1.5,"[75, 65, 69]",33,2,1.0553456165925392,"[78, 49, 82]",0
event,original_64_mean_subtracted,1.5,"[75, 65, 69]",33,3,1.0483660990616985,"[80, 49, 78]",0
event,original_64_mean_subtracted,1.5,"[75, 65, 69]",33,4,1.053283412813328,"[78, 49, 81]",0
event,original_64_mean_subtracted,1.5,"[75, 65, 69]",33,5,0.9966285162100622,"[91, 49, 65]",0
event,original_64_mean_subtracted,1.5,"[65, 68, 56]",17,0,0.9774865746833917,"[72, 76, 64]",0
event,original_64_mean_subtracted,1.5,"[65, 68, 56]",17,1,0.7557444082767695,"[59, 70, 60]",2
event,original_64_mean_subtracted,1.5,"[65, 68, 56]",17,2,0.6837304223372133,"[57, 68, 48]",0
event,original_64_mean_subtracted,1.5,"[65, 68, 56]",17,3,0.7159352858842095,"[57, 70, 48]",0
event,original_64_mean_subtracted,1.5,"[65, 68, 56]",17,4,0.6998199407657067,"[57, 70, 48]",0
event,original_64_mean_subtracted,1.5,"[65, 68, 56]",17,5,0.6730116891707422,"[57, 68, 48]",0
event,original_64_mean_subtracted,1.5,"[65, 68, 56]",25,0,1.0628033587781247,"[72, 80, 66]",0
event,original_64_mean_subtracted,1.5,"[65, 68, 56]",25,1,0.887358104470227,"[53, 74, 44]",0
event,original_64_mean_subtracted,1.5,"[65, 68, 56]",25,2,0.8537920950193983,"[53, 73, 44]",0
event,original_64_mean_subtracted,1.5,"[65, 68, 56]",25,3,0.8788539460314043,"[53, 74, 44]",0
event,original_64_mean_subtracted,1.5,"[65, 68, 56]",25,4,0.8683196742223297,"[53, 74, 44]",0
event,original_64_mean_subtracted,1.5,"[65, 68, 56]",25,5,0.843406281186208,"[53, 73, 44]",0
event,original_64_mean_subtracted,1.5,"[65, 68, 56]",33,0,1.2100269811788424,"[81, 65, 40]",0
event,original_64_mean_subtracted,1.5,"[65, 68, 56]",33,1,1.0993085154946287,"[81, 65, 40]",0
event,original_64_mean_subtracted,1.5,"[65, 68, 56]",33,2,1.0020843928586727,"[49, 78, 40]",0
event,original_64_mean_subtracted,1.5,"[65, 68, 56]",33,3,1.0620163699787266,"[81, 65, 40]",0
event,original_64_mean_subtracted,1.5,"[65, 68, 56]",33,4,1.0251907641505427,"[81, 65, 40]",0
event,original_64_mean_subtracted,1.5,"[65, 68, 56]",33,5,0.9891482039149704,"[49, 77, 40]",0
event,original_64_mean_subtracted,1.5,"[50, 55, 55]",17,0,0.8481266489266028,"[54, 63, 47]",0
event,original_64_mean_subtracted,1.5,"[50, 55, 55]",17,1,0.7604556563277669,"[54, 63, 47]",0
event,original_64_mean_subtracted,1.5,"[50, 55, 55]",17,2,0.7093488238677045,"[42, 63, 47]",0
event,original_64_mean_subtracted,1.5,"[50, 55, 55]",17,3,0.7436241246147174,"[55, 63, 47]",0
event,original_64_mean_subtracted,1.5,"[50, 55, 55]",17,4,0.7167513811089331,"[56, 63, 47]",0
event,original_64_mean_subtracted,1.5,"[50, 55, 55]",17,5,0.7078450517025455,"[42, 63, 47]",0
event,original_64_mean_subtracted,1.5,"[50, 55, 55]",25,0,0.9942467084297265,"[59, 58, 43]",0
event,original_64_mean_subtracted,1.5,"[50, 55, 55]",25,1,0.9162542677045133,"[38, 46, 43]",0
event,original_64_mean_subtracted,1.5,"[50, 55, 55]",25,2,0.8980309030564645,"[38, 67, 43]",0
event,original_64_mean_subtracted,1.5,"[50, 55, 55]",25,3,0.8948031642629461,"[38, 67, 43]",0
event,original_64_mean_subtracted,1.5,"[50, 55, 55]",25,4,0.9005726398141727,"[38, 67, 43]",0
event,original_64_mean_subtracted,1.5,"[50, 55, 55]",25,5,0.8940103948147059,"[38, 67, 43]",0
event,original_64_mean_subtracted,1.5,"[50, 55, 55]",33,0,1.2741177063590192,"[37, 44, 39]",0
event,original_64_mean_subtracted,1.5,"[50, 55, 55]",33,1,1.1766973529395726,"[36, 44, 39]",0
event,original_64_mean_subtracted,1.5,"[50, 55, 55]",33,2,1.1477896717871934,"[34, 71, 39]",0
event,original_64_mean_subtracted,1.5,"[50, 55, 55]",33,3,1.1475178624775575,"[34, 71, 39]",0
event,original_64_mean_subtracted,1.5,"[50, 55, 55]",33,4,1.1485787672131036,"[34, 71, 39]",0
event,original_64_mean_subtracted,1.5,"[50, 55, 55]",33,5,1.1343162573740464,"[34, 71, 39]",0
event,original_64_mean_subtracted,1.5,"[81, 73, 52]",17,0,1.1242217441082927,"[86, 69, 44]",0
event,original_64_mean_subtracted,1.5,"[81, 73, 52]",17,1,0.9674350396316619,"[85, 69, 44]",0
event,original_64_mean_subtracted,1.5,"[81, 73, 52]",17,2,0.8639619355644228,"[82, 65, 44]",0
event,original_64_mean_subtracted,1.5,"[81, 73, 52]",17,3,0.9310706557702441,"[84, 68, 44]",0
event,original_64_mean_subtracted,1.5,"[81, 73, 52]",17,4,0.8870366122198847,"[83, 68, 44]",0
event,original_64_mean_subtracted,1.5,"[81, 73, 52]",17,5,0.8219103317293742,"[83, 67, 44]",0
event,original_64_mean_subtracted,1.5,"[81, 73, 52]",25,0,1.36804873095104,"[93, 67, 41]",0
event,original_64_mean_subtracted,1.5,"[81, 73, 52]",25,1,1.2085673584460868,"[93, 65, 40]",0
event,original_64_mean_subtracted,1.5,"[81, 73, 52]",25,2,1.0899211839673528,"[93, 67, 40]",0
event,original_64_mean_subtracted,1.5,"[81, 73, 52]",25,3,1.1420616594182167,"[93, 65, 40]",0
event,original_64_mean_subtracted,1.5,"[81, 73, 52]",25,4,1.1178247548206193,"[93, 66, 40]",0
event,original_64_mean_subtracted,1.5,"[81, 73, 52]",25,5,1.0260469230190075,"[93, 66, 40]",0
event,original_64_mean_subtracted,1.5,"[81, 73, 52]",33,0,1.4807221939311397,"[97, 57, 36]",0
event,original_64_mean_subtracted,1.5,"[81, 73, 52]",33,1,1.3732796053914715,"[97, 57, 36]",0
event,original_64_mean_subtracted,1.5,"[81, 73, 52]",33,2,1.2369545210491697,"[97, 57, 36]",0
event,original_64_mean_subtracted,1.5,"[81, 73, 52]",33,3,1.3176497015427031,"[97, 57, 36]",0
event,original_64_mean_subtracted,1.5,"[81, 73, 52]",33,4,1.2880667065967066,"[97, 57, 36]",0
event,original_64_mean_subtracted,1.5,"[81, 73, 52]",33,5,1.1979410203736758,"[97, 57, 36]",0
event,original_64_mean_subtracted,1.5,"[47, 79, 75]",17,0,0.7972305107530632,"[55, 73, 68]",0
event,original_64_mean_subtracted,1.5,"[47, 79, 75]",17,1,0.689364597053464,"[55, 75, 70]",0
event,original_64_mean_subtracted,1.5,"[47, 79, 75]",17,2,0.595409821075163,"[55, 76, 70]",0
event,original_64_mean_subtracted,1.5,"[47, 79, 75]",17,3,0.6332692571945242,"[55, 75, 70]",0
event,original_64_mean_subtracted,1.5,"[47, 79, 75]",17,4,0.6189429409124876,"[55, 75, 70]",0
event,original_64_mean_subtracted,1.5,"[47, 79, 75]",17,5,0.5529027332467126,"[55, 76, 70]",0
event,original_64_mean_subtracted,1.5,"[47, 79, 75]",25,0,0.8881478372936187,"[49, 91, 73]",0
event,original_64_mean_subtracted,1.5,"[47, 79, 75]",25,1,0.8113525043202773,"[59, 78, 69]",0
event,original_64_mean_subtracted,1.5,"[47, 79, 75]",25,2,0.7245267378355921,"[59, 78, 69]",0
event,original_64_mean_subtracted,1.5,"[47, 79, 75]",25,3,0.7680613087457832,"[59, 78, 69]",0
event,original_64_mean_subtracted,1.5,"[47, 79, 75]",25,4,0.7553675990715477,"[59, 78, 69]",0
event,original_64_mean_subtracted,1.5,"[47, 79, 75]",25,5,0.6915435544356472,"[59, 78, 69]",0
event,original_64_mean_subtracted,1.5,"[47, 79, 75]",33,0,0.9489362979655881,"[50, 94, 72]",1
event,original_64_mean_subtracted,1.5,"[47, 79, 75]",33,1,0.8587930775708755,"[31, 95, 59]",0
event,original_64_mean_subtracted,1.5,"[47, 79, 75]",33,2,0.7942623455584396,"[31, 95, 59]",0
event,original_64_mean_subtracted,1.5,"[47, 79, 75]",33,3,0.8148909530107128,"[31, 95, 59]",0
event,original_64_mean_subtracted,1.5,"[47, 79, 75]",33,4,0.8109371811674305,"[31, 95, 59]",0
event,original_64_mean_subtracted,1.5,"[47, 79, 75]",33,5,0.7621417948562129,"[31, 95, 59]",0
central,original_64_mean_subtracted,2.0,64_64_64,32,0,1.2345824789283133,"[79, 48, 79]",0
central,original_64_mean_subtracted,2.0,64_64_64,32,1,1.0869823765683988,"[79, 48, 79]",0
central,original_64_mean_subtracted,2.0,64_64_64,32,2,0.9725317243084417,"[79, 48, 79]",0
central,original_64_mean_subtracted,2.0,64_64_64,32,3,0.9360294306685769,"[79, 49, 79]",0
central,original_64_mean_subtracted,2.0,64_64_64,32,4,0.9520291380554189,"[79, 48, 79]",0
central,original_64_mean_subtracted,2.0,64_64_64,32,5,0.8350141712645748,"[79, 48, 79]",0
central,original_64_mean_subtracted,2.0,64_64_64,48,0,1.4546031207451233,"[75, 48, 83]",4
central,original_64_mean_subtracted,2.0,64_64_64,48,1,1.2759733450423685,"[40, 87, 40]",0
central,original_64_mean_subtracted,2.0,64_64_64,48,2,1.1719615760248259,"[40, 86, 40]",0
central,original_64_mean_subtracted,2.0,64_64_64,48,3,1.245727612392597,"[40, 87, 40]",0
central,original_64_mean_subtracted,2.0,64_64_64,48,4,1.2144416825547133,"[40, 87, 40]",0
central,original_64_mean_subtracted,2.0,64_64_64,48,5,1.1614895915245484,"[40, 85, 40]",0
central,original_64_mean_subtracted,2.0,64_64_64,64,0,2.0890644187301164,"[32, 82, 32]",0
central,original_64_mean_subtracted,2.0,64_64_64,64,1,1.9566019575931297,"[32, 83, 32]",0
central,original_64_mean_subtracted,2.0,64_64_64,64,2,1.8708066250302249,"[32, 85, 32]",0
central,original_64_mean_subtracted,2.0,64_64_64,64,3,1.9434793456787725,"[32, 83, 32]",0
central,original_64_mean_subtracted,2.0,64_64_64,64,4,1.9025348087151281,"[32, 84, 32]",0
central,original_64_mean_subtracted,2.0,64_64_64,64,5,1.860727723718706,"[32, 85, 32]",0
event,original_64_mean_subtracted,2.0,"[56, 53, 83]",17,0,1.2375061984238642,"[56, 53, 83]",8
event,original_64_mean_subtracted,2.0,"[56, 53, 83]",17,1,0.9357268068524737,"[55, 50, 84]",5
event,original_64_mean_subtracted,2.0,"[56, 53, 83]",17,2,0.7879955733277917,"[48, 49, 91]",0
event,original_64_mean_subtracted,2.0,"[56, 53, 83]",17,3,0.854868612960155,"[53, 50, 84]",5
event,original_64_mean_subtracted,2.0,"[56, 53, 83]",17,4,0.814898138986177,"[48, 51, 91]",0
event,original_64_mean_subtracted,2.0,"[56, 53, 83]",17,5,0.7635355298288423,"[48, 49, 90]",0
event,original_64_mean_subtracted,2.0,"[56, 53, 83]",25,0,1.2375061984238642,"[56, 53, 83]",12
event,original_64_mean_subtracted,2.0,"[56, 53, 83]",25,1,0.9988010646445624,"[44, 54, 92]",0
event,original_64_mean_subtracted,2.0,"[56, 53, 83]",25,2,0.8956619063343159,"[44, 54, 94]",0
event,original_64_mean_subtracted,2.0,"[56, 53, 83]",25,3,0.9151511726498016,"[44, 53, 92]",0
event,original_64_mean_subtracted,2.0,"[56, 53, 83]",25,4,0.908143285307223,"[44, 54, 93]",0
event,original_64_mean_subtracted,2.0,"[56, 53, 83]",25,5,0.8252003241609971,"[44, 53, 94]",0
event,original_64_mean_subtracted,2.0,"[56, 53, 83]",33,0,1.297723429222333,"[72, 59, 98]",0
event,original_64_mean_subtracted,2.0,"[56, 53, 83]",33,1,1.0035513536601295,"[72, 58, 97]",0
event,original_64_mean_subtracted,2.0,"[56, 53, 83]",33,2,0.8992604416213333,"[43, 54, 94]",3
event,original_64_mean_subtracted,2.0,"[56, 53, 83]",33,3,0.9156031680212215,"[43, 54, 92]",3
event,original_64_mean_subtracted,2.0,"[56, 53, 83]",33,4,0.910124393851972,"[43, 54, 93]",3
event,original_64_mean_subtracted,2.0,"[56, 53, 83]",33,5,0.8252003241609971,"[44, 53, 94]",4
event,original_64_mean_subtracted,2.0,"[82, 49, 72]",17,0,1.3053679295615137,"[81, 48, 78]",2
event,original_64_mean_subtracted,2.0,"[82, 49, 72]",17,1,1.094256189445112,"[78, 48, 80]",0
event,original_64_mean_subtracted,2.0,"[82, 49, 72]",17,2,0.9872952447748221,"[80, 46, 79]",1
event,original_64_mean_subtracted,2.0,"[82, 49, 72]",17,3,1.0084448110767186,"[90, 47, 64]",0
event,original_64_mean_subtracted,2.0,"[82, 49, 72]",17,4,1.001355652121492,"[90, 47, 64]",0
event,original_64_mean_subtracted,2.0,"[82, 49, 72]",17,5,0.9444992842441989,"[90, 47, 64]",0
event,original_64_mean_subtracted,2.0,"[82, 49, 72]",25,0,1.4546031207451233,"[75, 48, 83]",1
event,original_64_mean_subtracted,2.0,"[82, 49, 72]",25,1,1.1438040254773254,"[93, 45, 60]",0
event,original_64_mean_subtracted,2.0,"[82, 49, 72]",25,2,1.05436467728303,"[94, 46, 60]",0
event,original_64_mean_subtracted,2.0,"[82, 49, 72]",25,3,1.0956360475150806,"[93, 45, 60]",0
event,original_64_mean_subtracted,2.0,"[82, 49, 72]",25,4,1.0803020290675451,"[94, 46, 60]",0
event,original_64_mean_subtracted,2.0,"[82, 49, 72]",25,5,1.0098752620469074,"[94, 46, 60]",0
event,original_64_mean_subtracted,2.0,"[82, 49, 72]",33,0,1.4546031207451233,"[75, 48, 83]",5
event,original_64_mean_subtracted,2.0,"[82, 49, 72]",33,1,1.2139062367040738,"[97, 46, 56]",0
event,original_64_mean_subtracted,2.0,"[82, 49, 72]",33,2,1.0969107319766405,"[97, 46, 56]",0
event,original_64_mean_subtracted,2.0,"[82, 49, 72]",33,3,1.17514767463779,"[96, 46, 56]",0
event,original_64_mean_subtracted,2.0,"[82, 49, 72]",33,4,1.1302214380321167,"[97, 46, 56]",0
event,original_64_mean_subtracted,2.0,"[82, 49, 72]",33,5,1.0574770465843497,"[96, 46, 56]",0
event,original_64_mean_subtracted,2.0,"[66, 83, 63]",17,0,1.0628033587781247,"[72, 80, 66]",2
event,original_64_mean_subtracted,2.0,"[66, 83, 63]",17,1,0.8029501863027186,"[65, 81, 66]",5
event,original_64_mean_subtracted,2.0,"[66, 83, 63]",17,2,0.6993663092603087,"[64, 80, 67]",4
event,original_64_mean_subtracted,2.0,"[66, 83, 63]",17,3,0.7492179555363883,"[64, 80, 66]",5
event,original_64_mean_subtracted,2.0,"[66, 83, 63]",17,4,0.733720710205407,"[63, 80, 67]",4
event,original_64_mean_subtracted,2.0,"[66, 83, 63]",17,5,0.6533856014402445,"[63, 80, 68]",3
event,original_64_mean_subtracted,2.0,"[66, 83, 63]",25,0,1.0628033587781247,"[72, 80, 66]",6
event,original_64_mean_subtracted,2.0,"[66, 83, 63]",25,1,0.8029501863027186,"[65, 81, 66]",9
event,original_64_mean_subtracted,2.0,"[66, 83, 63]",25,2,0.6993663092603087,"[64, 80, 67]",8
event,original_64_mean_subtracted,2.0,"[66, 83, 63]",25,3,0.7492179555363883,"[64, 80, 66]",9
event,original_64_mean_subtracted,2.0,"[66, 83, 63]",25,4,0.733720710205407,"[63, 80, 67]",8
event,original_64_mean_subtracted,2.0,"[66, 83, 63]",25,5,0.6573346360767889,"[78, 82, 73]",0
event,original_64_mean_subtracted,2.0,"[66, 83, 63]",33,0,1.0658111541856423,"[82, 77, 64]",0
event,original_64_mean_subtracted,2.0,"[66, 83, 63]",33,1,0.8674771630714401,"[76, 94, 79]",0
event,original_64_mean_subtracted,2.0,"[66, 83, 63]",33,2,0.7976371880815016,"[75, 92, 79]",0
event,original_64_mean_subtracted,2.0,"[66, 83, 63]",33,3,0.8151441834073443,"[50, 73, 47]",0
event,original_64_mean_subtracted,2.0,"[66, 83, 63]",33,4,0.7815365666667399,"[50, 73, 47]",0
event,original_64_mean_subtracted,2.0,"[66, 83, 63]",33,5,0.7480551311057166,"[50, 72, 47]",0
event,original_64_mean_subtracted,2.0,"[75, 65, 69]",17,0,0.9595055286397794,"[79, 57, 77]",0
event,original_64_mean_subtracted,2.0,"[75, 65, 69]",17,1,0.8258189491654911,"[83, 73, 75]",0
event,original_64_mean_subtracted,2.0,"[75, 65, 69]",17,2,0.7131045115893785,"[80, 57, 77]",0
event,original_64_mean_subtracted,2.0,"[75, 65, 69]",17,3,0.7968009195130106,"[83, 73, 76]",0
event,original_64_mean_subtracted,2.0,"[75, 65, 69]",17,4,0.7218604628303594,"[83, 57, 77]",0
event,original_64_mean_subtracted,2.0,"[75, 65, 69]",17,5,0.6953532051342807,"[83, 57, 77]",0
event,original_64_mean_subtracted,2.0,"[75, 65, 69]",25,0,1.2905337343181689,"[87, 74, 74]",0
event,original_64_mean_subtracted,2.0,"[75, 65, 69]",25,1,1.0230045273427957,"[87, 74, 74]",0
event,original_64_mean_subtracted,2.0,"[75, 65, 69]",25,2,0.8988145134621899,"[80, 53, 81]",0
event,original_64_mean_subtracted,2.0,"[75, 65, 69]",25,3,0.952644780869231,"[86, 53, 75]",0
event,original_64_mean_subtracted,2.0,"[75, 65, 69]",25,4,0.9062252593217809,"[87, 53, 73]",0
event,original_64_mean_subtracted,2.0,"[75, 65, 69]",25,5,0.8402794338211407,"[87, 53, 73]",0
event,original_64_mean_subtracted,2.0,"[75, 65, 69]",33,0,1.4193143321323143,"[89, 72, 72]",2
event,original_64_mean_subtracted,2.0,"[75, 65, 69]",33,1,1.0880200279646848,"[78, 49, 81]",0
event,original_64_mean_subtracted,2.0,"[75, 65, 69]",33,2,0.9783348656952348,"[91, 49, 64]",0
event,original_64_mean_subtracted,2.0,"[75, 65, 69]",33,3,1.006951654206371,"[91, 49, 65]",0
event,original_64_mean_subtracted,2.0,"[75, 65, 69]",33,4,0.9966285162100622,"[91, 49, 65]",0
event,original_64_mean_subtracted,2.0,"[75, 65, 69]",33,5,0.9418365249018347,"[91, 49, 63]",0
event,original_64_mean_subtracted,2.0,"[65, 68, 56]",17,0,0.9774865746833917,"[72, 76, 64]",0
event,original_64_mean_subtracted,2.0,"[65, 68, 56]",17,1,0.7101733736635507,"[57, 70, 48]",0
event,original_64_mean_subtracted,2.0,"[65, 68, 56]",17,2,0.6579678193367862,"[57, 66, 48]",0
event,original_64_mean_subtracted,2.0,"[65, 68, 56]",17,3,0.6926849025899087,"[57, 70, 48]",0
event,original_64_mean_subtracted,2.0,"[65, 68, 56]",17,4,0.6730116891707422,"[57, 68, 48]",0
event,original_64_mean_subtracted,2.0,"[65, 68, 56]",17,5,0.6380210474377893,"[57, 67, 48]",0
event,original_64_mean_subtracted,2.0,"[65, 68, 56]",25,0,1.0628033587781247,"[72, 80, 66]",0
event,original_64_mean_subtracted,2.0,"[65, 68, 56]",25,1,0.8758353136743897,"[53, 74, 44]",0
event,original_64_mean_subtracted,2.0,"[65, 68, 56]",25,2,0.8203566442078395,"[53, 72, 44]",0
event,original_64_mean_subtracted,2.0,"[65, 68, 56]",25,3,0.8599097786184718,"[53, 73, 44]",0
event,original_64_mean_subtracted,2.0,"[65, 68, 56]",25,4,0.843406281186208,"[53, 73, 44]",0
event,original_64_mean_subtracted,2.0,"[65, 68, 56]",25,5,0.8051386648404748,"[53, 72, 44]",0
event,original_64_mean_subtracted,2.0,"[65, 68, 56]",33,0,1.2100269811788424,"[81, 65, 40]",0
event,original_64_mean_subtracted,2.0,"[65, 68, 56]",33,1,1.0498084927703988,"[81, 65, 40]",0
event,original_64_mean_subtracted,2.0,"[65, 68, 56]",33,2,0.9776661036663865,"[49, 78, 40]",0
event,original_64_mean_subtracted,2.0,"[65, 68, 56]",33,3,1.0057949997047728,"[49, 77, 40]",0
event,original_64_mean_subtracted,2.0,"[65, 68, 56]",33,4,0.9891482039149704,"[49, 77, 40]",0
event,original_64_mean_subtracted,2.0,"[65, 68, 56]",33,5,0.9548606146218271,"[49, 77, 40]",0
event,original_64_mean_subtracted,2.0,"[50, 55, 55]",17,0,0.8481266489266028,"[54, 63, 47]",0
event,original_64_mean_subtracted,2.0,"[50, 55, 55]",17,1,0.728737835388353,"[55, 63, 47]",0
event,original_64_mean_subtracted,2.0,"[50, 55, 55]",17,2,0.7074999167513302,"[42, 63, 47]",0
event,original_64_mean_subtracted,2.0,"[50, 55, 55]",17,3,0.7137734288872308,"[42, 63, 47]",0
event,original_64_mean_subtracted,2.0,"[50, 55, 55]",17,4,0.7078450517025455,"[42, 63, 47]",0
event,original_64_mean_subtracted,2.0,"[50, 55, 55]",17,5,0.7081695423989601,"[42, 63, 47]",0
event,original_64_mean_subtracted,2.0,"[50, 55, 55]",25,0,0.9942467084297265,"[59, 58, 43]",0
event,original_64_mean_subtracted,2.0,"[50, 55, 55]",25,1,0.9009020043642207,"[38, 67, 43]",0
event,original_64_mean_subtracted,2.0,"[50, 55, 55]",25,2,0.8857268033987039,"[38, 67, 43]",0
event,original_64_mean_subtracted,2.0,"[50, 55, 55]",25,3,0.8895689035846761,"[38, 67, 43]",0
event,original_64_mean_subtracted,2.0,"[50, 55, 55]",25,4,0.8940103948147059,"[38, 67, 43]",0
event,original_64_mean_subtracted,2.0,"[50, 55, 55]",25,5,0.8812091151341793,"[38, 67, 43]",0
event,original_64_mean_subtracted,2.0,"[50, 55, 55]",33,0,1.2741177063590192,"[37, 44, 39]",0
event,original_64_mean_subtracted,2.0,"[50, 55, 55]",33,1,1.1550459251803729,"[34, 71, 39]",0
event,original_64_mean_subtracted,2.0,"[50, 55, 55]",33,2,1.1337969046416718,"[34, 71, 39]",0
event,original_64_mean_subtracted,2.0,"[50, 55, 55]",33,3,1.1368849992961894,"[34, 71, 39]",0
event,original_64_mean_subtracted,2.0,"[50, 55, 55]",33,4,1.1343162573740464,"[34, 71, 39]",0
event,original_64_mean_subtracted,2.0,"[50, 55, 55]",33,5,1.1289101342455456,"[34, 71, 39]",0
event,original_64_mean_subtracted,2.0,"[81, 73, 52]",17,0,1.1242217441082927,"[86, 69, 44]",0
event,original_64_mean_subtracted,2.0,"[81, 73, 52]",17,1,0.9108187064412039,"[83, 68, 44]",0
event,original_64_mean_subtracted,2.0,"[81, 73, 52]",17,2,0.8117540517716714,"[82, 65, 44]",0
event,original_64_mean_subtracted,2.0,"[81, 73, 52]",17,3,0.8717966376715036,"[84, 68, 44]",0
event,original_64_mean_subtracted,2.0,"[81, 73, 52]",17,4,0.8219103317293742,"[83, 67, 44]",0
event,original_64_mean_subtracted,2.0,"[81, 73, 52]",17,5,0.7463627814969283,"[83, 66, 44]",0
event,original_64_mean_subtracted,2.0,"[81, 73, 52]",25,0,1.36804873095104,"[93, 67, 41]",0
event,original_64_mean_subtracted,2.0,"[81, 73, 52]",25,1,1.147958834548021,"[93, 66, 40]",0
event,original_64_mean_subtracted,2.0,"[81, 73, 52]",25,2,0.9833835189247417,"[93, 67, 40]",0
event,original_64_mean_subtracted,2.0,"[81, 73, 52]",25,3,1.0760394100367725,"[91, 65, 40]",0
event,original_64_mean_subtracted,2.0,"[81, 73, 52]",25,4,1.0260469230190075,"[93, 66, 40]",0
event,original_64_mean_subtracted,2.0,"[81, 73, 52]",25,5,0.9218049402617909,"[90, 65, 40]",0
event,original_64_mean_subtracted,2.0,"[81, 73, 52]",33,0,1.4807221939311397,"[97, 57, 36]",0
event,original_64_mean_subtracted,2.0,"[81, 73, 52]",33,1,1.317809249598342,"[97, 57, 36]",0
event,original_64_mean_subtracted,2.0,"[81, 73, 52]",33,2,1.1415688359528207,"[97, 57, 36]",0
event,original_64_mean_subtracted,2.0,"[81, 73, 52]",33,3,1.2337509418854011,"[97, 57, 36]",0
event,original_64_mean_subtracted,2.0,"[81, 73, 52]",33,4,1.1979410203736758,"[97, 57, 36]",0
event,original_64_mean_subtracted,2.0,"[81, 73, 52]",33,5,1.092555648918625,"[92, 60, 36]",0
event,original_64_mean_subtracted,2.0,"[47, 79, 75]",17,0,0.7972305107530632,"[55, 73, 68]",0
event,original_64_mean_subtracted,2.0,"[47, 79, 75]",17,1,0.6429487312951114,"[55, 75, 70]",0
event,original_64_mean_subtracted,2.0,"[47, 79, 75]",17,2,0.5206829924667116,"[55, 78, 71]",0
event,original_64_mean_subtracted,2.0,"[47, 79, 75]",17,3,0.5855776072251976,"[55, 76, 70]",0
event,original_64_mean_subtracted,2.0,"[47, 79, 75]",17,4,0.5529027332467126,"[55, 76, 70]",0
event,original_64_mean_subtracted,2.0,"[47, 79, 75]",17,5,0.48365222827360826,"[55, 78, 71]",0
event,original_64_mean_subtracted,2.0,"[47, 79, 75]",25,0,0.8881478372936187,"[49, 91, 73]",0
event,original_64_mean_subtracted,2.0,"[47, 79, 75]",25,1,0.7753291195794345,"[59, 78, 69]",0
event,original_64_mean_subtracted,2.0,"[47, 79, 75]",25,2,0.6516618932494027,"[59, 78, 69]",0
event,original_64_mean_subtracted,2.0,"[47, 79, 75]",25,3,0.7122931954860399,"[59, 78, 69]",0
event,original_64_mean_subtracted,2.0,"[47, 79, 75]",25,4,0.6915435544356472,"[59, 78, 69]",0
event,original_64_mean_subtracted,2.0,"[47, 79, 75]",25,5,0.6041787193751949,"[59, 79, 70]",0
event,original_64_mean_subtracted,2.0,"[47, 79, 75]",33,0,0.9489362979655881,"[50, 94, 72]",1
event,original_64_mean_subtracted,2.0,"[47, 79, 75]",33,1,0.8271629046879094,"[31, 95, 59]",0
event,original_64_mean_subtracted,2.0,"[47, 79, 75]",33,2,0.7428779705200224,"[31, 95, 59]",0
event,original_64_mean_subtracted,2.0,"[47, 79, 75]",33,3,0.7614007643348448,"[31, 95, 59]",0
event,original_64_mean_subtracted,2.0,"[47, 79, 75]",33,4,0.7621417948562129,"[31, 95, 59]",0
event,original_64_mean_subtracted,2.0,"[47, 79, 75]",33,5,0.7025495334221721,"[31, 95, 59]",0
central,expanded_128_mean_subtracted,0.5,64_64_64,32,0,1.3719918506292352,"[73, 50, 79]",0
central,expanded_128_mean_subtracted,0.5,64_64_64,32,1,1.3185999596164686,"[73, 50, 79]",0
central,expanded_128_mean_subtracted,0.5,64_64_64,32,2,1.2426467248456932,"[73, 50, 79]",0
central,expanded_128_mean_subtracted,0.5,64_64_64,32,3,1.2400231744639039,"[74, 49, 79]",0
central,expanded_128_mean_subtracted,0.5,64_64_64,32,4,1.2404038347796047,"[73, 50, 79]",0
central,expanded_128_mean_subtracted,0.5,64_64_64,32,5,1.2007731889682731,"[79, 48, 79]",0
central,expanded_128_mean_subtracted,0.5,64_64_64,48,0,1.5246602205727082,"[56, 53, 83]",4
central,expanded_128_mean_subtracted,0.5,64_64_64,48,1,1.4883277629814333,"[56, 52, 83]",4
central,expanded_128_mean_subtracted,0.5,64_64_64,48,2,1.4234399214661322,"[55, 52, 84]",3
central,expanded_128_mean_subtracted,0.5,64_64_64,48,3,1.4570864871615627,"[56, 52, 83]",4
central,expanded_128_mean_subtracted,0.5,64_64_64,48,4,1.4445160434532727,"[56, 52, 83]",4
central,expanded_128_mean_subtracted,0.5,64_64_64,48,5,1.3993659103233884,"[55, 52, 84]",3
central,expanded_128_mean_subtracted,0.5,64_64_64,64,0,1.808493265839831,"[32, 82, 32]",0
central,expanded_128_mean_subtracted,0.5,64_64_64,64,1,1.7921359156444463,"[32, 82, 32]",0
central,expanded_128_mean_subtracted,0.5,64_64_64,64,2,1.7509935975650521,"[32, 82, 32]",0
central,expanded_128_mean_subtracted,0.5,64_64_64,64,3,1.7894370514670503,"[32, 82, 32]",0
central,expanded_128_mean_subtracted,0.5,64_64_64,64,4,1.77045952817926,"[32, 82, 32]",0
central,expanded_128_mean_subtracted,0.5,64_64_64,64,5,1.7495205670448606,"[32, 82, 32]",0
event,expanded_128_mean_subtracted,0.5,"[56, 53, 83]",17,0,1.5246602205727082,"[56, 53, 83]",8
event,expanded_128_mean_subtracted,0.5,"[56, 53, 83]",17,1,1.4883277629814333,"[56, 52, 83]",7
event,expanded_128_mean_subtracted,0.5,"[56, 53, 83]",17,2,1.4234399214661322,"[55, 52, 84]",7
event,expanded_128_mean_subtracted,0.5,"[56, 53, 83]",17,3,1.4570864871615627,"[56, 52, 83]",7
event,expanded_128_mean_subtracted,0.5,"[56, 53, 83]",17,4,1.4445160434532727,"[56, 52, 83]",7
event,expanded_128_mean_subtracted,0.5,"[56, 53, 83]",17,5,1.3993659103233884,"[55, 52, 84]",7
event,expanded_128_mean_subtracted,0.5,"[56, 53, 83]",25,0,1.5246602205727082,"[56, 53, 83]",12
event,expanded_128_mean_subtracted,0.5,"[56, 53, 83]",25,1,1.4883277629814333,"[56, 52, 83]",11
event,expanded_128_mean_subtracted,0.5,"[56, 53, 83]",25,2,1.4234399214661322,"[55, 52, 84]",11
event,expanded_128_mean_subtracted,0.5,"[56, 53, 83]",25,3,1.4570864871615627,"[56, 52, 83]",11
event,expanded_128_mean_subtracted,0.5,"[56, 53, 83]",25,4,1.4445160434532727,"[56, 52, 83]",11
event,expanded_128_mean_subtracted,0.5,"[56, 53, 83]",25,5,1.3993659103233884,"[55, 52, 84]",11
event,expanded_128_mean_subtracted,0.5,"[56, 53, 83]",33,0,1.5320887712489424,"[43, 60, 99]",0
event,expanded_128_mean_subtracted,0.5,"[56, 53, 83]",33,1,1.4883277629814333,"[56, 52, 83]",15
event,expanded_128_mean_subtracted,0.5,"[56, 53, 83]",33,2,1.453758015283693,"[72, 59, 98]",0
event,expanded_128_mean_subtracted,0.5,"[56, 53, 83]",33,3,1.4570864871615627,"[56, 52, 83]",15
event,expanded_128_mean_subtracted,0.5,"[56, 53, 83]",33,4,1.4455990594425747,"[72, 59, 98]",0
event,expanded_128_mean_subtracted,0.5,"[56, 53, 83]",33,5,1.3993659103233884,"[55, 52, 84]",15
event,expanded_128_mean_subtracted,0.5,"[82, 50, 78]",17,0,1.4938085973692121,"[75, 48, 83]",1
event,expanded_128_mean_subtracted,0.5,"[82, 50, 78]",17,1,1.4513967935233483,"[75, 48, 83]",1
event,expanded_128_mean_subtracted,0.5,"[82, 50, 78]",17,2,1.3863421880413642,"[76, 47, 83]",2
event,expanded_128_mean_subtracted,0.5,"[82, 50, 78]",17,3,1.4004044175067496,"[75, 48, 83]",1
event,expanded_128_mean_subtracted,0.5,"[82, 50, 78]",17,4,1.3927269723147266,"[76, 47, 83]",2
event,expanded_128_mean_subtracted,0.5,"[82, 50, 78]",17,5,1.3401964237339257,"[76, 47, 83]",2
event,expanded_128_mean_subtracted,0.5,"[82, 50, 78]",25,0,1.4938085973692121,"[75, 48, 83]",5
event,expanded_128_mean_subtracted,0.5,"[82, 50, 78]",25,1,1.4513967935233483,"[75, 48, 83]",5
event,expanded_128_mean_subtracted,0.5,"[82, 50, 78]",25,2,1.3863421880413642,"[76, 47, 83]",6
event,expanded_128_mean_subtracted,0.5,"[82, 50, 78]",25,3,1.4004044175067496,"[75, 48, 83]",5
event,expanded_128_mean_subtracted,0.5,"[82, 50, 78]",25,4,1.3927269723147266,"[76, 47, 83]",6
event,expanded_128_mean_subtracted,0.5,"[82, 50, 78]",25,5,1.3401964237339257,"[76, 47, 83]",6
event,expanded_128_mean_subtracted,0.5,"[82, 50, 78]",33,0,1.4938085973692121,"[75, 48, 83]",9
event,expanded_128_mean_subtracted,0.5,"[82, 50, 78]",33,1,1.4513967935233483,"[75, 48, 83]",9
event,expanded_128_mean_subtracted,0.5,"[82, 50, 78]",33,2,1.4156725701283466,"[97, 34, 93]",0
event,expanded_128_mean_subtracted,0.5,"[82, 50, 78]",33,3,1.4114029728194037,"[96, 34, 94]",0
event,expanded_128_mean_subtracted,0.5,"[82, 50, 78]",33,4,1.4144004353248425,"[96, 34, 94]",0
event,expanded_128_mean_subtracted,0.5,"[82, 50, 78]",33,5,1.3967980437789531,"[96, 34, 94]",0
event,expanded_128_mean_subtracted,0.5,"[83, 76, 63]",17,0,1.5835930831631524,"[89, 72, 71]",0
event,expanded_128_mean_subtracted,0.5,"[83, 76, 63]",17,1,1.5279407655897952,"[89, 72, 71]",0
event,expanded_128_mean_subtracted,0.5,"[83, 76, 63]",17,2,1.4693049912341156,"[89, 72, 71]",0
event,expanded_128_mean_subtracted,0.5,"[83, 76, 63]",17,3,1.4252238722602304,"[89, 72, 71]",0
event,expanded_128_mean_subtracted,0.5,"[83, 76, 63]",17,4,1.4531027708895394,"[89, 72, 71]",0
event,expanded_128_mean_subtracted,0.5,"[83, 76, 63]",17,5,1.3837689628197123,"[89, 72, 71]",0
event,expanded_128_mean_subtracted,0.5,"[83, 76, 63]",25,0,1.6083154884565465,"[89, 72, 72]",3
event,expanded_128_mean_subtracted,0.5,"[83, 76, 63]",25,1,1.549753266568108,"[89, 72, 72]",3
event,expanded_128_mean_subtracted,0.5,"[83, 76, 63]",25,2,1.4886655179059434,"[89, 72, 72]",3
event,expanded_128_mean_subtracted,0.5,"[83, 76, 63]",25,3,1.4613131396449708,"[90, 71, 75]",0
event,expanded_128_mean_subtracted,0.5,"[83, 76, 63]",25,4,1.4768513589226229,"[90, 71, 73]",2
event,expanded_128_mean_subtracted,0.5,"[83, 76, 63]",25,5,1.4183308791961946,"[90, 71, 73]",2
event,expanded_128_mean_subtracted,0.5,"[83, 76, 63]",33,0,1.6083154884565465,"[89, 72, 72]",7
event,expanded_128_mean_subtracted,0.5,"[83, 76, 63]",33,1,1.549753266568108,"[89, 72, 72]",7
event,expanded_128_mean_subtracted,0.5,"[83, 76, 63]",33,2,1.4886655179059434,"[89, 72, 72]",7
event,expanded_128_mean_subtracted,0.5,"[83, 76, 63]",33,3,1.4613131396449708,"[90, 71, 75]",4
event,expanded_128_mean_subtracted,0.5,"[83, 76, 63]",33,4,1.4768513589226229,"[90, 71, 73]",6
event,expanded_128_mean_subtracted,0.5,"[83, 76, 63]",33,5,1.4183308791961946,"[90, 71, 73]",6
event,expanded_128_mean_subtracted,0.5,"[65, 82, 62]",17,0,1.2827003652457583,"[72, 81, 67]",1
event,expanded_128_mean_subtracted,0.5,"[65, 82, 62]",17,1,1.229533072687887,"[73, 83, 70]",0
event,expanded_128_mean_subtracted,0.5,"[65, 82, 62]",17,2,1.1953776742774873,"[73, 83, 70]",0
event,expanded_128_mean_subtracted,0.5,"[65, 82, 62]",17,3,1.1510664313259762,"[73, 82, 69]",0
event,expanded_128_mean_subtracted,0.5,"[65, 82, 62]",17,4,1.1740253218128707,"[73, 83, 70]",0
event,expanded_128_mean_subtracted,0.5,"[65, 82, 62]",17,5,1.1184703495697754,"[73, 83, 70]",0
event,expanded_128_mean_subtracted,0.5,"[65, 82, 62]",25,0,1.3206604955022516,"[73, 92, 74]",0
event,expanded_128_mean_subtracted,0.5,"[65, 82, 62]",25,1,1.2884396270128318,"[73, 92, 74]",0
event,expanded_128_mean_subtracted,0.5,"[65, 82, 62]",25,2,1.233222514728417,"[74, 91, 74]",0
event,expanded_128_mean_subtracted,0.5,"[65, 82, 62]",25,3,1.2637874709200805,"[73, 92, 74]",0
event,expanded_128_mean_subtracted,0.5,"[65, 82, 62]",25,4,1.2437787966870821,"[73, 92, 74]",0
event,expanded_128_mean_subtracted,0.5,"[65, 82, 62]",25,5,1.2001160535405624,"[73, 92, 74]",0
event,expanded_128_mean_subtracted,0.5,"[65, 82, 62]",33,0,1.3206604955022516,"[73, 92, 74]",4
event,expanded_128_mean_subtracted,0.5,"[65, 82, 62]",33,1,1.2939745158599048,"[75, 90, 77]",1
event,expanded_128_mean_subtracted,0.5,"[65, 82, 62]",33,2,1.2814551036227566,"[75, 90, 77]",1
event,expanded_128_mean_subtracted,0.5,"[65, 82, 62]",33,3,1.2637874709200805,"[73, 92, 74]",4
event,expanded_128_mean_subtracted,0.5,"[65, 82, 62]",33,4,1.2655712281551206,"[75, 89, 78]",0
event,expanded_128_mean_subtracted,0.5,"[65, 82, 62]",33,5,1.2346321905716495,"[75, 90, 78]",0
event,expanded_128_mean_subtracted,0.5,"[46, 79, 74]",17,0,0.9312079407404168,"[46, 79, 74]",8
event,expanded_128_mean_subtracted,0.5,"[46, 79, 74]",17,1,0.9220653680702059,"[46, 79, 74]",8
event,expanded_128_mean_subtracted,0.5,"[46, 79, 74]",17,2,0.9053548052296272,"[46, 79, 74]",8
event,expanded_128_mean_subtracted,0.5,"[46, 79, 74]",17,3,0.90887315127034,"[46, 79, 74]",8
event,expanded_128_mean_subtracted,0.5,"[46, 79, 74]",17,4,0.908474640882584,"[46, 79, 74]",8
event,expanded_128_mean_subtracted,0.5,"[46, 79, 74]",17,5,0.8937373805283225,"[46, 78, 73]",7
event,expanded_128_mean_subtracted,0.5,"[46, 79, 74]",25,0,1.024058377777251,"[49, 91, 73]",0
event,expanded_128_mean_subtracted,0.5,"[46, 79, 74]",25,1,0.9924873397355236,"[49, 91, 73]",0
event,expanded_128_mean_subtracted,0.5,"[46, 79, 74]",25,2,0.9351446980128828,"[49, 91, 73]",0
event,expanded_128_mean_subtracted,0.5,"[46, 79, 74]",25,3,0.9630098447942403,"[49, 91, 73]",0
event,expanded_128_mean_subtracted,0.5,"[46, 79, 74]",25,4,0.9509624707394145,"[49, 91, 73]",0
event,expanded_128_mean_subtracted,0.5,"[46, 79, 74]",25,5,0.9119677852336102,"[49, 91, 73]",0
event,expanded_128_mean_subtracted,0.5,"[46, 79, 74]",33,0,1.14077081559416,"[36, 63, 90]",0
event,expanded_128_mean_subtracted,0.5,"[46, 79, 74]",33,1,1.1185372905746842,"[36, 63, 90]",0
event,expanded_128_mean_subtracted,0.5,"[46, 79, 74]",33,2,1.0723674618309087,"[30, 95, 58]",0
event,expanded_128_mean_subtracted,0.5,"[46, 79, 74]",33,3,1.1057681310564462,"[36, 63, 90]",0
event,expanded_128_mean_subtracted,0.5,"[46, 79, 74]",33,4,1.0870873157168928,"[37, 63, 90]",0
event,expanded_128_mean_subtracted,0.5,"[46, 79, 74]",33,5,1.0642966486425682,"[30, 95, 58]",0
event,expanded_128_mean_subtracted,0.5,"[52, 63, 46]",17,0,0.9930485365159281,"[54, 55, 38]",0
event,expanded_128_mean_subtracted,0.5,"[52, 63, 46]",17,1,0.9835862810291126,"[54, 55, 38]",0
event,expanded_128_mean_subtracted,0.5,"[52, 63, 46]",17,2,0.9645360561335745,"[54, 55, 38]",0
event,expanded_128_mean_subtracted,0.5,"[52, 63, 46]",17,3,0.9785764168888715,"[54, 55, 38]",0
event,expanded_128_mean_subtracted,0.5,"[52, 63, 46]",17,4,0.9716607259082186,"[54, 55, 38]",0
event,expanded_128_mean_subtracted,0.5,"[52, 63, 46]",17,5,0.9603523983980171,"[54, 55, 38]",0
event,expanded_128_mean_subtracted,0.5,"[52, 63, 46]",25,0,1.2631235134928267,"[43, 75, 34]",0
event,expanded_128_mean_subtracted,0.5,"[52, 63, 46]",25,1,1.2495212110675087,"[43, 75, 34]",0
event,expanded_128_mean_subtracted,0.5,"[52, 63, 46]",25,2,1.217969192567855,"[43, 75, 34]",0
event,expanded_128_mean_subtracted,0.5,"[52, 63, 46]",25,3,1.232790543612286,"[43, 75, 34]",0
event,expanded_128_mean_subtracted,0.5,"[52, 63, 46]",25,4,1.2273936471823121,"[43, 75, 34]",0
event,expanded_128_mean_subtracted,0.5,"[52, 63, 46]",25,5,1.2030920477755407,"[43, 75, 34]",0
event,expanded_128_mean_subtracted,0.5,"[52, 63, 46]",33,0,1.6669165102123926,"[54, 79, 30]",0
event,expanded_128_mean_subtracted,0.5,"[52, 63, 46]",33,1,1.6272971017699092,"[54, 79, 30]",0
event,expanded_128_mean_subtracted,0.5,"[52, 63, 46]",33,2,1.5437528035405828,"[53, 78, 30]",0
event,expanded_128_mean_subtracted,0.5,"[52, 63, 46]",33,3,1.601067717656983,"[54, 79, 30]",0
event,expanded_128_mean_subtracted,0.5,"[52, 63, 46]",33,4,1.574767386150236,"[53, 78, 30]",0
event,expanded_128_mean_subtracted,0.5,"[52, 63, 46]",33,5,1.5249246317859841,"[53, 78, 30]",0
event,expanded_128_mean_subtracted,0.5,"[51, 64, 69]",17,0,0.846167987334645,"[47, 72, 63]",0
event,expanded_128_mean_subtracted,0.5,"[51, 64, 69]",17,1,0.8366224500885151,"[47, 72, 63]",0
event,expanded_128_mean_subtracted,0.5,"[51, 64, 69]",17,2,0.8264041252573676,"[47, 72, 63]",0
event,expanded_128_mean_subtracted,0.5,"[51, 64, 69]",17,3,0.8168533002025543,"[47, 72, 64]",0
event,expanded_128_mean_subtracted,0.5,"[51, 64, 69]",17,4,0.8226206575261826,"[47, 72, 64]",0
event,expanded_128_mean_subtracted,0.5,"[51, 64, 69]",17,5,0.8074689923949573,"[47, 72, 64]",0
event,expanded_128_mean_subtracted,0.5,"[51, 64, 69]",25,0,1.411582234066525,"[58, 52, 81]",0
event,expanded_128_mean_subtracted,0.5,"[51, 64, 69]",25,1,1.3727316395711142,"[58, 52, 81]",0
event,expanded_128_mean_subtracted,0.5,"[51, 64, 69]",25,2,1.2886890528892698,"[58, 52, 81]",0
event,expanded_128_mean_subtracted,0.5,"[51, 64, 69]",25,3,1.3377919816109565,"[58, 52, 81]",0
event,expanded_128_mean_subtracted,0.5,"[51, 64, 69]",25,4,1.3173051936687776,"[58, 52, 81]",0
event,expanded_128_mean_subtracted,0.5,"[51, 64, 69]",25,5,1.265671135700943,"[57, 52, 81]",0
event,expanded_128_mean_subtracted,0.5,"[51, 64, 69]",33,0,1.5246602205727082,"[56, 53, 83]",2
event,expanded_128_mean_subtracted,0.5,"[51, 64, 69]",33,1,1.4883277629814333,"[56, 52, 83]",2
event,expanded_128_mean_subtracted,0.5,"[51, 64, 69]",33,2,1.4234399214661322,"[55, 52, 84]",1
event,expanded_128_mean_subtracted,0.5,"[51, 64, 69]",33,3,1.4570864871615627,"[56, 52, 83]",2
event,expanded_128_mean_subtracted,0.5,"[51, 64, 69]",33,4,1.4445160434532727,"[56, 52, 83]",2
event,expanded_128_mean_subtracted,0.5,"[51, 64, 69]",33,5,1.3993659103233884,"[55, 52, 84]",1
event,expanded_128_mean_subtracted,0.5,"[58, 81, 47]",17,0,0.9614636949474333,"[50, 85, 39]",0
event,expanded_128_mean_subtracted,0.5,"[58, 81, 47]",17,1,0.9475854595453523,"[50, 85, 39]",0
event,expanded_128_mean_subtracted,0.5,"[58, 81, 47]",17,2,0.9395247260248469,"[50, 85, 39]",0
event,expanded_128_mean_subtracted,0.5,"[58, 81, 47]",17,3,0.9266155381369944,"[50, 86, 39]",0
event,expanded_128_mean_subtracted,0.5,"[58, 81, 47]",17,4,0.9343792413502435,"[50, 86, 39]",0
event,expanded_128_mean_subtracted,0.5,"[58, 81, 47]",17,5,0.9235312981282449,"[50, 86, 39]",0
event,expanded_128_mean_subtracted,0.5,"[58, 81, 47]",25,0,1.25647798153462,"[46, 78, 35]",0
event,expanded_128_mean_subtracted,0.5,"[58, 81, 47]",25,1,1.2335561413703893,"[46, 78, 35]",0
event,expanded_128_mean_subtracted,0.5,"[58, 81, 47]",25,2,1.1975872658761377,"[46, 78, 35]",0
event,expanded_128_mean_subtracted,0.5,"[58, 81, 47]",25,3,1.2105586353307753,"[46, 78, 35]",0
event,expanded_128_mean_subtracted,0.5,"[58, 81, 47]",25,4,1.20580958339623,"[46, 78, 35]",0
event,expanded_128_mean_subtracted,0.5,"[58, 81, 47]",25,5,1.1828108414320568,"[46, 78, 35]",0
event,expanded_128_mean_subtracted,0.5,"[58, 81, 47]",33,0,1.6070338126129207,"[42, 83, 31]",0
event,expanded_128_mean_subtracted,0.5,"[58, 81, 47]",33,1,1.5870656185855203,"[42, 83, 31]",0
event,expanded_128_mean_subtracted,0.5,"[58, 81, 47]",33,2,1.543899011525423,"[42, 83, 31]",0
event,expanded_128_mean_subtracted,0.5,"[58, 81, 47]",33,3,1.578182146842549,"[42, 83, 31]",0
event,expanded_128_mean_subtracted,0.5,"[58, 81, 47]",33,4,1.5618911671342515,"[42, 83, 31]",0
event,expanded_128_mean_subtracted,0.5,"[58, 81, 47]",33,5,1.5387248120913146,"[42, 83, 31]",0
central,expanded_128_mean_subtracted,1.0,64_64_64,32,0,1.3719918506292352,"[73, 50, 79]",0
central,expanded_128_mean_subtracted,1.0,64_64_64,32,1,1.2007731889682731,"[79, 48, 79]",0
central,expanded_128_mean_subtracted,1.0,64_64_64,32,2,1.1381299319549087,"[79, 48, 79]",0
central,expanded_128_mean_subtracted,1.0,64_64_64,32,3,1.1653054059025159,"[79, 49, 79]",0
central,expanded_128_mean_subtracted,1.0,64_64_64,32,4,1.15435785254468,"[79, 48, 79]",0
central,expanded_128_mean_subtracted,1.0,64_64_64,32,5,1.0967047660710014,"[79, 48, 79]",0
central,expanded_128_mean_subtracted,1.0,64_64_64,48,0,1.5246602205727082,"[56, 53, 83]",4
central,expanded_128_mean_subtracted,1.0,64_64_64,48,1,1.3993659103233884,"[55, 52, 84]",3
central,expanded_128_mean_subtracted,1.0,64_64_64,48,2,1.3009940180341335,"[87, 40, 48]",0
central,expanded_128_mean_subtracted,1.0,64_64_64,48,3,1.3327373937351188,"[55, 52, 83]",4
central,expanded_128_mean_subtracted,1.0,64_64_64,48,4,1.3200444571220005,"[87, 40, 48]",0
central,expanded_128_mean_subtracted,1.0,64_64_64,48,5,1.250856340091955,"[87, 40, 48]",0
central,expanded_128_mean_subtracted,1.0,64_64_64,64,0,1.808493265839831,"[32, 82, 32]",0
central,expanded_128_mean_subtracted,1.0,64_64_64,64,1,1.7495205670448606,"[32, 82, 32]",0
central,expanded_128_mean_subtracted,1.0,64_64_64,64,2,1.6748140084494154,"[32, 83, 32]",0
central,expanded_128_mean_subtracted,1.0,64_64_64,64,3,1.7397461568506987,"[32, 83, 32]",0
central,expanded_128_mean_subtracted,1.0,64_64_64,64,4,1.7075456489231784,"[32, 83, 32]",0
central,expanded_128_mean_subtracted,1.0,64_64_64,64,5,1.6758930629239182,"[32, 83, 32]",0
event,expanded_128_mean_subtracted,1.0,"[56, 53, 83]",17,0,1.5246602205727082,"[56, 53, 83]",8
event,expanded_128_mean_subtracted,1.0,"[56, 53, 83]",17,1,1.3993659103233884,"[55, 52, 84]",7
event,expanded_128_mean_subtracted,1.0,"[56, 53, 83]",17,2,1.2686389989532334,"[55, 51, 84]",6
event,expanded_128_mean_subtracted,1.0,"[56, 53, 83]",17,3,1.3327373937351188,"[55, 52, 83]",7
event,expanded_128_mean_subtracted,1.0,"[56, 53, 83]",17,4,1.312608415195687,"[55, 51, 84]",6
event,expanded_128_mean_subtracted,1.0,"[56, 53, 83]",17,5,1.2235776678987378,"[55, 51, 84]",6
event,expanded_128_mean_subtracted,1.0,"[56, 53, 83]",25,0,1.5246602205727082,"[56, 53, 83]",12
event,expanded_128_mean_subtracted,1.0,"[56, 53, 83]",25,1,1.3993659103233884,"[55, 52, 84]",11
event,expanded_128_mean_subtracted,1.0,"[56, 53, 83]",25,2,1.3152949722611686,"[44, 55, 92]",0
event,expanded_128_mean_subtracted,1.0,"[56, 53, 83]",25,3,1.3327373937351188,"[55, 52, 83]",11
event,expanded_128_mean_subtracted,1.0,"[56, 53, 83]",25,4,1.3229413148420845,"[44, 54, 91]",0
event,expanded_128_mean_subtracted,1.0,"[56, 53, 83]",25,5,1.2824109150278284,"[44, 54, 92]",0
event,expanded_128_mean_subtracted,1.0,"[56, 53, 83]",33,0,1.5320887712489424,"[43, 60, 99]",0
event,expanded_128_mean_subtracted,1.0,"[56, 53, 83]",33,1,1.3993659103233884,"[55, 52, 84]",15
event,expanded_128_mean_subtracted,1.0,"[56, 53, 83]",33,2,1.3331562382176014,"[72, 59, 97]",0
event,expanded_128_mean_subtracted,1.0,"[56, 53, 83]",33,3,1.3327373937351188,"[55, 52, 83]",15
event,expanded_128_mean_subtracted,1.0,"[56, 53, 83]",33,4,1.3229413148420845,"[44, 54, 91]",4
event,expanded_128_mean_subtracted,1.0,"[56, 53, 83]",33,5,1.2824109150278284,"[44, 54, 92]",4
event,expanded_128_mean_subtracted,1.0,"[82, 50, 78]",17,0,1.4938085973692121,"[75, 48, 83]",1
event,expanded_128_mean_subtracted,1.0,"[82, 50, 78]",17,1,1.3401964237339257,"[76, 47, 83]",2
event,expanded_128_mean_subtracted,1.0,"[82, 50, 78]",17,2,1.2097973059331308,"[77, 47, 83]",3
event,expanded_128_mean_subtracted,1.0,"[82, 50, 78]",17,3,1.2357548130421907,"[76, 48, 82]",2
event,expanded_128_mean_subtracted,1.0,"[82, 50, 78]",17,4,1.2244998871110249,"[76, 48, 83]",2
event,expanded_128_mean_subtracted,1.0,"[82, 50, 78]",17,5,1.1317038261775194,"[77, 48, 82]",3
event,expanded_128_mean_subtracted,1.0,"[82, 50, 78]",25,0,1.4938085973692121,"[75, 48, 83]",5
event,expanded_128_mean_subtracted,1.0,"[82, 50, 78]",25,1,1.3401964237339257,"[76, 47, 83]",6
event,expanded_128_mean_subtracted,1.0,"[82, 50, 78]",25,2,1.2097973059331308,"[77, 47, 83]",7
event,expanded_128_mean_subtracted,1.0,"[82, 50, 78]",25,3,1.2357548130421907,"[76, 48, 82]",6
event,expanded_128_mean_subtracted,1.0,"[82, 50, 78]",25,4,1.2244998871110249,"[76, 48, 83]",6
event,expanded_128_mean_subtracted,1.0,"[82, 50, 78]",25,5,1.1694564743770086,"[82, 62, 90]",0
event,expanded_128_mean_subtracted,1.0,"[82, 50, 78]",33,0,1.4938085973692121,"[75, 48, 83]",9
event,expanded_128_mean_subtracted,1.0,"[82, 50, 78]",33,1,1.3967980437789531,"[96, 34, 94]",0
event,expanded_128_mean_subtracted,1.0,"[82, 50, 78]",33,2,1.3458190036949629,"[96, 34, 94]",0
event,expanded_128_mean_subtracted,1.0,"[82, 50, 78]",33,3,1.3210337042498725,"[96, 34, 94]",0
event,expanded_128_mean_subtracted,1.0,"[82, 50, 78]",33,4,1.3443923555313022,"[96, 34, 94]",0
event,expanded_128_mean_subtracted,1.0,"[82, 50, 78]",33,5,1.2767532800460848,"[80, 61, 94]",0
event,expanded_128_mean_subtracted,1.0,"[83, 76, 63]",17,0,1.5835930831631524,"[89, 72, 71]",0
event,expanded_128_mean_subtracted,1.0,"[83, 76, 63]",17,1,1.3837689628197123,"[89, 72, 71]",0
event,expanded_128_mean_subtracted,1.0,"[83, 76, 63]",17,2,1.2610986452884942,"[89, 72, 71]",0
event,expanded_128_mean_subtracted,1.0,"[83, 76, 63]",17,3,1.246690027148829,"[89, 73, 71]",0
event,expanded_128_mean_subtracted,1.0,"[83, 76, 63]",17,4,1.264708644066424,"[89, 73, 71]",0
event,expanded_128_mean_subtracted,1.0,"[83, 76, 63]",17,5,1.1651175471741113,"[89, 73, 71]",0
event,expanded_128_mean_subtracted,1.0,"[83, 76, 63]",25,0,1.6083154884565465,"[89, 72, 72]",3
event,expanded_128_mean_subtracted,1.0,"[83, 76, 63]",25,1,1.4183308791961946,"[90, 71, 73]",2
event,expanded_128_mean_subtracted,1.0,"[83, 76, 63]",25,2,1.300347699493931,"[90, 72, 73]",2
event,expanded_128_mean_subtracted,1.0,"[83, 76, 63]",25,3,1.3092658913022444,"[89, 73, 73]",2
event,expanded_128_mean_subtracted,1.0,"[83, 76, 63]",25,4,1.313085074394524,"[89, 73, 73]",2
event,expanded_128_mean_subtracted,1.0,"[83, 76, 63]",25,5,1.2169070273580676,"[89, 73, 74]",1
event,expanded_128_mean_subtracted,1.0,"[83, 76, 63]",33,0,1.6083154884565465,"[89, 72, 72]",7
event,expanded_128_mean_subtracted,1.0,"[83, 76, 63]",33,1,1.4183308791961946,"[90, 71, 73]",6
event,expanded_128_mean_subtracted,1.0,"[83, 76, 63]",33,2,1.300347699493931,"[90, 72, 73]",6
event,expanded_128_mean_subtracted,1.0,"[83, 76, 63]",33,3,1.3092658913022444,"[89, 73, 73]",6
event,expanded_128_mean_subtracted,1.0,"[83, 76, 63]",33,4,1.313085074394524,"[89, 73, 73]",6
event,expanded_128_mean_subtracted,1.0,"[83, 76, 63]",33,5,1.2169070273580676,"[89, 73, 74]",5
event,expanded_128_mean_subtracted,1.0,"[65, 82, 62]",17,0,1.2827003652457583,"[72, 81, 67]",1
event,expanded_128_mean_subtracted,1.0,"[65, 82, 62]",17,1,1.1184703495697754,"[73, 83, 70]",0
event,expanded_128_mean_subtracted,1.0,"[65, 82, 62]",17,2,1.0422350398943954,"[73, 83, 70]",0
event,expanded_128_mean_subtracted,1.0,"[65, 82, 62]",17,3,0.990499302143073,"[73, 82, 69]",0
event,expanded_128_mean_subtracted,1.0,"[65, 82, 62]",17,4,1.0137543680649126,"[73, 82, 70]",0
event,expanded_128_mean_subtracted,1.0,"[65, 82, 62]",17,5,0.9275135959547052,"[73, 83, 70]",0
event,expanded_128_mean_subtracted,1.0,"[65, 82, 62]",25,0,1.3206604955022516,"[73, 92, 74]",0
event,expanded_128_mean_subtracted,1.0,"[65, 82, 62]",25,1,1.2001160535405624,"[73, 92, 74]",0
event,expanded_128_mean_subtracted,1.0,"[65, 82, 62]",25,2,1.1098386786631624,"[74, 91, 74]",0
event,expanded_128_mean_subtracted,1.0,"[65, 82, 62]",25,3,1.1343076542249104,"[73, 92, 74]",0
event,expanded_128_mean_subtracted,1.0,"[65, 82, 62]",25,4,1.1102748820232184,"[73, 92, 74]",0
event,expanded_128_mean_subtracted,1.0,"[65, 82, 62]",25,5,1.0354745106059493,"[74, 92, 74]",0
event,expanded_128_mean_subtracted,1.0,"[65, 82, 62]",33,0,1.3206604955022516,"[73, 92, 74]",4
event,expanded_128_mean_subtracted,1.0,"[65, 82, 62]",33,1,1.2346321905716495,"[75, 90, 78]",0
event,expanded_128_mean_subtracted,1.0,"[65, 82, 62]",33,2,1.2078187007803485,"[75, 91, 78]",0
event,expanded_128_mean_subtracted,1.0,"[65, 82, 62]",33,3,1.1561702124133775,"[76, 94, 78]",0
event,expanded_128_mean_subtracted,1.0,"[65, 82, 62]",33,4,1.1815694868755215,"[76, 94, 78]",0
event,expanded_128_mean_subtracted,1.0,"[65, 82, 62]",33,5,1.1345167533386513,"[76, 94, 78]",0
event,expanded_128_mean_subtracted,1.0,"[46, 79, 74]",17,0,0.9312079407404168,"[46, 79, 74]",8
event,expanded_128_mean_subtracted,1.0,"[46, 79, 74]",17,1,0.8937373805283225,"[46, 78, 73]",7
event,expanded_128_mean_subtracted,1.0,"[46, 79, 74]",17,2,0.850269824678307,"[46, 79, 73]",7
event,expanded_128_mean_subtracted,1.0,"[46, 79, 74]",17,3,0.8555235061208372,"[46, 78, 73]",7
event,expanded_128_mean_subtracted,1.0,"[46, 79, 74]",17,4,0.8577311760025048,"[46, 78, 73]",7
event,expanded_128_mean_subtracted,1.0,"[46, 79, 74]",17,5,0.8154953988636227,"[46, 78, 73]",7
event,expanded_128_mean_subtracted,1.0,"[46, 79, 74]",25,0,1.024058377777251,"[49, 91, 73]",0
event,expanded_128_mean_subtracted,1.0,"[46, 79, 74]",25,1,0.9119677852336102,"[49, 91, 73]",0
event,expanded_128_mean_subtracted,1.0,"[46, 79, 74]",25,2,0.850269824678307,"[46, 79, 73]",11
event,expanded_128_mean_subtracted,1.0,"[46, 79, 74]",25,3,0.8632541488832087,"[48, 91, 73]",0
event,expanded_128_mean_subtracted,1.0,"[46, 79, 74]",25,4,0.8577311760025048,"[46, 78, 73]",11
event,expanded_128_mean_subtracted,1.0,"[46, 79, 74]",25,5,0.8154953988636227,"[46, 78, 73]",11
event,expanded_128_mean_subtracted,1.0,"[46, 79, 74]",33,0,1.14077081559416,"[36, 63, 90]",0
event,expanded_128_mean_subtracted,1.0,"[46, 79, 74]",33,1,1.0642966486425682,"[30, 95, 58]",0
event,expanded_128_mean_subtracted,1.0,"[46, 79, 74]",33,2,1.0225401482012593,"[30, 95, 58]",0
event,expanded_128_mean_subtracted,1.0,"[46, 79, 74]",33,3,1.0400100377746277,"[31, 95, 58]",0
event,expanded_128_mean_subtracted,1.0,"[46, 79, 74]",33,4,1.0332495945341338,"[30, 95, 58]",0
event,expanded_128_mean_subtracted,1.0,"[46, 79, 74]",33,5,0.9962061965441222,"[30, 95, 58]",0
event,expanded_128_mean_subtracted,1.0,"[52, 63, 46]",17,0,0.9930485365159281,"[54, 55, 38]",0
event,expanded_128_mean_subtracted,1.0,"[52, 63, 46]",17,1,0.9603523983980171,"[54, 55, 38]",0
event,expanded_128_mean_subtracted,1.0,"[52, 63, 46]",17,2,0.8991525474481773,"[54, 55, 38]",0
event,expanded_128_mean_subtracted,1.0,"[52, 63, 46]",17,3,0.9470215666001729,"[54, 55, 38]",0
event,expanded_128_mean_subtracted,1.0,"[52, 63, 46]",17,4,0.9294878716283911,"[54, 55, 38]",0
event,expanded_128_mean_subtracted,1.0,"[52, 63, 46]",17,5,0.8879192362077222,"[54, 55, 38]",0
event,expanded_128_mean_subtracted,1.0,"[52, 63, 46]",25,0,1.2631235134928267,"[43, 75, 34]",0
event,expanded_128_mean_subtracted,1.0,"[52, 63, 46]",25,1,1.2030920477755407,"[43, 75, 34]",0
event,expanded_128_mean_subtracted,1.0,"[52, 63, 46]",25,2,1.1460920828969405,"[44, 75, 34]",0
event,expanded_128_mean_subtracted,1.0,"[52, 63, 46]",25,3,1.1600532117532083,"[44, 75, 34]",0
event,expanded_128_mean_subtracted,1.0,"[52, 63, 46]",25,4,1.157650875082435,"[44, 75, 34]",0
event,expanded_128_mean_subtracted,1.0,"[52, 63, 46]",25,5,1.12169215747526,"[44, 75, 34]",0
event,expanded_128_mean_subtracted,1.0,"[52, 63, 46]",33,0,1.6669165102123926,"[54, 79, 30]",0
event,expanded_128_mean_subtracted,1.0,"[52, 63, 46]",33,1,1.5249246317859841,"[53, 78, 30]",0
event,expanded_128_mean_subtracted,1.0,"[52, 63, 46]",33,2,1.5083340280131299,"[36, 79, 30]",0
event,expanded_128_mean_subtracted,1.0,"[52, 63, 46]",33,3,1.5134623188515195,"[36, 79, 30]",0
event,expanded_128_mean_subtracted,1.0,"[52, 63, 46]",33,4,1.5127326668059131,"[36, 79, 30]",0
event,expanded_128_mean_subtracted,1.0,"[52, 63, 46]",33,5,1.5067292739477294,"[36, 79, 30]",0
event,expanded_128_mean_subtracted,1.0,"[51, 64, 69]",17,0,0.846167987334645,"[47, 72, 63]",0
event,expanded_128_mean_subtracted,1.0,"[51, 64, 69]",17,1,0.8074689923949573,"[47, 72, 64]",0
event,expanded_128_mean_subtracted,1.0,"[51, 64, 69]",17,2,0.7724488479622748,"[47, 72, 64]",0
event,expanded_128_mean_subtracted,1.0,"[51, 64, 69]",17,3,0.7527315920691013,"[47, 72, 65]",0
event,expanded_128_mean_subtracted,1.0,"[51, 64, 69]",17,4,0.7676958874548393,"[47, 72, 64]",0
event,expanded_128_mean_subtracted,1.0,"[51, 64, 69]",17,5,0.721809736478279,"[47, 72, 65]",0
event,expanded_128_mean_subtracted,1.0,"[51, 64, 69]",25,0,1.411582234066525,"[58, 52, 81]",0
event,expanded_128_mean_subtracted,1.0,"[51, 64, 69]",25,1,1.265671135700943,"[57, 52, 81]",0
event,expanded_128_mean_subtracted,1.0,"[51, 64, 69]",25,2,1.1296304480188935,"[56, 52, 81]",0
event,expanded_128_mean_subtracted,1.0,"[51, 64, 69]",25,3,1.2225380098352037,"[56, 52, 81]",0
event,expanded_128_mean_subtracted,1.0,"[51, 64, 69]",25,4,1.181285214601839,"[56, 52, 81]",0
event,expanded_128_mean_subtracted,1.0,"[51, 64, 69]",25,5,1.11184835622737,"[55, 52, 81]",0
event,expanded_128_mean_subtracted,1.0,"[51, 64, 69]",33,0,1.5246602205727082,"[56, 53, 83]",2
event,expanded_128_mean_subtracted,1.0,"[51, 64, 69]",33,1,1.3993659103233884,"[55, 52, 84]",1
event,expanded_128_mean_subtracted,1.0,"[51, 64, 69]",33,2,1.2686389989532334,"[55, 51, 84]",1
event,expanded_128_mean_subtracted,1.0,"[51, 64, 69]",33,3,1.3327373937351188,"[55, 52, 83]",2
event,expanded_128_mean_subtracted,1.0,"[51, 64, 69]",33,4,1.312608415195687,"[55, 51, 84]",1
event,expanded_128_mean_subtracted,1.0,"[51, 64, 69]",33,5,1.2235776678987378,"[55, 51, 84]",1
event,expanded_128_mean_subtracted,1.0,"[58, 81, 47]",17,0,0.9614636949474333,"[50, 85, 39]",0
event,expanded_128_mean_subtracted,1.0,"[58, 81, 47]",17,1,0.9235312981282449,"[50, 86, 39]",0
event,expanded_128_mean_subtracted,1.0,"[58, 81, 47]",17,2,0.9205628971595669,"[50, 87, 39]",0
event,expanded_128_mean_subtracted,1.0,"[58, 81, 47]",17,3,0.8946703364022086,"[50, 88, 39]",0
event,expanded_128_mean_subtracted,1.0,"[58, 81, 47]",17,4,0.9083585424461876,"[50, 87, 39]",0
event,expanded_128_mean_subtracted,1.0,"[58, 81, 47]",17,5,0.891941800250357,"[50, 88, 39]",0
event,expanded_128_mean_subtracted,1.0,"[58, 81, 47]",25,0,1.25647798153462,"[46, 78, 35]",0
event,expanded_128_mean_subtracted,1.0,"[58, 81, 47]",25,1,1.1828108414320568,"[46, 78, 35]",0
event,expanded_128_mean_subtracted,1.0,"[58, 81, 47]",25,2,1.1412113352553415,"[46, 78, 35]",0
event,expanded_128_mean_subtracted,1.0,"[58, 81, 47]",25,3,1.1655964912654821,"[46, 84, 35]",0
event,expanded_128_mean_subtracted,1.0,"[58, 81, 47]",25,4,1.153485373199003,"[46, 84, 35]",0
event,expanded_128_mean_subtracted,1.0,"[58, 81, 47]",25,5,1.1283015565476902,"[46, 83, 35]",0
event,expanded_128_mean_subtracted,1.0,"[58, 81, 47]",33,0,1.6070338126129207,"[42, 83, 31]",0
event,expanded_128_mean_subtracted,1.0,"[58, 81, 47]",33,1,1.5387248120913146,"[42, 83, 31]",0
event,expanded_128_mean_subtracted,1.0,"[58, 81, 47]",33,2,1.4623968300141004,"[42, 82, 31]",0
event,expanded_128_mean_subtracted,1.0,"[58, 81, 47]",33,3,1.5227070522611192,"[42, 83, 31]",0
event,expanded_128_mean_subtracted,1.0,"[58, 81, 47]",33,4,1.4910724490814564,"[42, 83, 31]",0
event,expanded_128_mean_subtracted,1.0,"[58, 81, 47]",33,5,1.4517766950778646,"[42, 82, 31]",0
central,expanded_128_mean_subtracted,1.5,64_64_64,32,0,1.3719918506292352,"[73, 50, 79]",0
central,expanded_128_mean_subtracted,1.5,64_64_64,32,1,1.15435785254468,"[79, 48, 79]",0
central,expanded_128_mean_subtracted,1.5,64_64_64,32,2,1.06301984757226,"[79, 48, 79]",0
central,expanded_128_mean_subtracted,1.5,64_64_64,32,3,1.0728107904136188,"[79, 49, 79]",0
central,expanded_128_mean_subtracted,1.5,64_64_64,32,4,1.0660568889087594,"[79, 48, 79]",0
central,expanded_128_mean_subtracted,1.5,64_64_64,32,5,0.9771441635690503,"[79, 48, 79]",0
central,expanded_128_mean_subtracted,1.5,64_64_64,48,0,1.5246602205727082,"[56, 53, 83]",4
central,expanded_128_mean_subtracted,1.5,64_64_64,48,1,1.3200444571220005,"[87, 40, 48]",0
central,expanded_128_mean_subtracted,1.5,64_64_64,48,2,1.1893903359554188,"[87, 40, 48]",0
central,expanded_128_mean_subtracted,1.5,64_64_64,48,3,1.233876778589064,"[87, 40, 48]",0
central,expanded_128_mean_subtracted,1.5,64_64_64,48,4,1.2179004795254456,"[87, 40, 48]",0
central,expanded_128_mean_subtracted,1.5,64_64_64,48,5,1.124781099945037,"[87, 40, 48]",0
central,expanded_128_mean_subtracted,1.5,64_64_64,64,0,1.808493265839831,"[32, 82, 32]",0
central,expanded_128_mean_subtracted,1.5,64_64_64,64,1,1.7075456489231784,"[32, 83, 32]",0
central,expanded_128_mean_subtracted,1.5,64_64_64,64,2,1.625110855464569,"[32, 84, 32]",0
central,expanded_128_mean_subtracted,1.5,64_64_64,64,3,1.702295349585844,"[32, 83, 32]",0
central,expanded_128_mean_subtracted,1.5,64_64_64,64,4,1.6607241169018114,"[32, 83, 32]",0
central,expanded_128_mean_subtracted,1.5,64_64_64,64,5,1.6242790690929896,"[32, 84, 32]",0
event,expanded_128_mean_subtracted,1.5,"[56, 53, 83]",17,0,1.5246602205727082,"[56, 53, 83]",8
event,expanded_128_mean_subtracted,1.5,"[56, 53, 83]",17,1,1.312608415195687,"[55, 51, 84]",6
event,expanded_128_mean_subtracted,1.5,"[56, 53, 83]",17,2,1.1285241198268967,"[54, 49, 85]",4
event,expanded_128_mean_subtracted,1.5,"[56, 53, 83]",17,3,1.2231337859007352,"[54, 50, 84]",5
event,expanded_128_mean_subtracted,1.5,"[56, 53, 83]",17,4,1.1841218137931118,"[54, 50, 84]",5
event,expanded_128_mean_subtracted,1.5,"[56, 53, 83]",17,5,1.1035374754926104,"[48, 51, 91]",0
event,expanded_128_mean_subtracted,1.5,"[56, 53, 83]",25,0,1.5246602205727082,"[56, 53, 83]",12
event,expanded_128_mean_subtracted,1.5,"[56, 53, 83]",25,1,1.3229413148420845,"[44, 54, 91]",0
event,expanded_128_mean_subtracted,1.5,"[56, 53, 83]",25,2,1.2467838442670247,"[44, 54, 92]",0
event,expanded_128_mean_subtracted,1.5,"[56, 53, 83]",25,3,1.2643160109690723,"[44, 54, 92]",0
event,expanded_128_mean_subtracted,1.5,"[56, 53, 83]",25,4,1.2606821996480686,"[44, 54, 92]",0
event,expanded_128_mean_subtracted,1.5,"[56, 53, 83]",25,5,1.1937593160440325,"[44, 53, 93]",0
event,expanded_128_mean_subtracted,1.5,"[56, 53, 83]",33,0,1.5320887712489424,"[43, 60, 99]",0
event,expanded_128_mean_subtracted,1.5,"[56, 53, 83]",33,1,1.3229413148420845,"[44, 54, 91]",4
event,expanded_128_mean_subtracted,1.5,"[56, 53, 83]",33,2,1.2475845048287055,"[43, 55, 93]",3
event,expanded_128_mean_subtracted,1.5,"[56, 53, 83]",33,3,1.2643160109690723,"[44, 54, 92]",4
event,expanded_128_mean_subtracted,1.5,"[56, 53, 83]",33,4,1.2606821996480686,"[44, 54, 92]",4
event,expanded_128_mean_subtracted,1.5,"[56, 53, 83]",33,5,1.1951901805339207,"[43, 54, 93]",3
event,expanded_128_mean_subtracted,1.5,"[82, 50, 78]",17,0,1.4938085973692121,"[75, 48, 83]",1
event,expanded_128_mean_subtracted,1.5,"[82, 50, 78]",17,1,1.2244998871110249,"[76, 48, 83]",2
event,expanded_128_mean_subtracted,1.5,"[82, 50, 78]",17,2,1.084814296055775,"[78, 47, 82]",4
event,expanded_128_mean_subtracted,1.5,"[82, 50, 78]",17,3,1.0889356903070397,"[84, 52, 76]",6
event,expanded_128_mean_subtracted,1.5,"[82, 50, 78]",17,4,1.088863651769235,"[77, 48, 82]",3
event,expanded_128_mean_subtracted,1.5,"[82, 50, 78]",17,5,0.9912710181223177,"[83, 50, 75]",5
event,expanded_128_mean_subtracted,1.5,"[82, 50, 78]",25,0,1.4938085973692121,"[75, 48, 83]",5
event,expanded_128_mean_subtracted,1.5,"[82, 50, 78]",25,1,1.2244998871110249,"[76, 48, 83]",6
event,expanded_128_mean_subtracted,1.5,"[82, 50, 78]",25,2,1.157261345772879,"[82, 62, 90]",0
event,expanded_128_mean_subtracted,1.5,"[82, 50, 78]",25,3,1.1591633453455195,"[82, 62, 90]",0
event,expanded_128_mean_subtracted,1.5,"[82, 50, 78]",25,4,1.1621499827023873,"[82, 62, 90]",0
event,expanded_128_mean_subtracted,1.5,"[82, 50, 78]",25,5,1.1338528067868137,"[82, 62, 90]",0
event,expanded_128_mean_subtracted,1.5,"[82, 50, 78]",33,0,1.4938085973692121,"[75, 48, 83]",9
event,expanded_128_mean_subtracted,1.5,"[82, 50, 78]",33,1,1.3443923555313022,"[96, 34, 94]",0
event,expanded_128_mean_subtracted,1.5,"[82, 50, 78]",33,2,1.2563305245743535,"[81, 66, 94]",0
event,expanded_128_mean_subtracted,1.5,"[82, 50, 78]",33,3,1.2660404395976204,"[80, 61, 94]",0
event,expanded_128_mean_subtracted,1.5,"[82, 50, 78]",33,4,1.2632851629489164,"[80, 62, 94]",0
event,expanded_128_mean_subtracted,1.5,"[82, 50, 78]",33,5,1.2341420098220302,"[81, 66, 94]",0
event,expanded_128_mean_subtracted,1.5,"[83, 76, 63]",17,0,1.5835930831631524,"[89, 72, 71]",0
event,expanded_128_mean_subtracted,1.5,"[83, 76, 63]",17,1,1.264708644066424,"[89, 73, 71]",0
event,expanded_128_mean_subtracted,1.5,"[83, 76, 63]",17,2,1.1109141599378767,"[89, 73, 71]",0
event,expanded_128_mean_subtracted,1.5,"[83, 76, 63]",17,3,1.1223042749283174,"[89, 74, 71]",0
event,expanded_128_mean_subtracted,1.5,"[83, 76, 63]",17,4,1.1212040559910672,"[89, 73, 71]",0
event,expanded_128_mean_subtracted,1.5,"[83, 76, 63]",17,5,1.033903068138446,"[89, 75, 71]",0
event,expanded_128_mean_subtracted,1.5,"[83, 76, 63]",25,0,1.6083154884565465,"[89, 72, 72]",3
event,expanded_128_mean_subtracted,1.5,"[83, 76, 63]",25,1,1.313085074394524,"[89, 73, 73]",2
event,expanded_128_mean_subtracted,1.5,"[83, 76, 63]",25,2,1.1460945104420028,"[90, 73, 74]",1
event,expanded_128_mean_subtracted,1.5,"[83, 76, 63]",25,3,1.1913887288882392,"[89, 73, 74]",1
event,expanded_128_mean_subtracted,1.5,"[83, 76, 63]",25,4,1.1748691834604978,"[90, 73, 74]",1
event,expanded_128_mean_subtracted,1.5,"[83, 76, 63]",25,5,1.0745137314125408,"[90, 74, 74]",1
event,expanded_128_mean_subtracted,1.5,"[83, 76, 63]",33,0,1.6083154884565465,"[89, 72, 72]",7
event,expanded_128_mean_subtracted,1.5,"[83, 76, 63]",33,1,1.313085074394524,"[89, 73, 73]",6
event,expanded_128_mean_subtracted,1.5,"[83, 76, 63]",33,2,1.1504355612389094,"[75, 92, 79]",0
event,expanded_128_mean_subtracted,1.5,"[83, 76, 63]",33,3,1.1913887288882392,"[89, 73, 74]",5
event,expanded_128_mean_subtracted,1.5,"[83, 76, 63]",33,4,1.1748691834604978,"[90, 73, 74]",5
event,expanded_128_mean_subtracted,1.5,"[83, 76, 63]",33,5,1.0745137314125408,"[90, 74, 74]",5
event,expanded_128_mean_subtracted,1.5,"[65, 82, 62]",17,0,1.2827003652457583,"[72, 81, 67]",1
event,expanded_128_mean_subtracted,1.5,"[65, 82, 62]",17,1,1.0137543680649126,"[73, 82, 70]",0
event,expanded_128_mean_subtracted,1.5,"[65, 82, 62]",17,2,0.9160458974187037,"[73, 83, 70]",0
event,expanded_128_mean_subtracted,1.5,"[65, 82, 62]",17,3,0.8890368696770162,"[73, 81, 67]",0
event,expanded_128_mean_subtracted,1.5,"[65, 82, 62]",17,4,0.8944705346633166,"[73, 83, 70]",0
event,expanded_128_mean_subtracted,1.5,"[65, 82, 62]",17,5,0.8211365974481459,"[73, 83, 70]",0
event,expanded_128_mean_subtracted,1.5,"[65, 82, 62]",25,0,1.3206604955022516,"[73, 92, 74]",0
event,expanded_128_mean_subtracted,1.5,"[65, 82, 62]",25,1,1.1102748820232184,"[73, 92, 74]",0
event,expanded_128_mean_subtracted,1.5,"[65, 82, 62]",25,2,1.009557483766295,"[74, 91, 74]",0
event,expanded_128_mean_subtracted,1.5,"[65, 82, 62]",25,3,1.0201216344685404,"[74, 92, 74]",0
event,expanded_128_mean_subtracted,1.5,"[65, 82, 62]",25,4,1.0019616367952648,"[74, 92, 74]",0
event,expanded_128_mean_subtracted,1.5,"[65, 82, 62]",25,5,0.9222333582470303,"[75, 92, 74]",0
event,expanded_128_mean_subtracted,1.5,"[65, 82, 62]",33,0,1.3206604955022516,"[73, 92, 74]",4
event,expanded_128_mean_subtracted,1.5,"[65, 82, 62]",33,1,1.1815694868755215,"[76, 94, 78]",0
event,expanded_128_mean_subtracted,1.5,"[65, 82, 62]",33,2,1.1341660077619429,"[75, 92, 78]",0
event,expanded_128_mean_subtracted,1.5,"[65, 82, 62]",33,3,1.0801295470140604,"[76, 95, 78]",0
event,expanded_128_mean_subtracted,1.5,"[65, 82, 62]",33,4,1.1098951558162118,"[76, 94, 78]",0
event,expanded_128_mean_subtracted,1.5,"[65, 82, 62]",33,5,1.039887709300425,"[76, 94, 78]",0
event,expanded_128_mean_subtracted,1.5,"[46, 79, 74]",17,0,0.9312079407404168,"[46, 79, 74]",8
event,expanded_128_mean_subtracted,1.5,"[46, 79, 74]",17,1,0.8577311760025048,"[46, 78, 73]",7
event,expanded_128_mean_subtracted,1.5,"[46, 79, 74]",17,2,0.7884267776704152,"[46, 79, 73]",7
event,expanded_128_mean_subtracted,1.5,"[46, 79, 74]",17,3,0.7889516926177598,"[46, 78, 73]",7
event,expanded_128_mean_subtracted,1.5,"[46, 79, 74]",17,4,0.7937160679011578,"[46, 79, 73]",7
event,expanded_128_mean_subtracted,1.5,"[46, 79, 74]",17,5,0.7288854322933492,"[46, 79, 73]",7
event,expanded_128_mean_subtracted,1.5,"[46, 79, 74]",25,0,1.024058377777251,"[49, 91, 73]",0
event,expanded_128_mean_subtracted,1.5,"[46, 79, 74]",25,1,0.8577311760025048,"[46, 78, 73]",11
event,expanded_128_mean_subtracted,1.5,"[46, 79, 74]",25,2,0.7884267776704152,"[46, 79, 73]",11
event,expanded_128_mean_subtracted,1.5,"[46, 79, 74]",25,3,0.7974244600757322,"[48, 91, 73]",0
event,expanded_128_mean_subtracted,1.5,"[46, 79, 74]",25,4,0.7937160679011578,"[46, 79, 73]",11
event,expanded_128_mean_subtracted,1.5,"[46, 79, 74]",25,5,0.7413355017655769,"[45, 91, 72]",0
event,expanded_128_mean_subtracted,1.5,"[46, 79, 74]",33,0,1.14077081559416,"[36, 63, 90]",0
event,expanded_128_mean_subtracted,1.5,"[46, 79, 74]",33,1,1.0332495945341338,"[30, 95, 58]",0
event,expanded_128_mean_subtracted,1.5,"[46, 79, 74]",33,2,0.9629914941252197,"[30, 95, 58]",0
event,expanded_128_mean_subtracted,1.5,"[46, 79, 74]",33,3,0.9809405414840672,"[31, 95, 58]",0
event,expanded_128_mean_subtracted,1.5,"[46, 79, 74]",33,4,0.9760766468716635,"[30, 95, 58]",0
event,expanded_128_mean_subtracted,1.5,"[46, 79, 74]",33,5,0.9129570144649147,"[30, 95, 58]",0
event,expanded_128_mean_subtracted,1.5,"[52, 63, 46]",17,0,0.9930485365159281,"[54, 55, 38]",0
event,expanded_128_mean_subtracted,1.5,"[52, 63, 46]",17,1,0.9294878716283911,"[54, 55, 38]",0
event,expanded_128_mean_subtracted,1.5,"[52, 63, 46]",17,2,0.8350853869887714,"[44, 71, 38]",0
event,expanded_128_mean_subtracted,1.5,"[52, 63, 46]",17,3,0.9045606561630487,"[53, 55, 38]",0
event,expanded_128_mean_subtracted,1.5,"[52, 63, 46]",17,4,0.865348306118926,"[53, 55, 38]",0
event,expanded_128_mean_subtracted,1.5,"[52, 63, 46]",17,5,0.8242516454778129,"[44, 71, 38]",0
event,expanded_128_mean_subtracted,1.5,"[52, 63, 46]",25,0,1.2631235134928267,"[43, 75, 34]",0
event,expanded_128_mean_subtracted,1.5,"[52, 63, 46]",25,1,1.157650875082435,"[44, 75, 34]",0
event,expanded_128_mean_subtracted,1.5,"[52, 63, 46]",25,2,1.101920889669109,"[44, 75, 34]",0
event,expanded_128_mean_subtracted,1.5,"[52, 63, 46]",25,3,1.1012533673577702,"[44, 75, 34]",0
event,expanded_128_mean_subtracted,1.5,"[52, 63, 46]",25,4,1.1064993630275373,"[44, 75, 34]",0
event,expanded_128_mean_subtracted,1.5,"[52, 63, 46]",25,5,1.071610667081786,"[44, 75, 34]",0
event,expanded_128_mean_subtracted,1.5,"[52, 63, 46]",33,0,1.6669165102123926,"[54, 79, 30]",0
event,expanded_128_mean_subtracted,1.5,"[52, 63, 46]",33,1,1.5127326668059131,"[36, 79, 30]",0
event,expanded_128_mean_subtracted,1.5,"[52, 63, 46]",33,2,1.4883743074761042,"[36, 79, 30]",0
event,expanded_128_mean_subtracted,1.5,"[52, 63, 46]",33,3,1.505530680213045,"[36, 79, 30]",0
event,expanded_128_mean_subtracted,1.5,"[52, 63, 46]",33,4,1.5025572914560277,"[36, 79, 30]",0
event,expanded_128_mean_subtracted,1.5,"[52, 63, 46]",33,5,1.4852979515897764,"[36, 79, 30]",0
event,expanded_128_mean_subtracted,1.5,"[51, 64, 69]",17,0,0.846167987334645,"[47, 72, 63]",0
event,expanded_128_mean_subtracted,1.5,"[51, 64, 69]",17,1,0.7676958874548393,"[47, 72, 64]",0
event,expanded_128_mean_subtracted,1.5,"[51, 64, 69]",17,2,0.7065302582137404,"[47, 72, 66]",0
event,expanded_128_mean_subtracted,1.5,"[51, 64, 69]",17,3,0.6748230433055893,"[47, 72, 66]",0
event,expanded_128_mean_subtracted,1.5,"[51, 64, 69]",17,4,0.6975096905211039,"[47, 72, 66]",0
event,expanded_128_mean_subtracted,1.5,"[51, 64, 69]",17,5,0.6270350065347077,"[47, 72, 68]",0
event,expanded_128_mean_subtracted,1.5,"[51, 64, 69]",25,0,1.411582234066525,"[58, 52, 81]",0
event,expanded_128_mean_subtracted,1.5,"[51, 64, 69]",25,1,1.181285214601839,"[56, 52, 81]",0
event,expanded_128_mean_subtracted,1.5,"[51, 64, 69]",25,2,1.0090997517093556,"[54, 52, 81]",0
event,expanded_128_mean_subtracted,1.5,"[51, 64, 69]",25,3,1.1328239933046382,"[55, 52, 81]",0
event,expanded_128_mean_subtracted,1.5,"[51, 64, 69]",25,4,1.0769105769604328,"[55, 52, 81]",0
event,expanded_128_mean_subtracted,1.5,"[51, 64, 69]",25,5,0.9760031580216328,"[53, 52, 81]",0
event,expanded_128_mean_subtracted,1.5,"[51, 64, 69]",33,0,1.5246602205727082,"[56, 53, 83]",2
event,expanded_128_mean_subtracted,1.5,"[51, 64, 69]",33,1,1.312608415195687,"[55, 51, 84]",1
event,expanded_128_mean_subtracted,1.5,"[51, 64, 69]",33,2,1.1285241198268967,"[54, 49, 85]",0
event,expanded_128_mean_subtracted,1.5,"[51, 64, 69]",33,3,1.2231337859007352,"[54, 50, 84]",1
event,expanded_128_mean_subtracted,1.5,"[51, 64, 69]",33,4,1.1841218137931118,"[54, 50, 84]",1
event,expanded_128_mean_subtracted,1.5,"[51, 64, 69]",33,5,1.0922702596589091,"[53, 49, 85]",0
event,expanded_128_mean_subtracted,1.5,"[58, 81, 47]",17,0,0.9614636949474333,"[50, 85, 39]",0
event,expanded_128_mean_subtracted,1.5,"[58, 81, 47]",17,1,0.9083585424461876,"[50, 87, 39]",0
event,expanded_128_mean_subtracted,1.5,"[58, 81, 47]",17,2,0.8932765036611633,"[50, 87, 39]",0
event,expanded_128_mean_subtracted,1.5,"[58, 81, 47]",17,3,0.8761405133330417,"[50, 77, 39]",0
event,expanded_128_mean_subtracted,1.5,"[58, 81, 47]",17,4,0.8814143828885369,"[50, 88, 39]",0
event,expanded_128_mean_subtracted,1.5,"[58, 81, 47]",17,5,0.8469235127433904,"[50, 87, 39]",0
event,expanded_128_mean_subtracted,1.5,"[58, 81, 47]",25,0,1.25647798153462,"[46, 78, 35]",0
event,expanded_128_mean_subtracted,1.5,"[58, 81, 47]",25,1,1.153485373199003,"[46, 84, 35]",0
event,expanded_128_mean_subtracted,1.5,"[58, 81, 47]",25,2,1.1180514508930046,"[46, 80, 35]",0
event,expanded_128_mean_subtracted,1.5,"[58, 81, 47]",25,3,1.126776244089228,"[46, 84, 35]",0
event,expanded_128_mean_subtracted,1.5,"[58, 81, 47]",25,4,1.1177697983680646,"[46, 83, 35]",0
event,expanded_128_mean_subtracted,1.5,"[58, 81, 47]",25,5,1.089913859488956,"[46, 81, 35]",0
event,expanded_128_mean_subtracted,1.5,"[58, 81, 47]",33,0,1.6070338126129207,"[42, 83, 31]",0
event,expanded_128_mean_subtracted,1.5,"[58, 81, 47]",33,1,1.4910724490814564,"[42, 83, 31]",0
event,expanded_128_mean_subtracted,1.5,"[58, 81, 47]",33,2,1.3949358228934072,"[42, 82, 31]",0
event,expanded_128_mean_subtracted,1.5,"[58, 81, 47]",33,3,1.467157316865581,"[42, 82, 31]",0
event,expanded_128_mean_subtracted,1.5,"[58, 81, 47]",33,4,1.4330774090851923,"[42, 82, 31]",0
event,expanded_128_mean_subtracted,1.5,"[58, 81, 47]",33,5,1.3816334742483436,"[42, 82, 31]",0
central,expanded_128_mean_subtracted,2.0,64_64_64,32,0,1.3719918506292352,"[73, 50, 79]",0
central,expanded_128_mean_subtracted,2.0,64_64_64,32,1,1.0967047660710014,"[79, 48, 79]",0
central,expanded_128_mean_subtracted,2.0,64_64_64,32,2,0.9880711741721032,"[79, 48, 79]",0
central,expanded_128_mean_subtracted,2.0,64_64_64,32,3,0.9787635275848073,"[79, 49, 79]",0
central,expanded_128_mean_subtracted,2.0,64_64_64,32,4,0.9771441635690503,"[79, 48, 79]",0
central,expanded_128_mean_subtracted,2.0,64_64_64,32,5,0.8793722534186963,"[79, 49, 79]",0
central,expanded_128_mean_subtracted,2.0,64_64_64,48,0,1.5246602205727082,"[56, 53, 83]",4
central,expanded_128_mean_subtracted,2.0,64_64_64,48,1,1.250856340091955,"[87, 40, 48]",0
central,expanded_128_mean_subtracted,2.0,64_64_64,48,2,1.0962893516450951,"[75, 87, 84]",0
central,expanded_128_mean_subtracted,2.0,64_64_64,48,3,1.1425047668808872,"[87, 40, 48]",0
central,expanded_128_mean_subtracted,2.0,64_64_64,48,4,1.124781099945037,"[87, 40, 48]",0
central,expanded_128_mean_subtracted,2.0,64_64_64,48,5,1.0429582001715316,"[47, 49, 87]",0
central,expanded_128_mean_subtracted,2.0,64_64_64,64,0,1.808493265839831,"[32, 82, 32]",0
central,expanded_128_mean_subtracted,2.0,64_64_64,64,1,1.6758930629239182,"[32, 83, 32]",0
central,expanded_128_mean_subtracted,2.0,64_64_64,64,2,1.5980553749414528,"[32, 86, 32]",0
central,expanded_128_mean_subtracted,2.0,64_64_64,64,3,1.662118440925558,"[32, 83, 32]",0
central,expanded_128_mean_subtracted,2.0,64_64_64,64,4,1.6242790690929896,"[32, 84, 32]",0
central,expanded_128_mean_subtracted,2.0,64_64_64,64,5,1.5849831742968303,"[32, 86, 32]",0
event,expanded_128_mean_subtracted,2.0,"[56, 53, 83]",17,0,1.5246602205727082,"[56, 53, 83]",8
event,expanded_128_mean_subtracted,2.0,"[56, 53, 83]",17,1,1.2235776678987378,"[55, 51, 84]",6
event,expanded_128_mean_subtracted,2.0,"[56, 53, 83]",17,2,1.0781540998589836,"[48, 49, 91]",0
event,expanded_128_mean_subtracted,2.0,"[56, 53, 83]",17,3,1.1417076884128763,"[53, 50, 84]",5
event,expanded_128_mean_subtracted,2.0,"[56, 53, 83]",17,4,1.1035374754926104,"[48, 51, 91]",0
event,expanded_128_mean_subtracted,2.0,"[56, 53, 83]",17,5,1.053752238507747,"[48, 49, 90]",0
event,expanded_128_mean_subtracted,2.0,"[56, 53, 83]",25,0,1.5246602205727082,"[56, 53, 83]",12
event,expanded_128_mean_subtracted,2.0,"[56, 53, 83]",25,1,1.2824109150278284,"[44, 54, 92]",0
event,expanded_128_mean_subtracted,2.0,"[56, 53, 83]",25,2,1.1835435803761118,"[44, 54, 94]",0
event,expanded_128_mean_subtracted,2.0,"[56, 53, 83]",25,3,1.1993570995498082,"[44, 53, 92]",0
event,expanded_128_mean_subtracted,2.0,"[56, 53, 83]",25,4,1.1937593160440325,"[44, 53, 93]",0
event,expanded_128_mean_subtracted,2.0,"[56, 53, 83]",25,5,1.1131330801067338,"[44, 53, 94]",0
event,expanded_128_mean_subtracted,2.0,"[56, 53, 83]",33,0,1.5320887712489424,"[43, 60, 99]",0
event,expanded_128_mean_subtracted,2.0,"[56, 53, 83]",33,1,1.2824109150278284,"[44, 54, 92]",4
event,expanded_128_mean_subtracted,2.0,"[56, 53, 83]",33,2,1.1871306501281476,"[43, 54, 94]",3
event,expanded_128_mean_subtracted,2.0,"[56, 53, 83]",33,3,1.1993570995498082,"[44, 53, 92]",4
event,expanded_128_mean_subtracted,2.0,"[56, 53, 83]",33,4,1.1951901805339207,"[43, 54, 93]",3
event,expanded_128_mean_subtracted,2.0,"[56, 53, 83]",33,5,1.1131330801067338,"[44, 53, 94]",4
event,expanded_128_mean_subtracted,2.0,"[82, 50, 78]",17,0,1.4938085973692121,"[75, 48, 83]",1
event,expanded_128_mean_subtracted,2.0,"[82, 50, 78]",17,1,1.1317038261775194,"[77, 48, 82]",3
event,expanded_128_mean_subtracted,2.0,"[82, 50, 78]",17,2,0.9997181003729388,"[79, 47, 81]",5
event,expanded_128_mean_subtracted,2.0,"[82, 50, 78]",17,3,1.0275782407898988,"[86, 52, 75]",4
event,expanded_128_mean_subtracted,2.0,"[82, 50, 78]",17,4,0.9912710181223177,"[83, 50, 75]",5
event,expanded_128_mean_subtracted,2.0,"[82, 50, 78]",17,5,0.9362875686235321,"[90, 51, 70]",0
event,expanded_128_mean_subtracted,2.0,"[82, 50, 78]",25,0,1.4938085973692121,"[75, 48, 83]",5
event,expanded_128_mean_subtracted,2.0,"[82, 50, 78]",25,1,1.1694564743770086,"[82, 62, 90]",0
event,expanded_128_mean_subtracted,2.0,"[82, 50, 78]",25,2,1.1146216213936906,"[82, 62, 90]",0
event,expanded_128_mean_subtracted,2.0,"[82, 50, 78]",25,3,1.1384607654433756,"[81, 62, 90]",0
event,expanded_128_mean_subtracted,2.0,"[82, 50, 78]",25,4,1.1338528067868137,"[82, 62, 90]",0
event,expanded_128_mean_subtracted,2.0,"[82, 50, 78]",25,5,1.0833962993093218,"[81, 62, 90]",0
event,expanded_128_mean_subtracted,2.0,"[82, 50, 78]",33,0,1.4938085973692121,"[75, 48, 83]",9
event,expanded_128_mean_subtracted,2.0,"[82, 50, 78]",33,1,1.2767532800460848,"[80, 61, 94]",0
event,expanded_128_mean_subtracted,2.0,"[82, 50, 78]",33,2,1.2212780788746929,"[81, 66, 94]",0
event,expanded_128_mean_subtracted,2.0,"[82, 50, 78]",33,3,1.235058765550949,"[79, 61, 94]",0
event,expanded_128_mean_subtracted,2.0,"[82, 50, 78]",33,4,1.2341420098220302,"[81, 66, 94]",0
event,expanded_128_mean_subtracted,2.0,"[82, 50, 78]",33,5,1.1809447616888895,"[81, 66, 94]",0
event,expanded_128_mean_subtracted,2.0,"[83, 76, 63]",17,0,1.5835930831631524,"[89, 72, 71]",0
event,expanded_128_mean_subtracted,2.0,"[83, 76, 63]",17,1,1.1651175471741113,"[89, 73, 71]",0
event,expanded_128_mean_subtracted,2.0,"[83, 76, 63]",17,2,1.0177186623769232,"[89, 75, 71]",0
event,expanded_128_mean_subtracted,2.0,"[83, 76, 63]",17,3,1.0429507587369218,"[91, 83, 71]",0
event,expanded_128_mean_subtracted,2.0,"[83, 76, 63]",17,4,1.033903068138446,"[89, 75, 71]",0
event,expanded_128_mean_subtracted,2.0,"[83, 76, 63]",17,5,0.9927776409997434,"[91, 81, 71]",0
event,expanded_128_mean_subtracted,2.0,"[83, 76, 63]",25,0,1.6083154884565465,"[89, 72, 72]",3
event,expanded_128_mean_subtracted,2.0,"[83, 76, 63]",25,1,1.2169070273580676,"[89, 73, 74]",1
event,expanded_128_mean_subtracted,2.0,"[83, 76, 63]",25,2,1.0371255704136393,"[90, 74, 73]",2
event,expanded_128_mean_subtracted,2.0,"[83, 76, 63]",25,3,1.1107169656017555,"[90, 73, 75]",0
event,expanded_128_mean_subtracted,2.0,"[83, 76, 63]",25,4,1.0745137314125408,"[90, 74, 74]",1
event,expanded_128_mean_subtracted,2.0,"[83, 76, 63]",25,5,0.9962219427910843,"[92, 80, 72]",3
event,expanded_128_mean_subtracted,2.0,"[83, 76, 63]",33,0,1.6083154884565465,"[89, 72, 72]",7
event,expanded_128_mean_subtracted,2.0,"[83, 76, 63]",33,1,1.2169070273580676,"[89, 73, 74]",5
event,expanded_128_mean_subtracted,2.0,"[83, 76, 63]",33,2,1.0826905231583637,"[75, 92, 79]",0
event,expanded_128_mean_subtracted,2.0,"[83, 76, 63]",33,3,1.1107169656017555,"[90, 73, 75]",4
event,expanded_128_mean_subtracted,2.0,"[83, 76, 63]",33,4,1.0745137314125408,"[90, 74, 74]",5
event,expanded_128_mean_subtracted,2.0,"[83, 76, 63]",33,5,0.9962219427910843,"[92, 80, 72]",7
event,expanded_128_mean_subtracted,2.0,"[65, 82, 62]",17,0,1.2827003652457583,"[72, 81, 67]",1
event,expanded_128_mean_subtracted,2.0,"[65, 82, 62]",17,1,0.9275135959547052,"[73, 83, 70]",0
event,expanded_128_mean_subtracted,2.0,"[65, 82, 62]",17,2,0.8250872077876495,"[73, 84, 70]",0
event,expanded_128_mean_subtracted,2.0,"[65, 82, 62]",17,3,0.8317368046748815,"[73, 81, 67]",0
event,expanded_128_mean_subtracted,2.0,"[65, 82, 62]",17,4,0.8211365974481459,"[73, 83, 70]",0
event,expanded_128_mean_subtracted,2.0,"[65, 82, 62]",17,5,0.7596309664077859,"[73, 83, 70]",0
event,expanded_128_mean_subtracted,2.0,"[65, 82, 62]",25,0,1.3206604955022516,"[73, 92, 74]",0
event,expanded_128_mean_subtracted,2.0,"[65, 82, 62]",25,1,1.0354745106059493,"[74, 92, 74]",0
event,expanded_128_mean_subtracted,2.0,"[65, 82, 62]",25,2,0.9358900796928767,"[74, 90, 74]",0
event,expanded_128_mean_subtracted,2.0,"[65, 82, 62]",25,3,0.9418442014959639,"[75, 92, 74]",0
event,expanded_128_mean_subtracted,2.0,"[65, 82, 62]",25,4,0.9222333582470303,"[75, 92, 74]",0
event,expanded_128_mean_subtracted,2.0,"[65, 82, 62]",25,5,0.8702708968358276,"[77, 84, 74]",0
event,expanded_128_mean_subtracted,2.0,"[65, 82, 62]",33,0,1.3206604955022516,"[73, 92, 74]",4
event,expanded_128_mean_subtracted,2.0,"[65, 82, 62]",33,1,1.1345167533386513,"[76, 94, 78]",0
event,expanded_128_mean_subtracted,2.0,"[65, 82, 62]",33,2,1.0619347576293274,"[75, 92, 78]",0
event,expanded_128_mean_subtracted,2.0,"[65, 82, 62]",33,3,1.0200674745280143,"[77, 95, 78]",0
event,expanded_128_mean_subtracted,2.0,"[65, 82, 62]",33,4,1.039887709300425,"[76, 94, 78]",0
event,expanded_128_mean_subtracted,2.0,"[65, 82, 62]",33,5,0.9663662358079013,"[76, 94, 78]",0
event,expanded_128_mean_subtracted,2.0,"[46, 79, 74]",17,0,0.9312079407404168,"[46, 79, 74]",8
event,expanded_128_mean_subtracted,2.0,"[46, 79, 74]",17,1,0.8154953988636227,"[46, 78, 73]",7
event,expanded_128_mean_subtracted,2.0,"[46, 79, 74]",17,2,0.7258119414852379,"[46, 80, 73]",7
event,expanded_128_mean_subtracted,2.0,"[46, 79, 74]",17,3,0.7261116230641796,"[46, 79, 73]",7
event,expanded_128_mean_subtracted,2.0,"[46, 79, 74]",17,4,0.7288854322933492,"[46, 79, 73]",7
event,expanded_128_mean_subtracted,2.0,"[46, 79, 74]",17,5,0.6535464224341013,"[46, 81, 74]",6
event,expanded_128_mean_subtracted,2.0,"[46, 79, 74]",25,0,1.024058377777251,"[49, 91, 73]",0
event,expanded_128_mean_subtracted,2.0,"[46, 79, 74]",25,1,0.8154953988636227,"[46, 78, 73]",11
event,expanded_128_mean_subtracted,2.0,"[46, 79, 74]",25,2,0.7374969230204245,"[45, 91, 71]",0
event,expanded_128_mean_subtracted,2.0,"[46, 79, 74]",25,3,0.7495527222046482,"[47, 91, 73]",0
event,expanded_128_mean_subtracted,2.0,"[46, 79, 74]",25,4,0.7413355017655769,"[45, 91, 72]",0
event,expanded_128_mean_subtracted,2.0,"[46, 79, 74]",25,5,0.6946234598893472,"[45, 91, 72]",0
event,expanded_128_mean_subtracted,2.0,"[46, 79, 74]",33,0,1.14077081559416,"[36, 63, 90]",0
event,expanded_128_mean_subtracted,2.0,"[46, 79, 74]",33,1,0.9962061965441222,"[30, 95, 58]",0
event,expanded_128_mean_subtracted,2.0,"[46, 79, 74]",33,2,0.8970718914846084,"[30, 95, 58]",0
event,expanded_128_mean_subtracted,2.0,"[46, 79, 74]",33,3,0.9135868048375361,"[31, 95, 58]",0
event,expanded_128_mean_subtracted,2.0,"[46, 79, 74]",33,4,0.9129570144649147,"[30, 95, 58]",0
event,expanded_128_mean_subtracted,2.0,"[46, 79, 74]",33,5,0.831817937916673,"[30, 95, 58]",0
event,expanded_128_mean_subtracted,2.0,"[52, 63, 46]",17,0,0.9930485365159281,"[54, 55, 38]",0
event,expanded_128_mean_subtracted,2.0,"[52, 63, 46]",17,1,0.8879192362077222,"[54, 55, 38]",0
event,expanded_128_mean_subtracted,2.0,"[52, 63, 46]",17,2,0.8407303422223277,"[44, 71, 38]",0
event,expanded_128_mean_subtracted,2.0,"[52, 63, 46]",17,3,0.8587093872480827,"[52, 55, 38]",0
event,expanded_128_mean_subtracted,2.0,"[52, 63, 46]",17,4,0.8242516454778129,"[44, 71, 38]",0
event,expanded_128_mean_subtracted,2.0,"[52, 63, 46]",17,5,0.8190496861375682,"[44, 71, 38]",0
event,expanded_128_mean_subtracted,2.0,"[52, 63, 46]",25,0,1.2631235134928267,"[43, 75, 34]",0
event,expanded_128_mean_subtracted,2.0,"[52, 63, 46]",25,1,1.12169215747526,"[44, 75, 34]",0
event,expanded_128_mean_subtracted,2.0,"[52, 63, 46]",25,2,1.0743586981749067,"[44, 75, 34]",0
event,expanded_128_mean_subtracted,2.0,"[52, 63, 46]",25,3,1.0539446657123341,"[44, 75, 34]",0
event,expanded_128_mean_subtracted,2.0,"[52, 63, 46]",25,4,1.071610667081786,"[44, 75, 34]",0
event,expanded_128_mean_subtracted,2.0,"[52, 63, 46]",25,5,1.041688136424199,"[44, 75, 34]",0
event,expanded_128_mean_subtracted,2.0,"[52, 63, 46]",33,0,1.6669165102123926,"[54, 79, 30]",0
event,expanded_128_mean_subtracted,2.0,"[52, 63, 46]",33,1,1.5067292739477294,"[36, 79, 30]",0
event,expanded_128_mean_subtracted,2.0,"[52, 63, 46]",33,2,1.4610607961426454,"[36, 79, 30]",0
event,expanded_128_mean_subtracted,2.0,"[52, 63, 46]",33,3,1.4959134758564727,"[36, 79, 30]",0
event,expanded_128_mean_subtracted,2.0,"[52, 63, 46]",33,4,1.4852979515897764,"[36, 79, 30]",0
event,expanded_128_mean_subtracted,2.0,"[52, 63, 46]",33,5,1.45537158141579,"[36, 79, 30]",0
event,expanded_128_mean_subtracted,2.0,"[51, 64, 69]",17,0,0.846167987334645,"[47, 72, 63]",0
event,expanded_128_mean_subtracted,2.0,"[51, 64, 69]",17,1,0.721809736478279,"[47, 72, 65]",0
event,expanded_128_mean_subtracted,2.0,"[51, 64, 69]",17,2,0.6455923149037491,"[47, 72, 68]",0
event,expanded_128_mean_subtracted,2.0,"[51, 64, 69]",17,3,0.6218499757450101,"[59, 72, 71]",0
event,expanded_128_mean_subtracted,2.0,"[51, 64, 69]",17,4,0.6270350065347077,"[47, 72, 68]",0
event,expanded_128_mean_subtracted,2.0,"[51, 64, 69]",17,5,0.5761277386758281,"[50, 56, 77]",0
event,expanded_128_mean_subtracted,2.0,"[51, 64, 69]",25,0,1.411582234066525,"[58, 52, 81]",0
event,expanded_128_mean_subtracted,2.0,"[51, 64, 69]",25,1,1.11184835622737,"[55, 52, 81]",0
event,expanded_128_mean_subtracted,2.0,"[51, 64, 69]",25,2,0.9079366571487935,"[44, 52, 81]",0
event,expanded_128_mean_subtracted,2.0,"[51, 64, 69]",25,3,1.0500234595986369,"[53, 52, 81]",0
event,expanded_128_mean_subtracted,2.0,"[51, 64, 69]",25,4,0.9760031580216328,"[53, 52, 81]",0
event,expanded_128_mean_subtracted,2.0,"[51, 64, 69]",25,5,0.8843389267915759,"[46, 52, 81]",0
event,expanded_128_mean_subtracted,2.0,"[51, 64, 69]",33,0,1.5246602205727082,"[56, 53, 83]",2
event,expanded_128_mean_subtracted,2.0,"[51, 64, 69]",33,1,1.2235776678987378,"[55, 51, 84]",1
event,expanded_128_mean_subtracted,2.0,"[51, 64, 69]",33,2,1.0401410969350318,"[45, 50, 85]",0
event,expanded_128_mean_subtracted,2.0,"[51, 64, 69]",33,3,1.1417076884128763,"[53, 50, 84]",1
event,expanded_128_mean_subtracted,2.0,"[51, 64, 69]",33,4,1.0922702596589091,"[53, 49, 85]",0
event,expanded_128_mean_subtracted,2.0,"[51, 64, 69]",33,5,1.0221222003598933,"[49, 48, 85]",0
event,expanded_128_mean_subtracted,2.0,"[58, 81, 47]",17,0,0.9614636949474333,"[50, 85, 39]",0
event,expanded_128_mean_subtracted,2.0,"[58, 81, 47]",17,1,0.891941800250357,"[50, 88, 39]",0
event,expanded_128_mean_subtracted,2.0,"[58, 81, 47]",17,2,0.8559548995669446,"[50, 85, 39]",0
event,expanded_128_mean_subtracted,2.0,"[58, 81, 47]",17,3,0.8493184105093908,"[50, 77, 39]",0
event,expanded_128_mean_subtracted,2.0,"[58, 81, 47]",17,4,0.8469235127433904,"[50, 87, 39]",0
event,expanded_128_mean_subtracted,2.0,"[58, 81, 47]",17,5,0.8143648055326724,"[50, 79, 39]",0
event,expanded_128_mean_subtracted,2.0,"[58, 81, 47]",25,0,1.25647798153462,"[46, 78, 35]",0
event,expanded_128_mean_subtracted,2.0,"[58, 81, 47]",25,1,1.1283015565476902,"[46, 83, 35]",0
event,expanded_128_mean_subtracted,2.0,"[58, 81, 47]",25,2,1.0860409102948447,"[46, 80, 35]",0
event,expanded_128_mean_subtracted,2.0,"[58, 81, 47]",25,3,1.0859999832850784,"[46, 83, 35]",0
event,expanded_128_mean_subtracted,2.0,"[58, 81, 47]",25,4,1.089913859488956,"[46, 81, 35]",0
event,expanded_128_mean_subtracted,2.0,"[58, 81, 47]",25,5,1.0479147511647267,"[46, 80, 35]",0
event,expanded_128_mean_subtracted,2.0,"[58, 81, 47]",33,0,1.6070338126129207,"[42, 83, 31]",0
event,expanded_128_mean_subtracted,2.0,"[58, 81, 47]",33,1,1.4517766950778646,"[42, 82, 31]",0
event,expanded_128_mean_subtracted,2.0,"[58, 81, 47]",33,2,1.3383777774028318,"[42, 82, 31]",0
event,expanded_128_mean_subtracted,2.0,"[58, 81, 47]",33,3,1.4261811312552104,"[42, 82, 31]",0
event,expanded_128_mean_subtracted,2.0,"[58, 81, 47]",33,4,1.3816334742483436,"[42, 82, 31]",0
event,expanded_128_mean_subtracted,2.0,"[58, 81, 47]",33,5,1.3234771354088677,"[42, 81, 31]",0
