tau,a,b,true_peak,measured_peak,energy,retention
1.0,1.0,1.0,1.0,0.9992004797441281,7.568142404343694,0.9992004797441281
0.9682778562612492,0.9840111057611338,0.9841697223950234,1.0164125060084885,1.015573324386686,7.45073805621381,0.999174369051107
0.9375620069258802,0.9682778562612491,0.9685900424790973,1.033094382370456,1.0322135724696084,7.335154997935961,0.9991474061655176
0.9078205301781858,0.9527961640236519,0.9532569932212371,1.0500500501284469,1.0491255475374117,7.221364975899634,0.9991195633094613
0.8790225168308843,0.9375620069258802,0.9381666703896596,1.0672840028853938,1.0663136408660392,7.109340174791654,0.999090811801984
0.8511380382023764,0.9225714271547631,0.9233152315576547,1.084800807995514,1.0837823124149168,6.999053210796903,0.9990611220298783
0.8241381150130023,0.9078205301781858,0.9086988951251938,1.1026051077747536,1.101536091786771,6.890477124904494,0.9990304634175511
0.7979946872679766,0.8933054837332952,0.8943139393560263,1.1207016207310971,1.1195795791949437,6.7835853763178156,0.998998804395927
0.7726805850957023,0.8790225168308843,0.8801567014300202,1.1390951428150693,1.137917446437933,6.678351835966764,0.9989661123703627
0.7481695005111544,0.8649679187756933,0.8662235765105025,1.1577905486907616,1.1565544378808437,6.574750780120659,0.9989323536875337
0.72443596007499,0.8511380382023764,0.8525110168263654,1.1767927930277202,1.175495371443428,6.472756884100218,0.9988974936012701
0.7014552984199712,0.8375292821268826,0.8390155307687033,1.1961069118140337,1.1947451395943414,6.372345216087095,0.9988614962372995
0.6792036326171845,0.8241381150130023,0.8257336820017478,1.2157380236909763,1.214308710351247,6.273491231029426,0.9988243245568731
0.6576578373554205,0.8109610578538408,0.8126620885878807,1.2356913313095526,1.2341911282863347,6.1761707646419515,0.9987859403192317
0.6367955209079158,0.7979946872679766,0.7997974221264944,1.255972122709308,1.254397515536814,6.08036002749918,0.9987463040428817
0.6165950018614822,0.7852356346100718,0.7871364069064873,1.2765857727197685,1.2749330728198984,5.986035599220211,0.9987053749656406
0.5970352865838369,0.7726805850957024,0.7746758190721738,1.2975377443848828,1.295803080451769,5.893174422743751,0.9986631110034213
0.5780960474057181,0.7603262769401818,0.7624124858023986,1.3188335904108404,1.3170128993699446,5.801753798691957,0.9986194687077021
0.5597576014951101,0.7481695005111543,0.7503432845026463,1.340478954637655,1.3385679721584929,5.711751379821698,0.9985744032216615
0.5420008904016238,0.736207097494736,0.7384651420099394,1.362479573534898,1.3604738240754226,5.623145165561899,0.9985278682349185
0.5248074602497725,0.72443596007499,0.7267750338103236,1.3848412777219827,1.382736064081602,5.535913496635641,0.9984798159368532
0.5081594425605606,0.7128530301265196,0.7152699832687399,1.4075699935133976,1.4053603858704566,5.450035049765654,0.9984301969684466
0.4920395356814509,0.7014552984199712,0.7039470608710888,1.4306717444893045,1.4283525688977041,5.365488832461981,0.9983789603726128
0.4764309868054157,0.690239803840242,0.6928033834782921,1.4541526530919102,1.4517184794102755,5.282254177890496,0.9983260535429627
0.46131757456037936,0.6792036326171845,0.6818361135921637,1.4780189422480408,1.475464071473576,5.200310739820982,0.9982714221709643
0.4466835921509631,0.6683439175686146,0.6710424586329012,1.5022769370183469,1.4995953879961372,5.1196384876536465,0.9982150101914419
0.43251383103500873,0.6576578373554205,0.6604196702280164,1.526933066273574,1.5241185617506825,5.040217701522737,0.9981567597263709
0.4187935651179184,0.6471426157485832,0.6499650435125198,1.551993864398349,1.5490398163905585,4.962028967476145,0.9980966110269156
0.40550853544838383,0.6367955209079158,0.639675916440186,1.5774659730229246,1.5743654674604055,4.885053172729763,0.9980345024136543
0.3926449353995998,0.6266138646723354,0.6295496691057199,1.6033561427833498,1.6001019233999063,4.8092715009954965,0.9979703702149453
0.3801893963205612,0.6165950018614822,0.6195837230776552,1.6296712351105285,1.6262556865393436,4.734665427881711,0.9979041487033713
0.36812897364253144,0.6067363295885054,0.609775540741811,1.6564182240486411,1.6528333540856515,4.661216716365064,0.9978357700302116
0.35645113342624424,0.5970352865838369,0.6001226246551433,1.6836041981034096,1.6798416190975438,4.588907412332562,0.9977651641578796
0.34514373933585624,0.5874893525297767,0.5906225169098253,1.7112363621206983,1.707287271448248,4.517719840192787,0.9976922587902725
0.3341950400261142,0.5780960474057181,0.5812727985073927,1.7393220391959485,1.735177198774253,4.4476365985552,0.9976169793009628
0.32359365692962827,0.5688529308438415,0.572071088742799,1.7678686726149486,1.7635183874084224,4.37864055597647,0.9975392486591826
0.31332857243155854,0.5597576014951101,0.5630150445982193,1.7968838278264603,1.7923179232957027,4.310714846772789,0.9974589873535227
0.30338911841942706,0.5508076964054034,0.5541023601464512,1.8263751944472182,1.8215829928895764,4.24384286689716,0.9973761133132931
0.2937649651961531,0.5420008904016239,0.5453307659637601,1.8563505882998377,1.8513208840272921,4.178008269880626,0.9972905418274723
0.28444611074479154,0.5333348954876209,0.5366980285520192,1.8868179534841703,1.881538986781798,4.113194962836472,0.9972021854611759
0.2754228703338166,0.5248074602497725,0.5282019497699971,1.9177853644826532,1.9122447942881977,4.04938710252642,0.9971109539695804
0.2666858664521479,0.5164163692720709,0.519840366273648,1.9492610283002165,1.943445903542416,3.986569091487831,0.997016754209224
0.25822601906345966,0.5081594425605606,0.5116111489652636,1.9812532866393062,1.975150016169643,3.924725574221,0.996919490046618
0.25003453616964316,0.5000345349769785,0.5035122024513424,2.0137706181106116,2.007364939159994,3.8638414334355873,0.9968190622640887
0.2421029046736178,0.4920395356814509,0.4955414645090444,2.04682164048007,2.040098585568679,3.803901786355297,0.9967153684627772
0.2344228815319922,0.4841723675840993,0.4876969055610895,2.0804151129527537,2.0733589751778365,3.7448919810798538,0.9966083029627186
0.2269864851883822,0.4764309868054157,0.47997652815896946,2.1145599384942413,2.107154235117034,3.6867975930034396,0.9964977566999207
0.21978598727848248,0.4688133821452652,0.47237836647434006,2.1492651661900872,2.141492600439274,3.6296044212886773,0.9963836171203614
0.21281390459827118,0.46131757456037936,0.4649004857984659,2.1845399936440173,2.176382414649195,3.5732984853953242,0.9962657680708262
0.206062991327,0.45394161665020316,0.45754098204958765,2.2203937694154834,2.2118321301799524,3.5178660216628033,0.9961440896864951
0.19952623149688792,0.4466835921509631,0.450297981288089,2.256835995497226,2.2478503088151243,3.463293479945758,0.9960184582752004
0.1931968317016924,0.4395416154378245,0.44316963923933805,2.2938763298334974,2.284445622051764,3.4095675203017977,0.9958887461982671
0.18706821403658005,0.4325138310350087,0.436154140824082,2.3315245888796197,2.321626851400536,3.3566750097306297,0.9957548217478419
0.18113400926196024,0.4255984131337431,0.4292496996962767,2.369790750203545,2.359402888618673,3.304603018963765,0.9956165490206341
0.1753880501841761,0.4187935651179183,0.42245455778823177,2.4086849551301217,2.397782735871264,3.253338819304042,0.9954737877879638
0.16982436524617442,0.41209751909733017,0.4157669848629564,2.448217511428751,2.436775505816152,3.2028698795141644,0.9953263933620335
0.16443717232149316,0.40550853544838383,0.4091852780735917,2.488398896045162,2.4763904216075256,3.1531838627535156,0.9951742164583333
0.159220872705117,0.39902490236214205,0.4027077615298172,2.52923975787802,2.5166368168129662,3.1042686235624863,0.9950171030540705
0.15417004529495593,0.3926449353995998,0.3963327858711214,2.5707509206011014,2.557524135238548,3.0561122048935894,0.9948548942425504
0.14927944095789958,0.38636697705406914,0.39005872784682777,2.612943385531795,2.599061930656246,3.008702835188629,0.9946874260833923
0.14454397707459277,0.3801893963205612,0.38388398990276856,2.6558283345466753,2.641259866427666,2.9620289255012113,0.9945145294484946
0.13995873225726183,0.37411058827205335,0.37780699977450166,2.6994171330449372,2.6841277150178207,2.9160790666638916,0.9943360298636506
0.1355189412351036,0.36812897364253144,0.3718262100869679,2.743721332960454,2.7276753573923402,2.8708420264992682,0.9941517473457115
0.13121998990192033,0.3622429984166986,0.3659400979604849,2.788752675823286,2.771912782291251,2.826306747074349,0.9939614962352071
0.12705741052085415,0.3564511334262442,0.360147164622978,2.834523095871425,2.8168500853720517,2.7824623419974954,0.9937650850243152
0.12302687708123815,0.350751873952568,0.3544459350283511,2.881044723213614,2.8624974682145403,2.739298093757311,0.9935623161800885
0.11912420080273747,0.34514373933585624,0.34883495748089677,2.928329887044082,2.908865237179463,2.696803451102803,0.9933529859628395
0.11534532578210921,0.3396252725904084,0.34331280326565394,2.97639111891003,2.955963802112662,2.6549680264641986,0.9931368842395792
0.1116863247780561,0.3341950400261142,0.3378780662846159,3.025241156032753,3.003803674886073,2.6137815934137554,0.9929137942924218
0.1081433951297938,0.32885163087598307,0.33252936269869776,3.0748929446832673,3.0523954677664533,2.573234084165978,0.9926834926218443
0.10471285480508996,0.32359365692962827,0.32726533057537144,3.1253596436133404,3.101749891602391,2.5333155871165935,0.9924457487447258
0.10139113857366794,0.3184197521726125,0.32208462954187883,3.1766546275428325,3.1518777538196128,2.4940163444197343,0.9922003249870495
0.09817479430199844,0.31332857243155854,0.31698594044393485,3.2287914907042725,3.2027899562142523,2.4553267496026727,0.9919469762711903
0.09506047936562814,0.3083187950249354,0.31196796500983276,3.281784050445613,3.2544974925332215,2.417237345217586,0.9916854498976901
0.09204495717531712,0.303389118419427,0.30702942551986745,3.335646350892114,3.3070114458303888,2.3797388205297314,0.991415485321438
0.08912509381337455,0.29853826189179594,0.30216906448099146,3.390392666668324,3.360342985586704,2.3428220092414924,0.9911368139221617
0.08629785477669702,0.2937649651961531,0.2973856443066213,3.4460375066811535,3.4145033645819924,2.306477887251733,0.9908491587691594
0.08356030182312478,0.2890679882365475,0.2926779470015126,3.5025956179650355,3.469503915505493,2.2706975704499026,0.99055223438018
0.08090958991783821,0.28444611074479154,0.288044773851624,3.5600819895901923,3.5253560472917775,2.2354723125443727,0.9902457464743917
0.07834296427662116,0.2798981319634362,0.2834849451188901,3.6185118566350534,3.5820712411680233,2.2007935029244527,0.989929391719358
0.07585775750291836,0.2754228703338166,0.2789972997408265,3.6779007042238634,3.639661046398081,2.1666526645555773,0.9896028574719633
0.07345138681571148,0.27101916318908426,0.27458069503489035,3.738264271630562,3.698137075708162,2.1330414519071437,0.9892658215132294
0.07112135136533289,0.2666858664521479,0.2702340064075206,3.799618556450017,3.7575110003783156,2.099951648912494,0.9889179517769693
0.06886522963442762,0.26242185433844417,0.26595612706778454,3.861979818837717,3.8177945449832604,2.0673751669605505,0.9885589060722346
0.06668067692136222,0.25822601906345966,0.2617459677455571,3.925364585819053,3.878999481765454,2.0353040429185927,0.9881883317995227
0.06456542290346556,0.25409727055493053,0.2576024564141617,3.9897896556693166,3.9411376246225984,2.0037304371857205,0.9878058656607158
0.06251726927756858,0.2500345361696431,0.25352453801740155,4.0552721023655955,4.004220822691077,1.972646631776512,0.9874111333627309
0.06053408747539136,0.24603676041476275,0.24951117420091265,4.121829280111727,4.068260953506124,1.9420450284344015,0.9870037493148793
0.05861381645140287,0.2421029046736178,0.24556134304776853,4.189478827937525,4.133269915718775,1.9119181467743316,0.9865833163199391
0.056754460540854715,0.23823194693586902,0.24167403881827146,4.2582386743734855,4.199259621348864,1.8822586224542146,0.9861494252589543
0.054954087385762455,0.2344228815319922,0.2378482716938623,4.328127042202219,4.266241987552652,1.8530592053747657,0.9857016547698011
0.05321082592667942,0.2306747188720069,0.23408306752508456,4.399162453287865,4.334228927882759,1.8243127579072553,0.9852395709195564
0.051522864458175645,0.2269864851883822,0.23037746758353797,4.471363733484769,4.4032323430174,1.7960122531487552,0.9847627268707414
0.049888448746001214,0.22335722228305316,0.22673052831775906,4.544750017626726,4.473264110935036,1.7681507732044575,0.9842706625415185
0.04830588020397726,0.21978598727848248,0.22314132111296592,4.619340754598103,4.544336076509703,1.7407215074966296,0.9837629042599335
0.046773514128719815,0.21627185237270202,0.21960893205460644,4.6951557124882015,4.616460040501563,1.7137177510998136,0.983238964412336
0.04528975799036206,0.21281390459827118,0.21613246169564956,4.772214983830204,4.6896477479162195,1.6871329031018416,0.9826983410861102
0.04385306977749856,0.20941124558508925,0.21271102482756044,4.8505389909261165,4.763910875705605,1.660960464990282,0.9821405177068845
0.042461956394631274,0.20606299132699998,0.20934375025490107,4.9301484912591,4.839261019782333,1.6351940390639181,0.9815649626704133
0.04111497211045221,0.20276827195212818,0.20602978057349908,5.011064582994631,4.91570968131857,1.6098273268688645,0.9809711289693502
0.03981071705534971,0.19952623149688792,0.20276827195212818,5.093308710571955,4.993268252299584,1.5848541276589445,0.9803584538151554
0.038547835766577186,0.1963360276836047,0.19955839391764463,5.176902670387303,5.071948000301332,1.5602683368799608,0.979726358255424
0.03732501577957206,0.1931968317016924,0.19639932914352504,5.261868616570395,5.151760052460518,1.5360639446774624,0.9790742467869439
0.03614098626396133,0.19010782799233,0.19329027324175185,5.348229066855735,5.232715378604766,1.5122350344276805,0.9784015069648315
0.03499451670283573,0.18706821403658005,0.19023043455799313,5.4360069085502785,5.314824773509732,1.4887757812912366,0.9777075090081399
0.033884415613920256,0.18407720014689558,0.18721903397002476,5.525225404599046,5.398098838249087,1.4656804507892973,0.976991605402353
0.032809529311311904,0.18113400926196024,0.18425530468934373,5.615908199750281,5.482547960602655,1.442943397401815,0.9762531304992562
0.031768740706497704,0.17823787674480895,0.18133849206592184,5.708079326821804,5.568182294487082,1.420559063187511,0.9754914001146836
0.03076096814740708,0.1753880501841761,0.17846785339605045,5.801763213070196,5.65501173837281,1.3985219764252679,0.9747057111247173
0.029785164294291896,0.17258378919902037,0.1756426577332267,5.896984686664539,5.7430459126504045,1.376826750276605,0.9738953410609574
0.028840315031266057,0.16982436524617442,0.17286218570203382,5.993768983266386,5.832294135908639,1.3554680814688878,0.9730595477055326
0.027925438412373375,0.16710906143107074,0.1701257293149676,6.092141752717739,5.922765400086219,1.334440748998983,0.9721975686865856
0.027039583641088435,0.16443717232149316,0.16743259179216255,6.192129065838783,6.0144683444584555,1.3137396128570071,0.9713086210750257
0.02618183008218985,0.16180800376430657,0.16478208738397188,6.293757421337199,6.1074112284198545,1.293359612769884,0.9703919009834109
0.02535128630497907,0.159220872705117,0.16217354119635607,6.397053752830866,6.201601903023139,1.2732957669643907,0.9694465831678788
0.024547089156850298,0.15667510701081488,0.15960628901903565,6.502045435985827,6.297047781235097,1.2535431709493898,0.9684718206341404
0.02376840286624876,0.15417004529495593,0.1570796771563642,6.60876029577141,6.393755806869356,1.2340969963169584,0.9674667442485962
0.023014418174085078,0.15170503674593364,0.15459306226087882,6.71722661383442,6.49173242215632,1.214952489562106,0.966430462355746
0.02228435149270303,0.14927944095789958,0.15214581116948567,6.827473135994357,6.590983533910503,1.1961049709208138,0.9653620604031258
0.021577444091526666,0.1468926277643867,0.1497373007422384,6.939529079861657,6.691514478255806,1.1775498332260912,0.9642606005751049
0.020892961308540396,0.14454397707459277,0.1473669177036689,7.053424142580968,6.793329983869693,1.1592825407817768,0.9631251214369618
0.020230191786782717,0.142232878712282,0.14503405848663006,7.169188508701497,6.896434133707828,1.1412986282538196,0.9619546375907654
0.0195884467350599,0.13995873225726183,0.1427381290786103,7.286852858176547,7.000830325171535,1.1235936995787503,0.9607481393446736
0.018967059212111465,0.13772094688939465,0.14047854487048092,7.406448374494342,7.106521228681474,1.1061634268890905,0.9595045923973857
0.018365383433483463,0.1355189412351036,0.138254730507638,7.528006752942292,7.213508744622132,1.0890035494554289,0.9582229375395765
0.01778279410038923,0.1333521432163324,0.13606611974350089,7.651560209006901,7.321793958623319,1.072109872644913,0.9569020903742739
0.01721868574986007,0.13121998990192033,0.13391215529532927,7.777141486911538,7.431377095146539,1.0554782668958922,0.9555409410582411
0.016672472125510627,0.12912192736135342,0.13179228870232346,7.9047838682943405,7.542257469346318,1.0391046667084738,0.9541383540665677
0.01614358556826486,0.12705741052085415,0.12970598018597046,8.034521181028525,7.654433437178847,1.0229850696507317,0.9526931679827843
0.015631476426409538,0.125025903021772,0.12765269851260094,8.166387808187485,7.767902343733231,1.0071155353803385,0.9512041953169625
0.01513561248436208,0.12302687708123815,0.12563192085812208,8.30041869715701,7.882660469763602,0.9914921846813687,0.9496702223543861
0.014655478409559114,0.12105981335504823,0.12364313267489155,8.436649368897072,7.998702976404092,0.9761111985160477,0.9480900090375294
0.014190575216890919,0.11912420080273747,0.12168582756069905,8.575115927355606,8.116023848052457,0.9609688170912101,0.9464622888842129
0.013740419750125148,0.11721953655481303,0.11975950712982186,8.715855069036817,8.234615833412825,0.9460613389392416,0.9447857689449656
0.013304544179780907,0.11534532578210921,0.1178636808861216,8.8589040927265,8.35447038469275,0.9313851200132741,0.9430591298027586
0.012882495516931335,0.11350108156723149,0.11599786609814992,9.004300909376997,8.475577594955471,0.9169365727964202,0.9412810256184443
0.012473835142429427,0.1116863247780561,0.1141615876762313,9.152084052154388,8.597926133634179,0.9027121654248274,0.939450084225378
0.012078138351067797,0.10990058394325208,0.11235437805149168,9.302292686650565,8.721503180221738,0.8887084208243307,0.9375649072768587
0.01169499391019871,0.1081433951297938,0.11057577705680209,9.454966621262935,8.84629435615673,0.8749219158605056,0.9356240704501924
0.011324003632355572,0.10641430182243161,0.1088253318096069,9.610146317744471,8.972283654934436,0.8613492805019004,0.9336261237113253
0.01096478196143185,0.10471285480508996,0.10710259659660713,9.767872901926907,9.099453370480193,0.8479871969962534,0.931569591644169
0.010616955571987247,0.1030386120441616,0.10540713276026902,9.928188174619937,9.227784023831788,0.8348323990594845,0.9294529738488804
0.010280162981264735,0.10139113857366794,0.10373850858712934,10.09113462268929,9.357254288187896,0.8218816710772743,0.9272747454135326
0.009954054173515265,0.0997700063822553,0.1020962991978688,10.25675543031665,9.487840912390297,0.8091318473190232,0.9250333574637438
0.009638290236239706,0.09817479430199844,0.10048008643912582,10.425094490444318,9.61951864291959,0.796579811164009,0.9227272377950031
0.009332543007969905,0.09660508789898131,0.09888945877702236,10.5961964164078,9.752260144496725,0.7842224943395448,0.92035479159255
0.009036494737223014,0.09506047936562814,0.09732401119237624,10.770106553759215,9.88603591939615,0.7720568761709593,0.9179144022438211
0.008749837752274364,0.09354056741475521,0.0957833450775711,10.946870992284849,10.02081422559104,0.7600799828432097,0.9154044322485873
0.008472274141405963,0.09204495717531712,0.09426706813505985,11.126536578219875,10.156560993866297,0.7482888866739479,0.912823224232031
0.008203515443298184,0.09057326008982002,0.09277479427747462,11.309150926663575,10.293239744051585,0.7366807053978702,0.9101691020661173
0.007943282347242814,0.08912509381337455,0.09130614352931758,11.494762434198348,10.430811500543987,0.7252526014621595,0.9074403721046922
0.0076913044028660985,0.08770008211436349,0.08986074193020865,11.683420291715775,10.569234707308201,0.7140017813328637,0.9046353245378328
0.007447319739059889,0.08629785477669702,0.08843822143966427,11.875174497453262,10.708465142561758,0.7029254948120328,0.9017522348710147
0.007211074791828998,0.0849180475036314,0.087038219843384,12.070075870244562,10.848455833372874,0.6920210343654486,0.898789365534706
0.006982324040771711,0.08356030182312478,0.08566038066102023,12.268176062987866,10.9891569704202,0.681285734460783,0.8957449676299994
0.006760829753919818,0.08222426499470711,0.08430435305540833,12.46952757633485,11.130515823185933,0.6707169709160262,0.8926172828158987
0.006546361740672747,0.08090958991783821,0.08296979174323323,12.674183772604461,11.272476655877059,0.6603121602580168,0.8894045453438015
0.00633869711256927,0.07961593504173188,0.08165635690711077,12.882198889925018,11.414980644393838,0.6500687590909309,0.8861049842446796
0.006137620051647939,0.07834296427662116,0.08036371410906014,13.09362805660846,11.557965794689618,0.63998426347456,0.8827168256743186
0.005942921586155727,0.07709034690644301,0.07909153420534676,13.30852730576046,11.701366862891929,0.6300562083122405,0.8792382954218467
0.005754399373371567,0.07585775750291836,0.07783949326267259,13.526953590130391,11.845115277581595,0.620282166748272,0.8756676215865848
0.005571857489319298,0.07464487584100665,0.0766072724756938,13.74896479720495,11.989139064653575,0.61065974957469,0.8720030374280154
0.005395106225151273,0.07345138681571146,0.07539455808584344,13.97461976454958,12.133362775211314,0.6011866046472334,0.8682427843933819
0.005223961889991197,0.07227698036021703,0.07420104130144003,14.203978295401589,12.277707416974238,0.5918604163103816,0.8643851153270937
0.005058246620031137,0.07112135136533287,0.07302641821905988,14.437101174519313,12.422090389706819,0.5826789048313,0.8604282978657185
0.004897788193684461,0.06998419960022734,0.07187038974615506,14.674050184291266,12.56642542520571,0.573639825842579,0.8563706180218879
0.004742419852602448,0.06886522963442762,0.07073266152489557,14.914888121109806,12.710622532410316,0.5647409697936054,0.8522103839599252
0.004591980128368685,0.0677641507610675,0.06961294385721761,15.15967881201346,12.854587948229938,0.5559801614104539,0.8479459299654273
0.004446312674691089,0.06668067692136222,0.06851095163105822,15.408487131602385,12.998224094708316,0.5473552591641541,0.8435756206103657
0.004305266104917106,0.06561452663029053,0.06742640424775742,15.661379019231532,13.141429543173258,0.5388641547472037,0.8390978551145541
0.004168693834703355,0.06456542290346556,0.06635902555061006,15.918421496485884,13.284098986044516,0.5305047725582077,0.8345110719035229
0.0040364539296760486,0.06353309318517436,0.06530854375454814,16.179682684942616,13.426123216997604,0.5222750691945074,0.8298137533619512
0.003908408957924021,0.06251726927756858,0.06427469137693691,16.445231824224674,13.567389120203629,0.5141730329526844,0.825004430780852
0.0037844258471709316,0.061517687270986804,0.06325720516946577,16.715139290350752,13.707779669385836,0.506196683336809,0.8200816894956423
0.0036643757464783332,0.06053408747539136,0.062255826051118186,16.989476614386355,13.847173937451515,0.49834407057432234,0.8150441742111114
0.0035481338923357532,0.059566214352901034,0.06127029904220183,17.268316501401053,13.985447117473127,0.49061327513942254,0.809890594508065
0.0034355794789987463,0.05861381645140287,0.06030037319942386,17.551732849736776,14.122470555804252,0.4830024072838504,0.8046197305251286
0.0033265955329400436,0.05767664633922506,0.05934580155199327,17.839800770592472,14.258111798124167,0.47550960657495006,0.7992304388077898
0.0032210687912834347,0.056754460540854715,0.058406341038735377,18.132596607930058,14.392234649208511,0.46813304144089724,0.7937216583152935
0.0031188895840939352,0.05584701947368306,0.05748175244620124,18.430197958707215,14.524699247222863,0.4608709087229815,0.7880924165744391
0.003019951720402016,0.054954087385762455,0.05657180034775734,18.732683693442127,14.655362153329602,0.4537214332348361,0.7823418359676942
0.0029241523778433336,0.054075432294558065,0.05567625304363902,19.040133977115868,14.784076457386893,0.4466828673285021,0.7764691401413307
0.0028313919957993787,0.05321082592667942,0.054794882501953295,19.352630290417707,14.910691900500163,0.43975349046722767,0.7704736605175094
0.0027415741719278835,0.05236004365857503,0.05392746430061531,19.67025545133924,15.035055015161861,0.43293160880489084,0.7643548428924041
0.002654605561975539,0.051522864458175645,0.053073777570204095,19.993093637122858,15.157009283682841,0.42621555477195044,0.7581122541005634
0.0025703957827688645,0.050699070827470445,0.05223360493772299,20.321230406570407,15.276395315578757,0.41960368666781733,0.7517455887237754
0.00248885731828239,0.049888448746001214,0.05140673247125014,20.65475272271813,15.393051044526848,0.4130943882595502,0.7452546758207401
0.0024099054286865953,0.04909078761526031,0.0505929496254655,20.993748975883584,15.506811945451211,0.4066860683867781,0.7386394856518742
0.002333458062281002,0.04830588020397726,0.04979204918803977,21.33830900709098,15.617511272228938,0.40037716057274825,0.7319001363715864
0.0022594357702209783,0.047533522594280536,0.049003827226872465,21.68852413188084,15.724980316433797,0.3941661226414114,0.7250369006583999
0.002187761623949552,0.046773514128719815,0.04822808303816475,22.044487164510592,15.829048687449118,0.38805143634044553,0.7180502122513558
0.002118361135248502,0.0460256573581356,0.04746461909531474,22.406292442552168,15.929544614186044,0.3820316069701278,0.7109406723592511
0.0020511621788255646,0.04528975799036206,0.046713240998621425,22.774035851893515,16.02629526853845,0.3761051630179635,0.703709055907452
0.001986094917357372,0.04456562483975033,0.045973757425785085,23.147814852150244,16.119127110589883,0.37027065579898416,0.6963563175853097
0.0019230917289101575,0.04385306977749856,0.045245980083191036,23.52772850249455,16.207866255462807,0.3645266591016235,0.6888835976556068
0.0018620871366628676,0.043151907682776526,0.04452972365796489,23.913877487907826,16.2923388615646,0.3588717688390901,0.6812922274860237
0.001803017740859568,0.042461956394631274,0.043824805770786394,24.30636414586438,16.372371539839943,0.35330460270614417,0.6735837347613188
0.001745822152920504,0.041783036664662175,0.043131046929450675,24.705292493452884,16.44779178348487,0.3478237998412041,0.6657598483338611
0.0016904409316432633,0.04111497211045221,0.042448270483164185,25.110768254943153,16.518428417414885,0.34242802049368826,0.6578225026692749
0.0016368165214278084,0.04045758916974426,0.04177630257756457,25.52289888980517,16.584112066609137,0.33711594569652353,0.6497738418433915
0.0015848931924611126,0.03981071705534971,0.04111497211045221,25.94179362118815,16.644675642274777,0.3318862769437297,0.6416162230463555
0.0015346169827992941,0.03917418771077831,0.04046411068822289,26.367563464866866,16.69995484459244,0.32673773587300825,0.6333522195497543
0.0014859356422870075,0.038547835766577186,0.03982355258298983,26.800321258663192,16.74978868061566,0.3216690639532532,0.6249846230929526
0.0014387985782558451,0.03793149849736819,0.039193134690384705,27.240181692350433,16.79401999570602,0.3166790221769109,0.6165164456455187
0.0013931568029453036,0.03732501577957206,0.038572696488026685,27.68726133804845,16.83249601669297,0.3117663907571123,0.6079509205036968
0.0013489628825916532,0.036728230049808464,0.037962079994648706,28.141678681117774,16.86506890475489,0.30692996882950196,0.5992915026803588
0.0013061708881318417,0.03614098626396133,0.037361129729871094,28.60355415156057,16.89159631582742,0.30216857415869464,0.5905418685497809
0.0012647363474711508,0.03556313185689853,0.03676969267461168,29.073010155937194,16.911941966159215,0.2974810428492841,0.5817059147109167
0.001224616199265049,0.03499451670283573,0.03618761823212291,29.550171109806357,16.925976200455015,0.29286622906133625,0.5727877560356344
0.0011857687481671595,0.03443499307633384,0.03561475818964548,30.035163470697928,16.933576559875288,0.2883230047302943,0.5637917228716119
0.0011481536214968829,0.033884415613920256,0.03505096668066929,30.528115771626688,16.93462834700151,0.28385025929123114,0.5547223573732913
0.0011117317272815908,0.033342641276323484,0.034496100147791496,31.029158655156355,16.929025184729742,0.2794468994073764,0.5455844089384136
0.001076465213629835,0.032809529311311904,0.03395001730616289,31.538424908022446,16.91666956592482,0.2751118487028589,0.5363828287322528
0.0010423174293933035,0.03228494121712634,0.03341257910751256,32.05604949632364,16.897473390555877,0.27084404749959,0.5271227632866542
0.0010092528860766844,0.031768740706497704,0.032883648704742405,32.58216960129045,16.871358486942704,0.26664245255823465,0.5178095471663893
0.0009772372209558102,0.031260793671239545,0.03236309141708179,33.116924655641235,16.838257113675507,0.26250603682319434,0.5084486947011013
0.000946237161365793,0.03076096814740708,0.03185077469579416,33.660456380534605,16.798112438728477,0.2584337891715516,0.4990458907872266
0.0009162204901219992,0.030269134281013046,0.031346568090426165,34.21290882312861,16.75087899227364,0.2544247141659058,0.48960698077065323
0.0008871560120379609,0.029785164294291896,0.030850343215591422,34.77442839475607,16.696523089716823,0.25047783181104477,0.4801379594275267
0.0008590135215053951,0.029308932452503197,0.030361973718279794,35.34516390972677,16.635023221524296,0.2465921773143898,0.4706449590674112
0.0008317637711026709,0.028840315031266057,0.029881335245684426,35.92526662476617,16.566370406487774,0.24276680085015884,0.4611342367899713
0.0008053784411990669,0.028379190284415566,0.029408305413537877,36.514890279101685,16.490568505187998,0.23900076732718603,0.4516121609333147
0.0007798301105232585,0.02792543841237338,0.02894276377494963,37.11419113520676,16.407634490563936,0.23529315616034469,0.4420851967591326
0.0007550922276654341,0.02747894153102397,0.02848459178973692,37.72332802021352,16.317598672675526,0.23164306104551521,0.43255989142665163
0.0007311390834834172,0.027039583641088435,0.02803367279424094,38.34246236800548,16.220504874962916,0.2280495897380448,0.42304285831412775
0.000707945784384138,0.0266072505979881,0.02758989197162103,38.971758262000606,16.116410559553426,0.22451186383464264,0.4135407607530945
0.0006854882264526614,0.02618183008218985,0.027153136322618947,39.61138247863707,16.005386899447696,0.2210290185586601,0.404060295246691
0.000663743070401909,0.025763211570025757,0.026723294636786122,40.26150453157223,15.887518795727685,0.21760020254870063,0.3946081742491522
0.0006426877173170194,0.02535128630497907,0.026300257464166206,40.922296716607455,15.762904838267588,0.21422457765050898,0.38519110858874506
0.0006223002851691596,0.024945947269429548,0.025883917087426104,41.59393415734992,15.63165720879415,0.21090131871209078,0.3758157896211396
0.0006025595860743575,0.024547089156850298,0.025474167494427942,42.27659485162412,15.493901525529202,0.20762961338200675,0.36648887120420437
0.0005834451042737447,0.024154608344449404,0.02507090435123548,42.97045971864483,15.349776629054077,0.20440866191079987,0.35721695158857764
0.0005649369748123022,0.023768402866248758,0.0246740249755476,43.67571264696462,15.19943430945596,0.20123767695550016,0.3480065553209077
0.0005470159628939716,0.023388372386593546,0.024283428310552562,44.392540543207936,15.043038975248685,0.1981158833871639,0.33886411525844223
0.0005296634438916576,0.023014418174085078,0.02389901489919596,45.12113338160542,14.88076726499798,0.19504251810139758,0.3297959547945318
0.0005128613839913648,0.022646443075930597,0.02352068685885622,45.86168425434082,14.712807603021032,0.19201682983182133,0.3208082703946587
0.0004965923214503358,0.02228435149270303,0.023148347856420795,46.614389422724614,14.53935970096554,0.18903807896642613,0.31190711454170783
0.0004808393484497285,0.021928049353504484,0.02278190308375709,47.3794483692071,14.36063400750117,0.1861055373667807,0.3030983791874295
0.0004655860935229591,0.02157744409152667,0.02242125923357155,48.15706385024558,14.176851108769434,0.18321848819004122,0.2943877798043358
0.00045081670454146005,0.02123244462000219,0.02206632447565096,48.947441950038915,13.988241082633262,0.18037622571372344,0.2857808401287075
0.0004365158322401661,0.0208929613085404,0.02171700843347992,49.75079213514406,13.795042810139089,0.17757805516319392,0.27728287768094134
0.00042266861426560286,0.020558905959841414,0.02137322216122831,50.567327309989196,13.597503247947646,0.17482329254183496,0.26889899014420643
0.00040926065973001096,0.020230191786782717,0.02103487812110323,51.39726387329759,13.395876665801504,0.1721112644638466,0.2606340426763663
0.0003962780342554393,0.019906733389871863,0.020701890161059312,52.24082177543798,13.190423853372417,0.16944130798964097,0.2524926562233779
0.00038370724549227885,0.0195884467350599,0.020374173492862014,53.09822457671572,12.98141130106793,0.1668127704637904,0.24447919689503989
0.0003715352290971724,0.019275249131909356,0.020051644670498046,53.96969950662116,12.769110359570075,0.16422500935548967,0.23659776645603747
0.0003597493351557423,0.01896705921211146,0.019734221568927717,54.855477524049896,12.553796383028608,0.1616773921014936,0.22885219397688658
0.00034833731503601165,0.018663796908346696,0.019421823363173468,55.75579337851189,12.33574786093388,0.15916929595148974,0.22124602868063642
0.0003372873086588689,0.018365383433483463,0.019114370507739616,56.67088567234475,12.115245543750342,0.15670010781587113,0.21378253401221417
0.00032658783217233563,0.018071741260109266,0.018811784716357714,57.6009969239485,11.892571567399626,0.15426922411587018,0.20646468294813672
0.00031622776601683794,0.01778279410038923,0.01851398894205272,58.54637363205772,11.66800858164283,0.1518760506360172,0.19929515455512145
0.00030619634336906756,0.017498466886246566,0.018220907357524553,59.507266341069105,11.441838887325668,0.14952000237888752,0.19227633179696327
0.00029648313895243425,0.01721868574986007,0.01793246533584038,60.483929707440616,11.21434358731927,0.14720050342210297,0.18541030058005148
0.0002870780582024689,0.016943378004473278,0.017648589431432403,61.47662256718101,10.9858017558158,0.14491698677755038,0.17869885001913743
0.00027797132677592887,0.016672472125510627,0.017369207361396577,62.48560800444643,10.756489630424031,0.142668894252785,0.17214347389655882
0.0002691534803926914,0.016405897731995387,0.01709424798708726,63.511153421263494,10.526679831258994,0.14045567631458306,0.16574537328013111
0.0002606153549998895,0.01614358556826486,0.01682364129600336,64.553530608396,10.296640610935723,0.13827679195461237,0.15950546025745205
0.00025234807724805756,0.01588546748597779,0.016557318383961083,65.61301581737544,10.06663513906296,0.13613170855718515,0.15342436273744856
0.00024434305526939713,0.015631476426409538,0.01629521143754899,66.6898898337132,9.836920824493912,0.13401990176906353,0.14750243026374193
0.00023659196974857587,0.01538154640303035,0.0160372537168608,67.78443805131444,9.607748678231294,0.13194085537128472,0.14173974077882004
0.00022908676527677723,0.01513561248436208,0.01578337953850145,68.89695054811368,9.379362719507997,0.1298940611529737,0.13613610827315192
0.00022181964198002193,0.014893610777109153,0.015533524258862267,70.02772216295112,9.151999427177776,0.1278790187871145,0.13069109124928432
0.00021478304741305332,0.014655478409559114,0.015287624257660835,71.17705257371135,8.92588723815592,0.12589523570824782,0.12540400192761875
0.0002079696687103696,0.014421153515248688,0.015045616921741492,72.34524637674389,8.701246094254165,0.12394222699206649,0.12027391611802249
0.00020137242498623876,0.014190575216890919,0.014807440629132185,73.5326131675878,8.478287038360032,0.12201951523687828,0.11529968367963765
0.00019498445997580456,0.013963683610559377,0.014573034733353817,74.73946762302069,8.257211860523489,0.12012663044690818,0.11047993949023213
0.00018879913490962925,0.013740419750125148,0.014342339547977855,75.96612958445478,8.038212794136857,0.11826310991741013,0.1058131148461425
0.00018281002161427427,0.013520725631942771,0.014115296331428535,77.21292414270124,7.821472262031374,0.11642849812156214,0.10129744921428054
0.00017701089583174203,0.013304544179780907,0.013891847272025509,78.48018172412633,7.607162671967834,0.11462234659911481,0.0969310022587428
0.00017139573075084254,0.01309181922999407,0.01367193547326341,79.7682381782208,7.395446260674073,0.11284421384676822,0.09271166606627222
0.00016595869074375596,0.012882495516931335,0.01345550493932432,81.07743486660743,7.1864749852790535,0.11109366521024874,0.0886371774970754
0.00016069412530128773,0.012676518658578455,0.013242500560819685,82.40811875350845,6.980390460715871,0.10937027277806054,0.08470513059028771
0.00015559656316050736,0.012473835142429427,0.013032868100757848,83.76064249769867,6.7773239414143385,0.10767361527688475,0.08091298895660388
0.00015066070661867416,0.012274392311584071,0.012826554180733809,85.13536454596701,6.577396345380187,0.10600327796860223,0.07725809809422808
0.00014588142602753475,0.012078138351067799,0.012623506267337516,86.53264922811258,6.380718318562116,0.10435885254891246,0.07373769756825103
0.0001412537544622754,0.011885022274370183,0.012423672658777403,87.95286685349939,6.187390337241399,0.1027399370475266,0.07034893299780166
0.00013677288255958494,0.01169499391019871,0.012227002471715601,89.39639380919623,5.997502846040307,0.10114613572990773,0.06708886779975841
0.00013243415351946644,0.011508003889444356,0.012033445628311606,90.8636126597269,5.8111364290359795,0.09957705900053607,0.06395449464240403
0.00012823305826560217,0.011324003632355572,0.011842952843471042,92.35491224845762,5.6283620113841,0.09803232330767449,0.06094274656709553
0.00012416523075924106,0.011142945335917297,0.011655475612296245,93.8706878006489,5.4492410888011245,0.0965115510496115,0.05805050774075031
0.00012022644346174131,0.01096478196143185,0.011470966197735563,95.41134102819798,5.273825982223805,0.09501437048235895,0.05527462380667275
0.00011641260294104908,0.010789467222298286,0.011289377618428104,96.97728023610127,5.1021601149584255,0.09354041562878085,0.05261191180590636
0.00011271974561755105,0.010616955571987247,0.01111066363674098,98.56892043066314,4.934278309648633,0.09208932618913283,0.050059169645868026
0.0001091440336448756,0.010447202192207999,0.010934778746995848,100.18668342948166,4.770207102427203,0.09066074745298881,0.047613185097446664
0.00010568175092136585,0.010280162981264735,0.010761678163881907,101.83099797323855,4.609965071672933,0.08925433021253397,0.045270744306016165
0.00010232929922807536,0.010115794542598982,0.010591317811052239,103.50229983932475,4.453563178865829,0.08786973067720309,0.043028639805873556
9.908319448927665e-05,0.009954054173515265,0.010423654309900745,105.20103195733009,4.301005119121148,0.08650661038964289,0.04088367803146314
9.594006315159336e-05,0.009794899854086991,0.010258644968516714,106.92764452642888,4.152287679082514,0.08516463614297805,0.0388326863223496
9.289663867799363e-05,0.009638290236239706,0.010096247770814195,108.68259513469246,4.007401099965219,0.0838434798993605,0.03687251942225679
8.994975815300346e-05,0.009484184633008968,0.009936421365833576,110.46634888035877,3.86632944366057,0.08254281870978299,0.035000065475577734
8.709635899560796e-05,0.009332543007969905,0.009779125057212406,112.27937849509348,3.7290509599387094,0.08126233463513563,0.03321225152757384
8.433347577642757e-05,0.009183325964835811,0.009624318792822958,114.12216446927349,3.595538452919693,0.08000171466848775,0.03150604853702862
8.165823713585923e-05,0.009036494737223014,0.009471963154573776,115.9951951793272,3.4657596451180672,0.07876065065857481,0.02987847591238623
7.906786279998245e-05,0.008892011178579481,0.009322019348372759,117.89896701716374,3.339677537504342,0.07753883923447309,0.028326605584408145
7.65596606911257e-05,0.008749837752274364,0.009174449194249062,119.83398452172746,3.2172507641647865,0.07633598173144227,0.026847565630111023
7.413102413009176e-05,0.008609937521846007,0.009029215116631342,121.80076051271148,3.098433940279143,0.07515178411791805,0.02543854346423216
7.177942912713615e-05,0.008472274141405963,0.008886280134780015,123.79981622646487,2.983178002271713,0.07398595692363881,0.024096788615700665
6.950243175887962e-05,0.00833681184619634,0.008745607853370856,125.83168145413154,2.8714305391241677,0.0728382151688853,0.02281961510759012
6.729766562843182e-05,0.008203515443298186,0.008607162453227738,127.8968946820556,2.763136113967973,0.07170827829481981,0.021604403459810125
6.516283940608427e-05,0.008072350302488382,0.008470908682202008,129.99600323449192,2.658236575198789,0.07059587009490431,0.020448602334363748
6.309573444801929e-05,0.007943282347242814,0.008336811846196342,132.12956341865757,2.5566713564748285,0.06950071864738437,0.019349729843380452
6.109420249055714e-05,0.007816278045883293,0.008204837800330593,134.2981406721653,2.4583777650745753,0.06842255624881854,0.018305374540334943
5.9156163417547426e-05,0.0076913044028660985,0.00807495294024756,136.50230971287593,2.3632912581969676,0.06736111934864049,0.01731319611490826
5.727960309858292e-05,0.007568328950209743,0.007947124193556317,138.74265469121113,2.2713457068878102,0.06631614848473504,0.01637092581184186
5.546257129579105e-05,0.007447319739059889,0.007821319011411093,141.01976934496432,2.182473647370577,0.06528738822001452,0.015476366593904878
5.3703179637025216e-05,0.007328245331389037,0.007697505360223371,143.33425715665427,2.0966065196467443,0.06427458707997859,0.014627393068743508
5.199959965335162e-05,0.007211074791828998,0.007575651713505245,145.68673151346002,2.013674893311423,0.06327749749124269,0.013821951198935225
5.035006087879048e-05,0.0070957776796338875,0.007455727043841839,148.07781586978177,1.9336086806032087,0.06229587572101991,0.013058057814032088
4.87528490103386e-05,0.006982324040771711,0.007337700814990888,150.50814391246848,1.8563373367740204,0.06132948181754246,0.012333799942769985
4.7206304126359e-05,0.006870684400142318,0.0072215429741073174,152.97835972875836,1.781790047924336,0.06037807955140649,0.01164733398294751
4.5708818961487516e-05,0.006760829753919818,0.007107223944090935,155.48911797697525,1.709895906502892,0.05944143635782726,0.010996884725759989
4.425883723626265e-05,0.006652731562017413,0.006994714616055237,158.04108406002698,1.6405840747169416,0.05851932327978987,0.01038074425061408
4.285485203974392e-05,0.006546361740672748,0.006883986341915493,160.63493430175026,1.5737839361404273,0.05761151491208227,0.009797270705661686
4.149540426343633e-05,0.0064416926551517754,0.006775010927094109,163.2713561261508,1.5094252358428035,0.0567177893461963,0.009244886988484089
4.0179081084894003e-05,0.00633869711256927,0.006667760623341457,165.95104823958536,1.4474382093914129,0.055837928116082985,0.00872207934053981
3.8904514499428046e-05,0.006237348354824191,0.006562208121670428,168.6747208159326,1.387753701105373,0.05497171614475043,0.008227395868167871
3.767037989839085e-05,0.006137620051647939,0.006458326545402751,171.4430956848043,1.3303032719590855,0.05411894169168896,0.007759445002117958
3.6475394692560806e-05,0.006039486293763801,0.00635608944332544,174.25690652284487,1.2750192975495767,0.05327939630111267,0.007316893906769905
3.53183169791957e-05,0.005942921586155727,0.006255470782955535,177.11689904817175,1.2218350565536007,0.05245287475100337,0.0068984668494071226
3.419794425137087e-05,0.005847900841444806,0.0061564449439115276,180.0238312180048,1.1706848101087306,0.051639175002945556,0.006502943539130982
3.3113112148259076e-05,0.005754399373371567,0.006058986711389651,182.9784734295415,1.12150387255729,0.050838098152739056,0.006129157444245162
3.2062693245054676e-05,0.005662392890382535,0.0059630712697434935,185.98160872412777,1.0742286739938565,0.05004944838177815,0.005775994096208152
3.104559588128356e-05,0.005571857489319299,0.005868674196165192,189.03403299478094,1.0287968150559565,0.04927303290918471,0.005442389387546743
3.006076302628229e-05,0.005482769649208536,0.005775771454466732,192.13655519711668,0.985147114394182,0.04850866194468421,0.005127327870448704
2.910717118066602e-05,0.005395106225151273,0.005684339388959622,195.28999756373972,0.94321964925226,0.047756148642212524,0.004829841062107686
2.818382931264455e-05,0.005308844442309884,0.005594354718431492,198.49519582215217,0.9029557895801946,0.04701530905424248,0.004549005762281649
2.7289777828080403e-05,0.005223961889991197,0.00550579453021801,201.75299941623945,0.8642982260943698,0.04628596208681884,0.00428394238794549
2.6424087573219448e-05,0.005140436515824259,0.005418636274368695,205.0642717313891,0.8271909926880648,0.0455679294552911,0.004033813329372125
2.5585858869056428e-05,0.005058246620031137,0.0053328577579050416,208.42989032330692,0.7915794835840025,0.04486103564073276,0.00379782133146134
2.477422057633286e-05,0.0049773708497893605,0.005248437139169554,211.85074715058667,0.7574104656079683,0.04416510784703683,0.0035752079036548766
2.3988329190194897e-05,0.004897788193684461,0.00516535292226423,215.32774881109856,0.7246320859489997,0.04347997595867656,0.003365251761326408
2.322736796357105e-05,0.004819477976251272,0.005083583951577109,218.8618167822551,0.6931938757576451,0.04280547249912199,0.0031672673011176795
2.2490546058357826e-05,0.004742419852602448,0.005003109406395443,222.4538876652224,0.6630467499191578,0.04214143258990113,0.0029806031123043217
2.177709772353159e-05,0.0046665938031428865,0.0049239087956041315,226.1049134331396,0.634143003323752,0.04148769391029631,0.0028046405259179448
2.1086281499332888e-05,0.004591980128368685,0.004845961952468131,229.81586168340985,0.6064363039409831,0.040844096657665994,0.002638792203022082
2.0417379446695274e-05,0.0045185594437492215,0.004769249029497404,233.58771589413487,0.5798816829902029,0.040210483508381814,0.0024825007632379658
1.976969640111862e-05,0.004446312674691089,0.004693750493393199,237.4214756847563,0.5544355224840275,0.039586699579371804,0.00233523745434131
1.914255925021086e-05,0.004375221051582521,0.004619447120074287,241.31815708097668,0.5300555404067849,0.03897259239025994,0.0021965008635007914
1.8535316234148105e-05,0.004305266104917106,0.0045463199897819995,245.27879278402565,0.5067007737752013,0.03836801182609348,0.0020658156705026043
1.7947336268325247e-05,0.004236429660495409,0.004474350482262695,249.30443244434838,0.48433155981407183,0.03777281010064803,0.0019427314431009484
1.7378008287493764e-05,0.004168693834703355,0.004403520272026519,253.39614293978389,0.46290951546555764,0.03718684172030213,0.0018268214744514156
1.6826740610704672e-05,0.004102041029866068,0.0043338113236811955,257.555008658311,0.44239751543694006,0.036609963448472095,0.0017176816624205238
1.6292960326397213e-05,0.0040364539296760486,0.00426520588733973,261.78213178543194,0.42275966897832357,0.03604203427059882,0.0016149294304197807
1.5776112696993467e-05,0.003971915494694401,0.00419768649410076,266.0786325962754,0.4039612955688203,0.03548291535967744,0.0015182026892845474
1.5275660582380732e-05,0.003908408957924021,0.004131235951600487,270.445649752492,0.38596889967732523,0.03493247004232193,0.0014271588396062517
1.4791083881682072e-05,0.0038459178204535353,0.00406583733963499,274.88434060402443,0.3687501447520031,0.034390563765356034,0.0013414738138291912
1.4321878992735424e-05,0.0037844258471709316,0.004001474005851888,279.3958814958275,0.3522738265811578,0.033857064062922645,0.0012608411573397464
1.3867558288718867e-05,0.003723917062545683,0.003938129561510154,283.9814680796248,0.3365098461571672,0.03333184052410316,0.0011849711477046599
1.3427649611378641e-05,0.0036643757464783332,0.003875787877307086,288.64231563078084,0.32142918216476013,0.03281476476103936,0.0011135899511557372
1.30016957803329e-05,0.003605786430216424,0.0038144330792713108,293.3796593703752,0.30700386320494966,0.03230571037754968,0.0010464388153691823
1.2589254117941661e-05,0.0035481338923357532,0.0037540495447208385,298.1947547925599,0.29320693985655044,0.03180455293823243,0.0009832732975485125
1.2189895989248672e-05,0.003491403154785862,0.0036946218982850743,303.08887799729234,0.2800124566682611,0.031311169938048354,0.0009238625267891308
1.1803206356517298e-05,0.0034355794789987463,0.003636135007989795,308.06332602852905,0.2673954241659034,0.03082544077237478,0.0008679884996799019
1.1428783347897712e-05,0.0033806483620598153,0.003578573981404142,313.1194172179674,0.2553317909514845,0.03034724670752475,0.0008154454080813008
1.1066237839776654e-05,0.0033265955329400436,0.0035219241618485667,318.2584915344318,0.24379841596326426,0.029876470851723073,0.0007660389980101699
1.071519305237607e-05,0.003273406948788383,0.003466171124662832,323.48191093899294,0.23277304095905638,0.02941299812653298,0.0007195859585575287
1.0375284158180127e-05,0.0032210687912834347,0.0034113006735330643,328.79105974591664,0.22223426327841347,0.028956715238725637,0.00067591333976706
1.0046157902783946e-05,0.00316956746304349,0.003357298836876991,334.1873449895339,0.21216150893325758,0.0285075106525865,0.0006348579984077555
9.72747223776964e-06,0.0031188895840939352,0.0033041518642863625,339.6721967971356,0.20253500607078395,0.0280652745626509,0.0005962660705837667
9.418895965228418e-06,0.0030690219883911583,0.0032518462230257104,345.24706876798484,0.19333575884718865,0.027629898866862863,0.0005599924701377129
9.120108393559096e-06,0.003019951720402016,0.003200368594586518,350.9134383585526,0.1845455217458225,0.027201277140149988,0.0005259004118196794
8.830799004185623e-06,0.0029716660317380254,0.003149705871295964,356.6728072740718,0.17614677436882706,0.026779304608408674,0.000493860958212813
8.550667128846822e-06,0.0029241523778433336,0.0030998451529793227,362.5267018665221,0.1681226967270645,0.026363878122892564,0.0004637525894270961
8.279421637123344e-06,0.0028773984147356696,0.0030507737436752213,368.4766735391437,0.16045714504928346,0.02595489613499852,0.0004354607945955578
8.016780633876789e-06,0.0028313919957993787,0.003002479148402868,374.5242991575929,0.153134628127857,0.025552258671443458,0.00040887768423116596
7.76247116628691e-06,0.0027861211686297693,0.0029549490699804955,380.67118146784196,0.14614028421515982,0.025155867309826736,0.00038390162252801196
7.51622894018206e-06,0.0027415741719278835,0.0029081714058941392,386.9189495209411,0.13945985848161063,0.024765625154571203,0.0003604368787165403
7.277798045368242e-06,0.0026977394324449204,0.002862134245215979,393.26925910475177,0.13307968104366985,0.024381436813237563,0.0003383932966095948
7.046930689671467e-06,0.002654605561975539,0.002816825865571499,399.72379318276245,0.1269866455675703,0.02400320837320646,0.0003176859815035059
6.82338694141669e-06,0.0026121613543992053,0.0027722347301546227,406.2842623401105,0.12116818845226227,0.023630847378721908,0.0002982350036261789
6.606934480075964e-06,0.0025703957827688645,0.0027283494847901196,412.9524052369216,0.11561226859300612,0.023264262808291095,0.000279965117352147
6.397348354826482e-06,0.0025292979964461446,0.0026851589550424965,419.72998906909254,0.11030734772516684,0.02290336505243463,0.00026280549543246704
6.194410750767811e-06,0.00248885731828239,0.002642652143370684,426.618810036632,0.10524237134609483,0.02254806589178213,0.00024668947751520405
5.997910762555088e-06,0.0024490632418447443,0.002600818226327739,433.62069381969263,0.10040675021146393,0.022198278475507437,0.00023155433225983187
5.807644175213124e-06,0.0024099054286865953,0.0025596465518048896,440.73749606241296,0.0957903424011041,0.02185391730009843,0.0002173410323761952
5.623413251903491e-06,0.0023713737056616554,0.0025191266363191966,447.97110286470365,0.09138343594816918,0.021514898188456207,0.00020399404194553332
5.4450265284242086e-06,0.002333458062281002,0.002479248162344172,455.32343128210005,0.08717673202443219,0.021181138269318476,0.00019146111540748053
5.272298614228222e-06,0.0022961486481123607,0.002440000975682635,462.79642983382325,0.08316132867357207,0.02085255595700217,0.00017969310762278975
5.105049999754064e-06,0.002259435770220978,0.0024013750828811666,470.39207901917763,0.0793287050835162,0.02052907093146029,0.00016864379444680658
4.943106869868354e-06,0.002223309890651403,0.0023633606486854835,478.11239184242544,0.07567070638820668,0.020210604118648084,0.0001582697032733382
4.78630092322638e-06,0.0021877616239495516,0.0023259479935361137,485.95941434627224,0.0721795289885666,0.019897077671193912,0.00014852995303252792
4.634469197362874e-06,0.0021527817347243715,0.0022891275911036983,493.93522615411223,0.0688477063819368,0.019588414949369942,0.00013938610314959737
4.487453899331323e-06,0.002118361135248502,0.002252890065863317,502.0419410211703,0.06566809548884223,0.019284540502357887,0.0001308020109938845
4.345102241715714e-06,0.0020844908830972885,0.0022172261907072058,510.28170739469374,0.06263386346560532,0.018985380049805586,0.00012274369736942019
4.207266283844438e-06,0.0020511621788255646,0.0021821268845952854,518.6567089833311,0.059738474991058,0.018690860463669596,0.00011517921961938395
4.073802778041131e-06,0.0020183663636815616,0.002147583210242861,527.1691653358625,0.056975680015394756,0.018400909750339443,0.00010807855193710963
3.944573020752785e-06,0.001986094917357372,0.0021135863718449287,535.8213324294275,0.054339501959068955,0.018115457033039153,0.00010141347249593867
3.819442708400464e-06,0.0019543394557753942,0.002080127712836528,544.615503267402,0.05182422634953981,0.017834432534501937,9.515745702908225e-05
3.6982817978026588e-06,0.0019230917289101575,0.00204719871368852,553.5540084870944,0.04942438988362824,0.017557767559913468,8.928557850878705e-05
3.5809643710263623e-06,0.001892343618644976,0.002014790989738281,562.6392169774114,0.047134769903242564,0.01728539448011988,8.377441259153273e-05
3.467368504525317e-06,0.0018620871366628676,0.0019828962890547177,571.8735365066647,0.04495037427226544,0.017017246715096107,7.860194851268762e-05
3.357376142429545e-06,0.0018323144223712112,0.0019515064903371032,581.259414360676,0.042866431642468346,0.016753258717670916,7.3747505130075e-05
3.2508729738543405e-06,0.001803017740859568,0.0019206136008471527,590.7993379913614,0.04087838209641329,0.016493365957504228,6.919165183121957e-05
3.1477483141013175e-06,0.0017741894808901662,0.00189020975437385,600.4958356759553,0.038981868155434536,0.016237504905313012,6.491613403372586e-05
3.047894989627983e-06,0.001745822152920504,0.0018602872092304767,610.3514771870595,0.03717272614093966,0.01598561301734194,6.090380302224947e-05
2.951209226666384e-06,0.0017179083871575877,0.0018308383462833705,620.3688744736821,0.035446977877443435,0.01573762872007495,5.713854987891917e-05
2.8575905433749434e-06,0.001690440931643263,0.0018018556670118678,630.550682353461,0.03380082272593348,0.01549349139518395,5.3605243276838005e-05
2.7669416454115127e-06,0.0016634126503701698,0.001773331791598971,640.8995992162432,0.032230629936374953,0.015253141364711027,5.02896709184868e-05
2.6791683248190313e-06,0.0016368165214278084,0.0017452594570522282,651.418367739218,0.030732931308376323,0.015016519876480429,4.717848441246229e-05
2.5941793621188124e-06,0.00161064563517827,0.0017176315153543801,662.1097756137779,0.029304414149269882,0.014783569089737065,4.425914739305064e-05
2.511886431509577e-06,0.0015848931924611126,0.0016904409316432633,672.9766562843182,0.027941914519094654,0.014554232061007593,4.151988669765953e-05
2.4322040090738158e-06,0.0015595525028269538,0.0016636807824205362,684.0218896991566,0.026642410752218626,0.014328452730180932,3.894964642715801e-05
2.355049283896009e-06,0.0015346169827992941,0.001637344253788754,695.248403073782,0.02540301724558519,0.014106175906804661,3.653804472369186e-05
2.280342072000416e-06,0.0015100801541641476,0.0016114246397163643,706.6591716666227,0.02422097850382657,0.013887347256594086,3.427533310959868e-05
2.2080047330189015e-06,0.0014859356422870075,0.001585915340330156,718.2572195675542,0.023093663431743197,0.013671913288150539,3.2152358239639206e-05
2.1379620895022326e-06,0.0014621771744567184,0.0015608098602347383,730.0456204993471,0.022018559864909984,0.013459821339885611,3.0160525926926882e-05
2.0701413487910415e-06,0.0014387985782558451,0.0015361018068586372,742.0274986322637,0.020993269329432383,0.013251019567148484,2.829176731068331e-05
2.004472027365159e-06,0.001415793779957081,0.001511784888826558,754.2060294120298,0.020015502022134077,0.013045456929552692,2.6538507041289403e-05
1.9408858775927793e-06,0.0013931568029453036,0.0014878529143574262,766.5844404013925,0.0190830720027211,0.012843083178499663,2.4893633365071934e-05
1.8793168168032686e-06,0.0013708817661648538,0.0014642997896877742,779.1660121354944,0.01819389258972435,0.012643848844895653,2.335046999786291e-05
1.8197008586099826e-06,0.0013489628825916534,0.0014411195175201075,791.9540789912785,0.01734597195228051,0.012447705227059416,2.1902749682625895e-05
1.7619760464116275e-06,0.0013273944577297388,0.0014183061954958138,804.9520300711702,0.01653740889006314,0.012254604378817301,2.0544589332361806e-05
1.7060823890031243e-06,0.0013061708881318417,0.0013958540146922578,818.1633101012577,0.01576638879392797,0.012064499097783097,1.927046666511688e-05
1.6519617982290148e-06,0.0012852866599436154,0.001373757258143658,831.5914203442198,0.015031179780081713,0.011877342913819668,1.8075198243218854e-05
1.5995580286146678e-06,0.0012647363474711508,0.0013520102993853918,845.2399195272271,0.014330128990827211,0.011693090077679609,1.6953918833888683e-05
1.5488166189124796e-06,0.0012445146117713844,0.0013306076010213333,859.1124247850823,0.013661659055174174,0.011511695549822142,1.5902062013119887e-05
1.499684835502374e-06,0.001224616199265049,0.0013095437133138744,873.2126126188341,0.013024264702839359,0.011333114989403405,1.4915341939208312e-05
1.452111617587742e-06,0.0012050359403717973,0.0012888132727962634,887.544219870129,0.012416509525386992,0.011157304743437593,1.3989736226555395e-05
1.4060475241299128e-06,0.0011857687481671595,0.0012684110009069198,902.1110447115472,0.011837022878484541,0.01098422183612629,1.3121469854378588e-05
1.3614446824659483e-06,0.0011668096170609618,0.0012483317026453567,916.9169476531995,0.011284496919464669,0.01081382395835323,1.2307000048746774e-05
1.3182567385564074e-06,0.0011481536214968829,0.0012285702652493884,931.965852565842,0.010757683774598174,0.01064606945734212,1.154300207993743e-05
1.2764388088113434e-06,0.0011297959146727976,0.0012091216568932705,947.2617477207854,0.01025539283068813,0.010480917326474787,1.0826355920487362e-05
1.2359474334445094e-06,0.0011117317272815908,0.0011899809254064604,962.8086868468645,0.009776488145797492,0.010318327195267457,1.0154133712497808e-05
1.1967405313072443e-06,0.0010939563662720941,0.0011711431970126503,978.6107902047629,0.009319885974116463,0.010158259319502344,9.5235879957612e-06
1.158777356155126e-06,0.001076465213629835,0.0011526036750887597,994.6722456789706,0.008884552400167079,0.010000674571512401,8.93214065111711e-06
1.122018454301963e-06,0.0010592537251772887,0.001134357638943588,1010.9973098876538,0.008469501077725981,0.00984553443061684,8.377372516121875e-06
1.0864256236170645e-06,0.0010423174293933038,0.001116400442615785,1027.590309310751,0.008073791069024634,0.009692800973704948,7.857013632641273e-06
1.0519618738232234e-06,0.0010256519262514079,0.001098727513690859,1044.4556414365777,0.0076965247799598135,0.00954243686596599,7.368934088357996e-06
1.018591388054117e-06,0.0010092528860766844,0.0010813343521369066,1061.5977759272557,0.007336845987214228,0.00939440535176294,6.911135416430048e-06
9.8627948563121e-07,0.0009931160484209335,0.0010642165291587817,1079.0212558032601,0.006993937953349648,0.009248670245647782,6.48174251965326e-06
9.54992586021435e-07,0.0009772372209558102,0.0010473696860703932,1096.7306986474184,0.006667021626090935,0.009105195923516192,6.078996087474594e-06
9.24698173938223e-07,0.0009616122783836649,0.0010307895331848624,1114.7307978286622,0.0063553539181715165,0.008963947313899424,5.701245476083416e-06
8.953647655495937e-07,0.000946237161365793,0.0010144718487222414,1133.0263237458728,0.006058226064256618,0.008824889889391268,5.346942023577752e-06
8.66961875758216e-07,0.00093110787546783,0.0009984124777345342,1151.622125092128,0.005774962051602116,0.00868798965820807,5.014632773871141e-06
8.394599865193965e-07,0.0009162204901219992,0.0009826073310477237,1170.5231301397112,0.005504917121242642,0.008553213155879612,4.7029545845758606e-06
8.128305161640995e-07,0.000901571137605957,0.0009670523842205538,1189.7343480462032,0.005247476336634379,0.00842052743706893,4.4106285955783755e-06
7.870457896950984e-07,0.0008871560120379607,0.0009517436765197877,1209.2608701820172,0.005002053216804327,0.008289900067518974,4.136455036415278e-06
7.620790100254115e-07,0.0008729713683881113,0.0009366773099116981,1229.10787147971,0.004768088431180068,0.008161299116124301,3.879308351869732e-06
7.379042301290999e-07,0.0008590135215053951,0.0009218494480695129,1249.2806118054518,0.004545048553391164,0.008034693147125667,3.6381326264422617e-06
7.144963260755134e-07,0.0008452788451602899,0.0009072563153965787,1269.784437352996,0.0043324248714468995,0.007910051212425747,3.411937289512156e-06
6.918309709189363e-07,0.0008317637711026709,0.0008928941960649825,1290.6247820605379,0.004129732251803533,0.007787342844024032,3.1997930840985702e-06
6.698846094165258e-07,0.0008184647881347895,0.0008787594330694011,1311.8071690508111,0.003936508054939311,0.007666538046569134,3.000828283159684e-06
6.486344335482388e-07,0.0008053784411990669,0.0008648484272959212,1333.337212094835,0.0037523111001558115,0.0075476072900265805,2.814225138335766e-06
6.28058358813318e-07,0.0007925013304804718,0.000851157636605599,1355.2206170996833,0.0035767206774212274,0.007430521502460351,2.639216546952917e-06
6.081350012787176e-07,0.0007798301105232585,0.0008376835749325365,1377.4631836206597,0.0034093356041643456,0.007315252062926447,2.475082923960924e-06
5.888436553555884e-07,0.0007673614893618186,0.000824422811396225,1400.070806398306,0.0032497733250169154,0.007201770794476643,2.321149266283885e-06
5.701642722807478e-07,0.0007550922276654341,0.0008113719694279479,1423.0494769206268,0.003097669052588447,0.007090049957270799,2.1767823978204696e-06
5.520774392807573e-07,0.0007430191378967014,0.0007985277259110067,1446.4052850109636,0.002952674947439544,0.006980062241796,2.041388384042833e-06
5.345643593969713e-07,0.0007311390834834172,0.0007858868103345646,1470.144420441916,0.002814459335499247,0.006871780762190945,1.91441010581344e-06
5.176068319505671e-07,0.0007194489780036991,0.0007734460039608786,1494.2731745757653,0.0026827059612475313,0.006765179049673819,1.7953249826686948e-06
5.011872336272725e-07,0.000707945784384138,0.0007612021390057186,1518.7979420318125,0.002557113275057209,0.0066602310460721695,1.6836428364107227e-06
4.85288500162121e-07,0.0006966265141107687,0.0007491520978317558,1543.7252223810901,0.0024373937531591695,0.006556911097453108,1.5789038864051576e-06
4.698941086052151e-07,0.0006854882264526614,0.0007372928121547284,1569.0616218688756,0.002323273248762086,0.006455193947852399,1.4806768685062127e-06
4.54988060150048e-07,0.0006745280276979215,0.0007256212622621649,1594.813855165488,0.002214490372921731,0.0063550547331007535,1.3885572700219247e-06
4.405548635065534e-07,0.0006637430704019089,0.0007141344762444818,1620.988747145811,0.0021107959038168707,0.006256468974745946,1.3021656735948955e-06
4.2657951880159254e-07,0.0006531305526474723,0.0007028295292382468,1647.5932346980346,0.002011952223147537,0.006159412574069168,1.2211462033080517e-06
4.13047501990161e-07,0.0006426877173170193,0.0006917035426814302,1674.6343685620616,0.001917732778428234,0.006063861806194267,1.14516506673329e-06
3.9994474976109694e-07,0.000632411851376219,0.0006807536835804372,1702.1193151981086,0.001827921570002592,0.005969793314288337,1.0739091870242018e-06
3.872576449216173e-07,0.0006223002851691596,0.0006699771637887489,1730.0553586859605,0.0017423126616580484,0.005877184103852249,1.0070849195145974e-06
3.749730022454834e-07,0.0006123503917247734,0.000659371239296978,1758.4499026554124,0.0016607097137687865,0.0057860115370997976,9.444168476229947e-07
3.63078054770101e-07,0.0006025595860743575,0.0006489332095341692,1787.310472248371,0.0015829255379427637,0.005696253327424022,8.856466531813588e-07
3.5156044052829833e-07,0.0005929253245799999,0.0006386604166801553,1816.6447161131807,0.001508781672194187,0.005607887533949385,8.305320566050555e-07
3.4040818970100093e-07,0.0005834451042737448,0.0006285502449887982,1846.4604084316777,0.0014381079757064194,0.005520892556168422,7.788458226016883e-07
3.296097121774576e-07,0.0005741164622073274,0.0006186001201219492,1876.7654509794995,0.0013707422422921342,0.005435247128661655,7.303748273801249e-07
3.1915378551007584e-07,0.0005649369748123023,0.0006088075084939468,1907.567875220225,0.0013065298316973198,0.005350930315899373,6.849191835684921e-07
3.090295432513592e-07,0.0005559042572704037,0.0005991699166264939,1938.8758444338753,0.0012453233179340769,0.00526792150712405,6.422914192825451e-07
2.992264636608189e-07,0.0005470159628939716,0.0005896848905137456,1970.6976558803603,0.0011869821538636688,0.005186200411312171,6.023157080041352e-07
2.897343587701321e-07,0.0005382697825162882,0.0005803500149974526,2003.0417429984118,0.001131372351286306,0.005105747052214227,5.648271461346191e-07
2.8054336379517105e-07,0.0005296634438916576,0.0005711629131519904,2035.916677640627,0.0010783661758274983,0.005026541763471607,5.296710752805413e-07
2.716439268839084e-07,0.0005211947111050805,0.0005621212456791277,2069.3311723451843,0.0010278418559429223,0.004948565183809298,4.96702446509837e-07
2.6302679918953816e-07,0.0005128613839913648,0.0005532227103123717,2103.294082644853,0.0009796833053942503,0.004871798252303103,4.657852239865178e-07
2.5468302525850394e-07,0.0005046612975635282,0.0005444650412307491,2137.814409413881,0.0009337798585777184,0.004796222203720339,4.3679182555127894e-07
2.466039337234336e-07,0.0004965923214503358,0.0005358460084818611,2172.9013012534206,0.0008900260181150697,0.0047218185639327625,4.096025979650642e-07
2.387811282913178e-07,0.0004886523593428336,0.000527363417414075,2208.5640569160933,0.0008483212141433455,0.004648569145400689,3.8410532467321347e-07
2.312064790175594e-07,0.0004808393484497285,0.0005190151081177009,2244.8121277703613,0.0008085695747654737,0.0045764560427271435,3.601947640796907e-07
2.2387211385683377e-07,0.0004731512589614803,0.0005107989548750205,2281.655120305321,0.0007706797071480753,0.004505461628280992,3.37772216444765e-07
2.1677041048196961e-07,0.0004655860935229591,0.0005027128656190174,2319.1027986766294,0.0007345644887761865,0.004435568547887987,3.1674511763573295e-07
2.0989398836235243e-07,0.00045814188671453347,0.000494754781400675,2357.1650872942128,0.000700140868396939,0.0043667597165886,2.970266580694312e-07
2.0323570109362208e-07,0.00045081670454146005,0.00048692267586471265,2395.8520734524295,0.0006673296762055537,0.004299018314461749,2.785354252877265e-07
1.967886289706843e-07,0.00044360864393143233,0.0004792145547336161,2435.1740100034176,0.0006360554428472972,0.00423232778251323,2.611950687032852e-07
1.9054607179632483e-07,0.0004365158322401661,0.000471628455299838,2475.1413180743125,0.0006062462268285749,0.00416667181862799,2.4493398514321645e-07
1.8450154191794736e-07,0.00042953642676488727,0.0004641624459260351,2515.764589829066,0.0005778334499488425,0.004102034373585144,2.296850239028539e-07
1.7864875748520498e-07,0.00042266861426560286,0.00045681462555322087,2557.0545912755792,0.0005507517403828334,0.004038399647134868,2.153852101014756e-07
1.7298163592150997e-07,0.00041591061049402184,0.00044958312321669985,2599.0222651189238,0.0005249387830594539,0.00397575208413609,2.019754852063317e-07
1.674942876026438e-07,0.00040926065973001096,0.0004424660975696674,2641.678733661382,0.0005003351769999795,0.003914076370754152,1.8940046366142037e-07
1.6218100973589298e-07,0.00040271703432545906,0.00043546173641434877,2685.0353017500966,0.00047688429929356824,0.003853357430717395,1.7760820462313354e-07
1.5703628043335515e-07,0.0003962780342554393,0.00042856825624056435,2729.103459773075,0.0004545321754029265,0.0037935804216318925,1.665499978665964e-07
1.5205475297324937e-07,0.0003899419866765432,0.00042178390177159534,2773.894886704388,0.0004332273555069913,0.003734730731353289,1.5618016298436618e-07
1.4723125024327192e-07,0.0003837072454922788,0.0004151069455172411,2819.421453199338,0.00041292079660101594,0.0036767939744149552,1.464558610534988e-07
1.425607593602188e-07,0.000377572190925416,0.00040853568733394916,2865.6952247404342,0.0003935657500872405,0.0036197559885115284,1.3733691799793136e-07
1.380384264602884e-07,0.0003715352290971724,0.0004020684539919127,2912.7284648349846,0.00037511765460164,0.003563602831037042,1.2878565892097038e-07
1.3365955165464406e-07,0.00036559479161312467,0.00039570359874901685,2960.5336382651853,0.0003575340338339038,0.003508320775676721,1.2076675272752913e-07
1.2941958414499862e-07,0.0003597493351557423,0.0003894395009315319,3009.123414391543,0.0003407743991090234,0.0034538963090516707,1.1324706639788298e-07
1.2531411749414156e-07,0.00035399734108343465,0.0003832745655214421,3058.510670510529,0.0003248001565094978,0.003400316127415595,1.061955283142046e-07
1.2133888504649761e-07,0.00034833731503601165,0.00037720722275031077,3108.7084952673104,0.0003095745183273878,0.003347567133402791,9.958300007822646e-08
1.1748975549395303e-07,0.0003427677865464505,0.0003712359276995714,3159.730192124522,0.00029506241864512715,0.003295636432826571,9.338215629314056e-08
1.137627285823431e-07,0.0003372873086588689,0.000365359159907146,3211.5892828879696,0.0002812304328533077,0.003244511331527335,8.756737181549435e-08
1.1015393095414145e-07,0.00033189445755261033,0.0003595754229802947,3264.299511290167,0.00026804670092250995,0.003194179332269583,8.211461601345778e-08
1.0665961212302568e-07,0.0003265878321723357,0.0003538832442145897,3317.8748466327243,0.0002554808542546665,0.003144628131687016,7.70013535965503e-08
1.032761405761398e-07,0.00032136605386403185,0.0003482811742189233,3372.3294874884946,0.00024350394594755269,0.0030958456172750655,7.220645160888463e-08
1e-07,0.00031622776601683794,0.0003427677865464504,3427.677865464504,0.00023208838431365613,0.0030478198644300434,6.77100922032545e-08
9.682778562612486e-08,0.0003111716337106017,0.0003373416773313766,3483.9346490266043,0.0002212078695020501,0.0030005391335342605,6.34936908371271e-08
9.375620069258792e-08,0.00030619634336906756,0.00033200146493149235,3541.1147473869364,0.0002108373330788667,0.002953991867086339,5.953981955384192e-08
9.078205301781861e-08,0.0003013006024186122,0.0003267457895763682,3599.233314455169,0.0002009528804286826,0.0029081666868760415,5.583213503320823e-08
8.790225168308842e-08,0.00029648313895243425,0.0003215733130211169,3658.305752854618,0.00019153173584548458,0.002863052391202937,5.2355311115269734e-08
8.511380382023759e-08,0.0002917427014001166,0.0003164827182056405,3718.3477180042337,0.0001825521901879814,0.00281863795213821,4.909497551938567e-08
8.241381150130013e-08,0.0002870780582024689,0.00031147270891926756,3779.375122267629,0.00017399355097982006,0.002774912512828953,4.6037650498007125e-08
7.979946872679768e-08,0.00028248799749157073,0.00030654200947070166,3841.404139170176,0.0001658360948408124,0.0027318653848442645,4.3170697180702385e-08
7.726805850957022e-08,0.00027797132677592887,0.000301689364363193,3904.4512076853407,0.00015806102214055594,0.002689486045562521,4.04822633791494e-08
7.481695005111537e-08,0.00027352687263067113,0.0002969135379748546,3968.5330365913283,0.00015065041377087778,0.0026477641355991894,3.796123463804529e-08
7.244359600749892e-08,0.0002691534803926914,0.0002922133142440368,4033.66660889927,0.00014358718993832853,0.0026066894562745383,3.559718833022529e-08
7.014552984199713e-08,0.00026485001386067006,0.00028758749635968367,4099.869186354066,0.00013685507088254803,0.0025662519671206213,3.338035060680816e-08
6.792036326171843e-08,0.0002606153549998895,0.00028303490645658957,4167.158314009121,0.00013043853943069355,0.0025264417834269448,3.1301556024926216e-08
6.576578373554199e-08,0.0002564484036517716,0.0002785543853154831,4235.55182487612,0.00012432280530230068,0.002487249173824209,2.9352209686617832e-08
6.367955209079162e-08,0.00025234807724805756,0.0002741447920678556,4305.067844651161,0.00011849377108291492,0.0024486645579055383,2.752425173278923e-08
6.165950018614822e-08,0.00024831331052955704,0.0002698050039054628,4375.724796518451,0.00011293799978863786,0.0024106785038845863,2.5810124045848835e-08
5.970352865838366e-08,0.00024434305526939713,0.0002655339157944274,4447.541406032803,0.00010764268394735345,0.0023732817262900126,2.420273902370939e-08
5.780960474057175e-08,0.00024043628000069322,0.0002613304401938651,4520.53670608232,0.00010259561612584125,0.002336465083695692,2.2695450296377477e-08
5.5975760149511044e-08,0.00023659196974857587,0.00025719350677896565,4594.730041932486,9.778516083529066e-05,0.002300219576486145,2.1282025264353387e-08
5.4200089040162386e-08,0.0002328091257665008,0.0002531220621684571,4670.141076353087,9.32002277508608e-05,0.002264536344656633,1.9956619345563938e-08
5.248074602497723e-08,0.00022908676527677723,0.0002491150696563862,4746.789794829223,8.883024618393455e-05,0.0022294066656473872,1.871375182459084e-08
5.0815944256055994e-08,0.0002254239212152428,0.00024517150894814245,4824.696510857892,8.466514074856318e-05,0.0021948219522114286,1.7548283204555112e-08
4.920395356814511e-08,0.00022181964198002193,0.00024129037590066253,4903.881871331477,8.06953081663294e-05,0.0021607737503154608,1.6455393968211436e-08
4.7643098680541564e-08,0.00021827299118430012,0.00023747068226674583,4984.366862009624,7.691159515645063e-05,0.0021272537370733264,1.543056466061188e-08
4.6131757456037904e-08,0.0002147830474130533,0.00023371145544341996,5066.17281308087,7.330527736042651e-05,0.002094253718711539,1.446955721114608e-08
4.4668359215096253e-08,0.00021134890398366455,0.00023001173822428744,5149.321404815603,6.986803925288953e-05,0.002061765628566355,1.3568397417871315e-08
4.325138310350088e-08,0.0002079696687103696,0.0002263705885557939,5233.834673311774,6.659195499257817e-05,0.00202978152511192,1.272335852183907e-08
4.187935651179183e-08,0.0002046444636724674,0.0002227870792973537,5319.735016334941,6.34694701694963e-05,0.001998293590019013,1.1930945803617097e-08
4.055085354483835e-08,0.00020137242498623876,0.0002192602979852746,5407.045199254107,6.04933844063738e-05,0.0019672941262439047,1.1187882138421697e-08
3.9264493539959934e-08,0.0001981527025805097,0.00021578934660041775,5495.788361075036,5.765683477449273e-05,0.001936775556146855,1.0491094450226322e-08
3.8018939632056126e-08,0.00019498445997580456,0.00021237334133953676,5585.988020572558,5.495327998581018e-05,0.0019067304196398044,9.837701008921521e-09
3.681289736425313e-08,0.00019186687406702892,0.00020901141239023537,5677.668082523552,5.2376485325082864e-05,0.001877151372362793,9.22499951807734e-09
3.564511334262439e-08,0.00018879913490962925,0.00020570270370948962,5770.852844042175,4.992050828739395e-05,0.0018480311838886849,8.6504559441213e-09
3.451437393358564e-08,0.0001857804455091699,0.0002024463728056743,5865.567001019116,4.75796848880938e-05,0.0018193627359557266,8.111694040802371e-09
3.341950400261143e-08,0.00018281002161427427,0.00019924159052403984,5961.835654666536,4.53486166137089e-05,0.0017911390207275232,7.60648552568083e-09
3.235936569296281e-08,0.00017988709151287873,0.00019608754083558715,6059.684318170374,4.322215798384251e-05,0.0017633531390800232,7.1327408680742556e-09
3.1332857243155827e-08,0.00017701089583174203,0.00019298342062928258,6159.138923451891,4.119540469548502e-05,0.0017359982989150634,6.6885006504118665e-09
3.033891184194272e-08,0.00017418068733916146,0.0001899284395075632,6260.225828040157,3.9263682322491924e-05,0.001709067813500079,6.271927467316929e-09
2.9376496519615307e-08,0.00017139573075084254,0.0001869218195850784,6362.971822057363,3.742253554425639e-05,0.0016825550998335677,5.881298328955419e-09
2.844461107447914e-08,0.00016865530253887406,0.00018396279529061922,6467.404135318726,3.5667717878818906e-05,0.001656453677035921,5.514997537270977e-09
2.7542287033381633e-08,0.00016595869074375596,0.00018105061317218117,6573.5504445489705,3.399518189680994e-05,0.0016307571647652033,5.171510005677372e-09
2.6668586645214807e-08,0.00016330519478943345,0.00017818453170511444,6681.438880717228,3.2401069893727576e-05,0.0016054592816575196,4.849414994611076e-09
2.5822601906345957e-08,0.00016069412530128773,0.00017536382110330966,6791.098036492351,3.0881704999100776e-05,0.0015805538437915656,4.547380237062723e-09
2.5003453616964294e-08,0.00015812480392703827,0.00017258776313337475,6902.556973820519,2.9433582702093843e-05,0.0015560347631770103,4.2641564298168414e-09
2.421029046736175e-08,0.00015559656316050736,0.00016985565093175146,7015.845231627285,2.8053362774059965e-05,0.0015318960462663215,3.998572067638549e-09
2.3442288153199228e-08,0.00015310874616820304,0.00016716678882472793,7130.992833645988,2.673786156946559e-05,0.0015081317924896726,3.749528599062531e-09
2.2698648518838214e-08,0.0001506607066186742,0.00016452049215129994,7248.030296374694,2.5484044687474226e-05,0.0014847361928125866,3.515995883767316e-09
2.197859872784823e-08,0.0001482518085145953,0.00016191608708883746,7366.988637163654,2.4289019977307823e-05,0.0014617035283159506,3.297007932763594e-09
2.128139045982709e-08,0.00014588142602753475,0.00015935291048150952,7487.899382435571,2.3150030871290784e-05,0.00143902816879806,3.091658913792833e-09
2.0606299132700005e-08,0.0001435489433353656,0.00015683030967142636,7610.794576040747,2.2064450030236754e-05,0.0014167045713983455,2.8990994054283122e-09
1.9952623149688786e-08,0.0001412537544622754,0.0001543476423324532,7735.706787749391,2.1029773286554254e-05,0.0013947272792424544,2.718532884397575e-09
1.9319683170169222e-08,0.00013899526312133526,0.00015190427630665677,7862.669121883236,2.004361387113185e-05,0.001373090920108349,2.549212431608858e-09
1.8706821403658017e-08,0.00013677288255958494,0.00014949958944333945,7991.715226088896,1.9103696910714972e-05,0.001351790205113101,2.3904376432672543e-09
1.8113400926196024e-08,0.00013458603540559484,0.0001471329694406213,8122.879300255213,1.8207854183108028e-05,0.0013308199274200468,2.2415517343137126e-09
1.7538805018417603e-08,0.00013243415351946644,0.00014480381368953168,8256.19610557688,1.7354019118129413e-05,0.0013101749609660145,2.101938822214646e-09
1.6982436524617426e-08,0.00013031667784522987,0.00014251152912056703,8391.700973766925,1.6540222032809328e-05,0.0012898502592082848,1.971021379874626e-09
1.6443717232149325e-08,0.00012823305826560217,0.00014025553205267887,8529.429816420306,1.576458558986119e-05,0.0012698408538909915,1.8482578471438065e-09
1.59220872705117e-08,0.00012618275345906708,0.00013803524804465123,8669.41913453129,1.5025320468969162e-05,0.00125014185383066,1.7331403910466837e-09
1.5417004529495585e-08,0.00012416523075924106,0.00013585011174883254,8811.706028166893,1.4320721240924765e-05,0.0012307484437205853,1.6251928054735523e-09
1.4927944095789945e-08,0.0001221799660164871,0.0001336995667671814,8956.32820629922,1.3649162435110944e-05,0.0012116558829537653,1.52396854165205e-09
1.4454397707459279e-08,0.00012022644346174131,0.0001315830655095919,9103.323996799096,1.3009094791277277e-05,0.0011928595044640746,1.429048861256781e-09
1.3995873225726178e-08,0.00011830415557251647,0.00012950006905446118,9252.732356593782,1.2399041686973837e-05,0.0011743547135854352,1.3400411045217251e-09
1.355189412351035e-08,0.00011641260294104908,0.0001274500470114654,9404.592881991317,1.181759573241538e-05,0.0011561369869286765,1.2565770661954626e-09
1.3121998990192015e-08,0.00011455129414455349,0.00012543247738650655,9558.94581917439,1.1263415524931998e-05,0.0011382018712758168,1.1783114726247944e-09
1.2705741052085419e-08,0.00011271974561755105,0.00012344684644879827,9715.832074866401,1.0735222555530504e-05,0.0011205449824915033,1.1049205536704503e-09
1.2302687708123811e-08,0.00011091748152624009,0.00012149264860005484,9875.293227172615,1.0231798260440118e-05,0.0011031620044513275,1.0361007035504072e-09
1.1912420080273739e-08,0.0001091440336448756,0.00011956938624575208,10037.371536599174,9.751981210850279e-06,0.0010860486879867837,9.715672250739869e-10
1.153453257821093e-08,0.00010739894123412451,0.00011767656966842523,10202.109957253033,9.294664434365547e-06,0.0010692008498465794,9.110531520744538e-10
1.1168632477805612e-08,0.00010568175092136585,0.00011581371690297265,10369.552148225714,8.858792862006508e-06,0.0010526143716740612,8.543081451711775e-10
1.0814339512979376e-08,0.0001039920165829059,0.00011398035361393439,10539.742485163806,8.443360894874539e-06,0.0010362851990005112,8.010974562955192e-10
1.0471285480508984e-08,0.00010232929922807536,0.00011217601297471237,10712.726072029483,8.047410084872951e-06,0.0010202093402540537,7.512009576987532e-10
1.0139113857366799e-08,0.00010069316688518045,0.0001104002355487033,10888.548753053952,7.670026924140629e-06,0.0010043828657839387,7.044122314270198e-10
9.817479430199823e-09,9.908319448927665e-05,0.00010865256917231238,11067.257124887185,7.310340738103691e-06,0.0009888019068999567,6.605377154981578e-10
9.506047936562809e-09,9.749896377173867e-05,0.00010693256883982083,11248.898548946876,6.967521677290337e-06,0.0009734626549267722,6.19395903249802e-10
9.204495717531721e-09,9.594006315159335e-05,0.00010523979659007327,11433.521163970338,6.6407788032796745e-06,0.0009583613602729,5.808165925477359e-10
8.912509381337441e-09,9.440608762859227e-05,0.000103573821394961,11621.173898772196,6.329358264374403e-06,0.0009434943315141469,5.446401817498931e-10
8.629785477669701e-09,9.289663867799363e-05,0.00010193421904967058,11811.906485211477,6.032541556791997e-06,0.0009288579344912686,5.107170095144884e-10
8.356030182312491e-09,9.141132414702508e-05,0.00010032057206466787,12005.769471371706,5.749643867366482e-06,0.0009144485914216106,4.789067357220847e-10
8.090958991783813e-09,8.994975815300346e-05,9.873246955939399e-05,12202.81423495714,5.480012493941399e-06,0.0009002627800245453,4.4907776095147987e-10
7.83429642766212e-09,8.851156098308356e-05,9.716950715764394e-05,12403.092996908836,5.223025339812515e-06,0.0008862970326604747,4.2110668210858575e-10
7.58577575029182e-09,8.709635899560796e-05,9.563128688459957e-05,12606.658835244461,4.978089478749553e-06,0.0008725479354831752,3.948777819569685e-10
7.345138681571143e-09,8.570378452303692e-05,9.411741706549525e-05,12813.565699124867,4.744639787289778e-06,0.0008590121276053162,3.7028255043901047e-10
7.112135136533296e-09,8.433347577642757e-05,9.262751222588517e-05,13023.868423151907,4.522137641149582e-06,0.0008456863002768981,3.4721923580791053e-10
6.886522963442748e-09,8.298507675144218e-05,9.116119299349093e-05,13237.622741900672,4.31006967274961e-06,0.0008325671960764535,3.2559242371419676e-10
6.668067692136219e-09,8.165823713585923e-05,8.971808600160318e-05,13454.885304690211,4.107946586988718e-06,0.0008196516081147925,3.0531264250589613e-10
6.456542290346562e-09,8.035261221856177e-05,8.82978237940107e-05,13675.713690596955,3.91530203253632e-06,0.0008069363792510896,2.8629599310991534e-10
6.251726927756849e-09,7.906786279998245e-05,8.690004473143608e-05,13900.166423714265,3.7316915260413083e-06,0.0007944184013211425,2.6846380196390213e-10
6.053408747539136e-09,7.780365510398041e-05,8.552439289945263e-05,14128.302988662455,3.556691426776959e-06,0.0007820946143776043,2.517422955631047e-10
5.861381645140297e-09,7.65596606911257e-05,8.417051801785726e-05,14360.183846353615,3.389897959357519e-06,0.0007699620059419873,2.3606229527613553e-10
5.675446054085465e-09,7.53355563733717e-05,8.283807535147978e-05,14595.870450014914,3.2309262822735147e-06,0.000758017610268285,2.2135893116742573e-10
5.495408738576248e-09,7.413102413009176e-05,8.152672562240395e-05,14835.425261474895,3.079409600097852e-06,0.0007462585076180179,2.0757137364269302e-10
5.3210825926679314e-09,7.29457510254568e-05,8.023613492357643e-05,15078.911767717353,2.934998317315363e-06,0.0007346818235465085,1.946425818074578e-10
5.152286445817561e-09,7.177942912713615e-05,7.896597463378591e-05,15326.394497706473,2.797359231825167e-06,0.0007232847282002524,1.8251906749782406e-10
4.988844874600127e-09,7.063175542629623e-05,7.77159213339856e-05,15577.939039488536,2.6661747662555267e-06,0.000712064435625167,1.7115067400745614e-10
4.830588020397719e-09,6.950243175887962e-05,7.648565672494199e-05,15833.612057574031,2.5411422353190486e-06,0.000701018203085585,1.60490368595553e-10
4.6773514128719815e-09,6.839116472814293e-05,7.527486754618726e-05,16093.48131060503,2.421973147518596e-06,0.0006901433303938123,1.5049404791756287e-10
4.528975799036214e-09,6.729766562843182e-05,7.408324549625333e-05,16357.615669312821,2.308392539593404e-06,0.0006794371592500764,1.4112035557382546e-10
4.385306977749851e-09,6.622165037017615e-05,7.29104871541699e-05,16626.08513476999,2.200138342170844e-06,0.0006688970725927217,1.3233051102148595e-10
4.24619563946313e-09,6.516283940608428e-05,7.175629390220537e-05,16898.96085694203,2.0969607751608013e-06,0.0006585204939584905,1.240881491419857e-10
4.111497211045213e-09,6.412095765851609e-05,7.062037184982907e-05,17176.315153543826,1.9986217714981266e-06,0.0006483048868527098,1.1635916980050112e-10
3.981071705534969e-09,6.309573444801929e-05,6.950243175887965e-05,17458.221529205046,1.9048944279045748e-06,0.0006382477541292726,1.0911159677507618e-10
3.854783576657721e-09,6.208690342300638e-05,6.84021889699157e-05,17744.754694950636,1.815562481403069e-06,0.0006283466373802146,1.0231544547187778e-10
3.7325015779571986e-09,6.109420249055714e-05,6.731936332973377e-05,18035.990588000695,1.730419810377318e-06,0.0006185991163347735,9.594259887940741e-11
3.6140986263961313e-09,6.011737374832779e-05,6.625367912003385e-05,18332.006391895287,1.6492699590258976e-06,0.0006090028082677742,8.99666912485396e-11
3.4994516702835767e-09,5.9156163417547426e-05,6.520486498721272e-05,18632.880556949905,1.5719256841138975e-06,0.0005995553674171756,8.436299901721758e-11
3.3884415613920203e-09,5.82103217770871e-05,6.417265387327004e-05,18938.69282104632,1.4982085229769666e-06,0.0005902544844106676,7.910833852862471e-11
3.28095293113119e-09,5.727960309858292e-05,6.315678294780814e-05,19249.524230764648,1.4279483817812178e-06,0.0005810978857011612,7.418097011972205e-11
3.1768740706497753e-09,5.636376558259548e-05,6.215699354110713e-05,19565.457162862607,1.3609831430892844e-06,0.0005720833330110272,6.956050818340091e-11
3.0760968147407047e-09,5.546257129579104e-05,6.117303107826059e-05,19886.57534610694,1.2971582918274943e-06,0.0005632086227849632,6.522783683221908e-11
2.978516429429191e-09,5.4575786109127105e-05,6.020464501435391e-05,20212.963883463166,1.2363265587913627e-06,0.0005544715856513538,6.116503081484446e-11
2.8840315031265997e-09,5.3703179637025216e-05,5.9251588770667534e-05,20544.709274649897,1.1783475808670191e-06,0.0005458700858919699,5.735528135805657e-11
2.792543841237336e-09,5.284452517751802e-05,5.8313619671891994e-05,20881.899439062723,1.1230875771850448e-06,0.0005374020209199148,5.3782826627550036e-11
2.703958364108846e-09,5.199959965335162e-05,5.7390498884334964e-05,21224.62373907498,1.0704190404594683e-06,0.0005290653207656511,5.0432886519858735e-11
2.618183008218981e-09,5.116818355403073e-05,5.648199135510777e-05,21572.973003720486,1.0202204428001376e-06,0.0005208579475710116,4.729160151566452e-11
2.535128630497907e-09,5.035006087879047e-05,5.558786575227456e-05,21927.039552764996,9.723759553197754e-07,0.0005127778950910604,4.4345975341534826e-11
2.4547089156850337e-09,4.954501908047905e-05,5.470789440594792e-05,22286.9172211731,9.267751808888799e-07,0.0005048231882036708,4.1583821202890346e-11
2.3768402866248736e-09,4.8752849010338606e-05,5.384185325031795e-05,22652.70138397632,8.833128994221145e-07,0.0004969918824267223,3.8993711365786035e-11
2.301441817408509e-09,4.7973344863668916e-05,5.2989521766599046e-05,23024.488981549315,8.41888825108549e-07,0.0004892820634427848,3.656492987893008e-11
2.2284351492702984e-09,4.7206304126359e-05,5.215068292687876e-05,23402.378545301402,8.024073750256909e-07,0.0004816918466311695,3.4287428240356953e-11
2.1577444091526643e-09,4.645152752227492e-05,5.132512313885719e-05,23786.47022378907,7.647774486036616e-07,0.00047421937660725017,3.2151783825361386e-11
2.089296130854041e-09,4.5708818961487516e-05,5.0512632191459515e-05,24176.865809257724,7.289122174306276e-07,0.00046686282676892027,3.014916090370634e-11
2.0230191786782675e-09,4.4977985489328746e-05,4.9713003201310565e-05,24573.668764618622,6.947289249147133e-07,0.00045962039885009227,2.827127408484442e-11
1.958844673505989e-09,4.425883723626265e-05,4.892603256005676e-05,24976.984250868514,6.62148695340194e-07,0.00045249032248112514,2.6510354039926552e-11
1.896705921211148e-09,4.355118736855688e-05,4.815151988252097e-05,25386.9191549598,6.310963518774301e-07,0.0004454708547560615,2.4859115358790348e-11
1.8365383433483436e-09,4.285485203974392e-05,4.738926795567905e-05,25803.582118127626,6.015002431268008e-07,0.00043856027980658855,2.3310726408959814e-11
1.7782794100389228e-09,4.216965034285822e-05,4.663908268844407e-05,26227.083564681903,5.732920777964201e-07,0.00043175690838260497,2.1858781071961453e-11
1.7218685749860096e-09,4.149540426343633e-05,4.5900773062244574e-05,26657.53573127236,5.464067671322277e-07,0.0004250590774392896,2.049727224003041e-11
1.667247212551061e-09,4.083193863326919e-05,4.517415108238615e-05,27095.052696633404,5.207822747370035e-07,0.0004184651497305811,1.922056696356643e-11
1.614358556826487e-09,4.0179081084894003e-05,4.4459031730182855e-05,27539.750411817193,4.963594734318071e-07,0.0004119735134089662,1.8023383146523408e-11
1.5631476426409507e-09,3.953666200681275e-05,4.3755232915845536e-05,27991.746730923456,4.7308200882957896e-07,0.0004055825816314666,1.6900767693319717e-11
1.513561248436207e-09,3.8904514499428046e-05,4.306257543211732e-05,28451.161442332806,4.5089616930626167e-07,0.00039929079217175116,1.5848076016867563e-11
1.4655478409559127e-09,3.828247433168228e-05,4.238088290864169e-05,28918.116300453552,4.2975076206934257e-07,0.00039309660703825224,1.486095282294035e-11
1.4190575216890898e-09,3.767037989839085e-05,4.170998176705383e-05,29392.735057988957,4.095969950379961e-07,0.00038699851209821653,1.3935314091386929e-11
1.374041975012515e-09,3.70680721782576e-05,4.104970117678289e-05,29875.14349873409,3.9038836426227056e-07,0.00038099501670758456,1.3067330179646253e-11
1.3304544179780928e-09,3.6475394692560806e-05,4.039987301155311e-05,30365.469470911503,3.720805466215674e-07,0.00037508465334660807,1.2253409978660157e-11
1.2882495516931322e-09,3.58921934645005e-05,3.976033180657437e-05,30863.842921053456,3.54631297554908e-07,0.0003692659772611248,1.1490186055638583e-11
1.2473835142429433e-09,3.53183169791957e-05,3.913091471641034e-05,31370.395928440266,3.3800035358700865e-07,0.00036353756610939974,1.077450072221049e-11
1.2078138351067772e-09,3.475361614432054e-05,3.851146147351285e-05,31885.262740104503,3.2214933942526067e-07,0.0003578980196144361,1.0103392970322592e-11
1.16949939101987e-09,3.419794425137087e-05,3.790181434741381e-05,32408.57980640868,3.070416794133331e-07,0.00035234595922169155,9.474086221841067e-12
1.1324003632355578e-09,3.3651156937549084e-05,3.730181810456199e-05,32940.48581720792,2.9264251313703904e-07,0.0003468800277620935,8.883976841172278e-12
1.0964781961431829e-09,3.3113112148259076e-05,3.671131996879638e-05,33481.12173860543,2.7891861498781217e-07,0.0003414988891202898,8.330623363380472e-12
1.0616955571987241e-09,3.258367010020087e-05,3.613016958244524e-05,34030.6308503112,2.658383174981841e-07,0.0003362012279080438,7.811736393236833e-12
1.0280162981264746e-09,3.2062693245054676e-05,3.5558218968040274e-05,34589.15878361456,2.5337143827237544e-07,0.0003309857491426926,7.325169133410712e-12
9.954054173515255e-10,3.1550046233746243e-05,3.499532249063761e-05,35156.85355997925,2.414892103434425e-07,0.0003258511779305971,6.868908502618145e-12
9.638290236239704e-10,3.104559588128356e-05,3.444133682073516e-05,35733.86563027194,2.3016421579628422e-07,0.0003207962591555041,6.441066806981572e-12
9.332543007969924e-10,3.054921113215516e-05,3.3896120897776445e-05,36320.34791463527,2.1937032250335003e-07,0.00031581975717173596,6.039873930143572e-12
9.036494737223004e-10,3.006076302628229e-05,3.335953589423275e-05,36916.45584301467,2.0908262382711272e-07,0.0003109204555021469,5.663670009825044e-12
8.749837752274364e-10,2.9580124665515464e-05,3.2831445180253885e-05,37522.347396350226,1.992773811501684e-07,0.0003060971565407633,5.310898570528985e-12
8.472274141405945e-10,2.910717118066602e-05,3.231171428887785e-05,38138.18314844547,1.8993196910035763e-07,0.0003013486812600316,4.98010008397842e-12
8.203515443298177e-10,2.86417796990658e-05,3.1800210881792254e-05,38764.126308522136,1.8102482334455835e-07,0.0002966738689226175,4.669905930648069e-12
7.943282347242822e-10,2.818382931264455e-05,3.12968047156367e-05,39400.34276447454,1.7253539083066085e-07,0.00029207157679766516,4.379032737406234e-12
7.691304402866083e-10,2.7733201046518382e-05,3.08013676088394e-05,40047.00112683304,1.6444408236295e-07,0.00028754067988146566,4.106277067841819e-12
7.447319739059888e-10,2.7289777828080403e-05,3.0313773408978553e-05,40704.27277344911,1.5673222740146043e-07,0.00028308007062245776,3.850510443308912e-12
7.211074791829005e-10,2.685344445658509e-05,2.9833897960660087e-05,41372.33189491447,1.4938203098100583e-07,0.00027868865865049024,3.610674674089812e-12
6.982324040771705e-10,2.6424087573219448e-05,2.9361619073904254e-05,42051.355540724995,1.4237653265050018e-07,0.0002743653705102888,3.3857774813611993e-12
6.760829753919819e-10,2.600159563165272e-05,2.8896816493032794e-05,42741.5236662022,1.3569956733782199e-07,0.0002701091493990573,3.174888391850341e-12
6.546361740672734e-10,2.5585858869056424e-05,2.843937186604798e-05,43443.01918018576,1.2933572804991807e-07,0.00026591895490814553,2.9771348881964387e-12
6.338697112569263e-10,2.5176769277588544e-05,2.7989168714497298e-05,44156.027993507414,1.2327033032210347e-07,0.000261793762768731,2.7916987990910053e-12
6.137620051647945e-10,2.477422057633286e-05,2.75460924038143e-05,44880.739068261806,1.1748937833450806e-07,0.0002577325646014382,2.61781291426176e-12
5.942921586155714e-10,2.43781081836875e-05,2.7110030114129546e-05,45617.34446788512,1.1197953261750942e-07,0.00025373436766984886,2.454757810296118e-12
5.754399373371567e-10,2.39883291901949e-05,2.668087081154362e-05,46366.03940805555,1.0672807927162828e-07,0.0002497981946378341,2.3018588741717186e-12
5.571857489319304e-10,2.3604782331805783e-05,2.6258505219854388e-05,47127.022308430045,1.0172290063086202e-07,0.0002459230833306469,2.158483512179506e-12
5.395106225151267e-10,2.322736796357105e-05,2.584282579273233e-05,47900.4948452294,9.695244730177902e-08,0.00024210808649972613,2.0240385326924217e-12
5.223961889991198e-10,2.28559880337543e-05,2.5433726686336348e-05,48686.66200468626,9.240571151385088e-08,0.00023835227159114852,1.897967691951371e-12
5.058246620031147e-10,2.2490546058357826e-05,2.5031103732362555e-05,49485.73213737139,8.807220171952835e-08,0.00023465472051766793,1.7797493927146857e-12
4.897788193684456e-10,2.2130947096056362e-05,2.463485441152026e-05,50297.91701341052,8.39419183854649e-08,0.00023101452943429616,1.6688945262501457e-12
4.742419852602448e-10,2.1777097723531593e-05,2.424487782742773e-05,51123.431878607546,8.000533091902339e-08,0.00022743080851736453,1.5649444487411532e-12
4.5919801283686756e-10,2.142890601120056e-05,2.3861074680920774e-05,51962.49551148982,7.625335567682244e-08,0.0002239026817470079,1.467469083734854e-12
4.446312674691084e-10,2.1086281499332888e-05,2.3483347244768738e-05,52815.33028128817,7.267733500459377e-08,0.00022042928669303117,1.3760651427818956e-12
4.30526610491711e-10,2.0749135174549106e-05,2.3111599338790002e-05,53682.162206870074,6.926901725997025e-08,0.0002170097743040892,1.2903544569057133e-12
4.1686938347033463e-10,2.0417379446695274e-05,2.2745736305361933e-05,54563.221016639065,6.602053777212475e-08,0.00021364330870014348,1.2099824119985836e-12
4.0364539296760483e-10,2.0090928126087276e-05,2.2385664985318475e-05,55458.740209417105,6.292440069431918e-08,0.00021032906696813607,1.134616481671078e-12
3.908408957924025e-10,1.976969640111862e-05,2.2031293694228896e-05,56368.95711632733,5.997346170748834e-08,0.0002070662389608318,1.063944851484878e-12
3.784425847170928e-10,1.9453600816226613e-05,2.1682532199052453e-05,57294.11296369136,5.7160911534955714e-08,0.00020385402709878324,9.976751288772014e-13
3.664375746478333e-10,1.914255925021086e-05,2.1339291695162623e-05,58234.45293695893,5.448026023024007e-08,0.00020069164617536841,9.35533133439359e-13
3.548133892335746e-10,1.8836490894897984e-05,2.10014847837346e-05,59190.22624568789,5.1925322201693983e-08,0.0001975783231648486,8.772617625444003e-13
3.435579478998743e-10,1.8535316234148105e-05,2.0669025449491403e-05,60161.686189588996,4.949020193943029e-08,0.0001945132970334097,8.226199276308613e-13
3.326595532940047e-10,1.8238957023196385e-05,2.0341829038801642e-05,61149.090225656386,4.7169280411591805e-08,0.0001914958185531299,7.713815567414761e-13
3.221068791283428e-10,1.7947336268325247e-05,2.001981223812441e-05,62152.700036398666,4.49572020985827e-08,0.00018852515011883518,7.23334659190257e-13
3.1188895840939353e-10,1.766037820686164e-05,1.970289305279541e-05,63172.7815991898,4.284886263534224e-08,0.00018560056556779847,6.782804484881474e-13
3.0199517204020193e-10,1.7378008287493764e-05,1.9390990786148507e-05,64209.605256759394,4.083939703314245e-08,0.00018272135000223013,6.360325198984658e-13
2.924152377843331e-10,1.710015315090286e-05,1.908402601896821e-05,65263.445788838726,3.8924168453739005e-08,0.00017988679961452686,5.964160792195831e-13
2.831391995799379e-10,1.6826740610704675e-05,1.878192058926736e-05,66334.58248498266,3.7098757509968824e-08,0.00017709622151523108,5.592672196040056e-13
2.741574171927886e-10,1.6557699634695292e-05,1.8484597572384643e-05,67423.29921858797,3.5358952068104814e-08,0.0001743489335636556,5.244322434218212e-13
2.654605561975536e-10,1.6292960326397213e-05,1.819198126139749e-05,68529.88452212527,3.370073752844216e-08,0.00017164426420114004,4.917670263629539e-13
2.570395782768865e-10,1.6032453906900417e-05,1.7903997147845053e-05,69654.63166360561,3.212028756168606e-08,0.00016898155228689256,4.61136421147265e-13
2.4888573182823853e-10,1.5776112696993467e-05,1.762057190275593e-05,70797.8387243037,3.061395527976444e-08,0.00016636014693637566,4.3241369837544473e-13
2.409905428686593e-10,1.5523870099580815e-05,1.7341633357976866e-05,71959.80867775429,2.9178264820698504e-08,0.00016377940736220407,4.054800222074339e-13
2.3334580622810043e-10,1.5275660582380732e-05,1.7067110487796383e-05,73140.84947004757,2.780990332810632e-08,0.00016123870271750543,3.802239586989614e-13
2.2594357702209734e-10,1.5031419660900208e-05,1.6796933390859737e-05,74341.27410144078,2.6505713306839055e-08,0.00015873741194171427,3.565410147621529e-13
2.1877616239495518e-10,1.4791083881682072e-05,1.6531033272370138e-05,75561.40070930932,2.5262685337107938e-08,0.00015627492360875892,3.3433320584269583e-13
2.1183611352485043e-10,1.4554590805819669e-05,1.6269342426571425e-05,76801.55265246061,2.4077951130289182e-08,0.00015385063577759932,3.135086505248896e-13
2.0511621788255626e-10,1.4321878992735425e-05,1.6011794219508356e-05,78062.05859683048,2.2948776910386612e-08,0.0001514639558450876,2.9398119038739253e-13
1.9860949173573716e-10,1.4092887984218749e-05,1.5758323072059787e-05,79343.2526025859,2.187255710587812e-08,0.0001491143004011098,2.7567003353685636e-13
1.9230917289101535e-10,1.3867558288718867e-05,1.5508864443240152e-05,80645.47421265897,2.0846808337389343e-08,0.0001468010950859733,2.5849942034461997e-13
1.8620871366628656e-10,1.3645831365889238e-05,1.5263354813765723e-05,81969.06854273159,1.9869163687324557e-08,0.00014452377445001003,2.4239831000356547e-13
1.8030177408595698e-10,1.3427649611378641e-05,1.5021731669880565e-05,83314.38637269931,1.893736723822829e-08,0.0001422817818153531,2.2730008660825636e-13
1.7458221529205002e-10,1.3212956341865738e-05,1.4783933487438868e-05,84681.7842396349,1.8049268867278548e-08,0.00014007456913986172,2.1314228354237574e-13
1.6904409316432633e-10,1.30016957803329e-05,1.4549899716239212e-05,86071.62453227738,1.7202819284898632e-08,0.0001379015968831557,1.998663250331411e-13
1.63681652142781e-10,1.2793813041575252e-05,1.4319570764606584e-05,87484.27558707369,1.639606530603862e-08,0.00013576233387472655,1.874172838034134e-13
1.584893192461111e-10,1.2589254117941661e-05,1.4092887984218737e-05,88920.11178579493,1.5627145343217067e-08,0.00013365625718409678,1.757436538188599e-13
1.5346169827992941e-10,1.238796586530369e-05,1.3869793655172725e-05,90379.5136547547,1.4894285110922198e-08,0.0001315828519929931,1.6479713718993483e-13
1.485935642287009e-10,1.2189895989248674e-05,1.3650230971287607e-05,91862.86796565757,1.4195793531460009e-08,0.00012954161146950066,1.5453244434701329e-13
1.4387985782558437e-10,1.1994993031493781e-05,1.3434144025640058e-05,93370.56783810104,1.3530058832803801e-08,0.00012753203664417183,1.4490710666196344e-13
1.3931568029453035e-10,1.1803206356517298e-05,1.3221477796328948e-05,94903.01284375979,1.2895544829440131e-08,0.00012555363628805654,1.3588130074089697e-13
1.3489628825916504e-10,1.1614486138403414e-05,1.3012178132465008e-05,96460.6091122818,1.2290787377628645e-08,0.00012360592679262254,1.2741768366113008e-13
1.3061708881318405e-10,1.1428783347897712e-05,1.2806191740382692e-05,98043.76943891951,1.1714390996898402e-08,0.00012168843205154198,1.1948123847070543e-13
1.264736347471152e-10,1.1246049739669268e-05,1.2603466170069883e-05,99652.91339393059,1.1165025649982563e-08,0.0001198006833443086,1.1203912931122166e-13
1.2246161992650465e-10,1.1066237839776654e-05,1.240394980181273e-05,101288.46743377199,1.0641423673763163e-08,0.00011794221922166181,1.0506056556459515e-13
1.1857687481671596e-10,1.0889300933334331e-05,1.2207591833051847e-05,102950.8650141193,1.01423768541433e-08,0.00011611258539278943,9.851667446166979e-14
1.1481536214968841e-10,1.071519305237607e-05,1.2014342265446401e-05,104640.54670474256,9.666733638096805e-09,0.00011431133461427727,9.23803816256121e-14
1.1117317272815897e-10,1.054386896391258e-05,1.1824151892143166e-05,106357.96030626581,9.213396476463082e-09,0.0001125380265807835,8.66262990558714e-14
1.076465213629835e-10,1.0375284158180127e-05,1.1636972285247138e-05,108103.56096884291,8.78131929135539e-09,0.00011079222781740975,8.123062008925219e-14
1.0423174293933014e-10,1.0209394837076786e-05,1.1452755783490242e-05,109877.81131278322,8.369505062337933e-09,0.00010907351157373862,7.617102090350996e-14
1.0092528860766833e-10,1.0046157902783946e-05,1.1271455480095597e-05,111681.18155115376,7.977003525803428e-09,0.00010738145771951911,7.142656815597613e-14
9.772372209558111e-11,9.88553094656939e-06,1.1093025210833557e-05,113514.14961439709,7.60290898224078e-09,0.0001057156526419666,6.697763237506118e-14
9.46237161365791e-11,9.72747223776964e-06,1.0917419542267044e-05,115377.20127699201,7.2463582063346046e-09,0.00010407568914465812,6.280580674632502e-14
9.162204901219992e-11,9.571940712948442e-06,1.0744593760182967e-05,117270.83028619314,6.906528455073584e-09,0.0001024611663479962,5.889383095709797e-14
8.871560120379618e-11,9.418895965228418e-06,1.0574503858206579e-05,119195.53849288565,6.5826355692710515e-09,0.00010087168959121512,5.5225519784567653e-14
8.590135215053943e-11,9.268298233793484e-06,1.0407106526596259e-05,121151.83598458534,6.273932164117876e-09,9.930687033590876e-05,5.178569613188639e-14
8.317637711026709e-11,9.120108393559096e-06,1.0242359141215685e-05,123140.24122062167,5.979705904591998e-09,9.776632607105531e-05,4.856012823524181e-14
8.053784411990677e-11,8.97428794500749e-06,1.0080219752680378e-05,125161.28116954178,5.699277861744784e-09,9.624968021951355e-05,4.55354707820913e-14
7.798301105232578e-11,8.830799004185623e-06,9.920647075676266e-06,127215.49144876716,5.432000946072078e-09,9.475656204597112e-05,4.269920969695487e-14
7.550922276654341e-11,8.689604292863019e-06,9.763600478447318e-06,129303.4164665428,5.1772584143545965e-09,9.328660656632119e-05,4.003961036632168e-14
7.311390834834158e-11,8.550667128846824e-06,9.609039972449401e-06,131425.6095662182,4.934462446521923e-09,9.183945445844296e-05,3.754566908845659e-14
7.079457843841373e-11,8.413951416451946e-06,9.456926202168217e-06,133582.63317289294,4.703052789257015e-09,9.041475197436852e-05,3.520706754724592e-14
6.85488226452662e-11,8.279421637123344e-06,9.307220435098124e-06,135775.05894247268,4.482495463210472e-09,8.901215085381049e-05,3.301413012171614e-14
6.637430704019075e-11,8.147042840208388e-06,9.159884551879797e-06,138003.4679131691,4.272281530842163e-09,8.763130823903182e-05,3.095778385460759e-14
6.426877173170194e-11,8.01678063387679e-06,9.01488103659401e-06,140268.45065948612,4.071925922046789e-09,8.627188659103706e-05,2.902952091437685e-14
6.223002851691601e-11,7.888601176185549e-06,8.872172967208894e-06,142570.60744873623,3.88096631485323e-09,8.493355360706174e-05,2.7221363395317647e-14
6.025595860743569e-11,7.762471166286913e-06,8.731724006178598e-06,144910.54840012267,3.698962068615418e-09,8.361598213934342e-05,2.552583031017145e-14
5.834451042737448e-11,7.638357835776908e-06,8.593498391190758e-06,147288.89364643296,3.5254932072328327e-09,8.231885011515281e-05,2.3935906638661977e-14
5.649369748123034e-11,7.51622894018206e-06,8.457460926060293e-06,149706.27349838856,3.3601594500541732e-09,8.104184045806389e-05,2.2445014303895168e-14
5.4701596289397105e-11,7.396052750582374e-06,8.323576971767506e-06,152163.3286116895,3.2025792882285115e-09,7.978464101044715e-05,2.1046984956548083e-14
5.2966344389165804e-11,7.277798045368242e-06,8.191812437638042e-06,154660.71015680037,3.0523891043723177e-09,7.854694445716455e-05,1.97360344542431e-14
5.1286138399136377e-11,7.1614341021290124e-06,8.062133772662322e-06,157199.07999152617,2.909242333520853e-09,7.732844825044736e-05,1.8506738930518395e-14
4.965923214503358e-11,7.046930689671467e-06,7.934507956952625e-06,159779.11083641584,2.7728086634283322e-09,7.612885453594111e-05,1.7354012354388265e-14
4.80839348449729e-11,6.934258060165695e-06,7.808902493335175e-06,162401.48645304938,2.6427732723709327e-09,7.494787007989592e-05,1.6273085487644008e-14
4.655860935229581e-11,6.82338694141669e-06,7.685285399075475e-06,165066.90182524774,2.5188361026943878e-09,7.378520619748747e-05,1.525948615283891e-14
4.5081670454146004e-11,6.714288529259523e-06,7.5636251977346415e-06,167776.0633432571,2.400711168429684e-09,7.264057868225033e-05,1.430902073031724e-14
4.3651583224016655e-11,6.606934480075964e-06,7.443890911154512e-06,170529.68899095873,2.2881258953790308e-09,7.151370773660427e-05,1.3417756807733017e-14
4.2266861426560243e-11,6.501296903430903e-06,7.326052051569764e-06,173328.50853614876,2.1808204921496644e-09,7.040431790345989e-05,1.2582006910276046e-14
4.0926065973001095e-11,6.397348354826482e-06,7.210078613844911e-06,176173.26372394056,2.078547350683985e-09,6.931213799888512e-05,1.1798313244290125e-14
3.962780342554385e-11,6.295061828571968e-06,7.095941067834032e-06,179064.708473345,1.9810704749026378e-09,6.823690104581485e-05,1.1063433391161685e-14
3.8370724549227845e-11,6.194410750767811e-06,6.9836103508616705e-06,182003.6090770719,1.8881649361424386e-09,6.717834420879115e-05,1.0374326892291843e-14
3.7153522909717275e-11,6.095368972401693e-06,6.873057860322547e-06,184990.74440461583,1.7996163541322164e-09,6.613620872971363e-05,9.728142669646519e-15
3.597493351557416e-11,5.997910762555088e-06,6.7642554463985656e-06,188026.9061086716,1.7152204023092127e-09,6.511023986458786e-05,9.122207229841286e-15
3.4833731503601166e-11,5.902010801718442e-06,6.657175404891106e-06,191112.89883493754,1.63478233633444e-09,6.410018682125523e-05,8.554013602956159e-15
3.3728730865886926e-11,5.807644175213124e-06,6.551790470166662e-06,194249.5404353655,1.5581165447189532e-09,6.310580269808736e-05,8.021210970315784e-15
3.2658783217233535e-11,5.714786366718667e-06,6.448073808214276e-06,197437.66218490733,1.4850461205242977e-09,6.212684442363282e-05,7.52159493832286e-15
3.1622776601683794e-11,5.623413251903491e-06,6.3459990098128696e-06,200678.10900181893,1.415402453148735e-09,6.116307269720012e-05,7.053098418103521e-15
3.061963433690682e-11,5.533501092157371e-06,6.24554008380663e-06,203971.73967158326,1.3490248392572113e-09,6.021425193036122e-05,6.6137830732300874e-15
2.964831389524339e-11,5.4450265284242086e-06,6.146671450486954e-06,207319.42707450528,1.2857601119574625e-09,5.928015018936389e-05,6.20183130013857e-15
2.870780582024692e-11,5.357966575133417e-06,6.049367935079165e-06,210722.05841704184,1.225462287366474e-09,5.8360539138436895e-05,5.815538708060411e-15
2.7797132677592827e-11,5.272298614228222e-06,5.95360476133221e-06,214180.5354669329,1.1679922277516995e-09,5.7455193983974064e-05,5.453307067354982e-15
2.6915348039269138e-11,5.18800038928961e-06,5.859357545210015e-06,217695.77479218508,1.1132173204699102e-09,5.656389341958554e-05,5.113637697068767e-15
2.6061535499988978e-11,5.105049999754065e-06,5.7666022886825305e-06,221268.70800398424,1.0610111719626048e-09,5.568641957200007e-05,4.795125264361827e-15
2.5234807724805702e-11,5.023425895223866e-06,5.675315373615185e-06,224900.28200359043,1.0112533161020626e-09,5.482255794780729e-05,4.49645197014879e-15
2.4434305526939712e-11,4.943106869868354e-06,5.585473555755069e-06,228591.45923328496,9.638289362149696e-10,5.397209738102664e-05,4.216382096897816e-15
2.3659196974857613e-11,4.864072056914619e-06,5.497053958812214e-06,232343.21793144025,9.186286001421238e-10,5.313482998148815e-05,3.95375689602953e-15
2.29086765276777e-11,4.78630092322638e-06,5.410034068634674e-06,236156.55239177193,8.75548007723e-10,5.231055108401539e-05,3.707489793764052e-15
2.2181964198002195e-11,4.7097732639695295e-06,5.32439172747581e-06,240032.47322684564,8.344877501224228e-10,5.149905919839644e-05,3.476561895580603e-15
2.1478304741305287e-11,4.634469197362874e-06,5.24010512835222e-06,243972.00763591396,7.95353080443941e-10,5.0700155960130145e-05,3.260017770689775e-15
2.079696687103694e-11,4.56036915951296e-06,5.157152809491147e-06,247976.19967714124,7.580536951007364e-10,4.991364608193787e-05,3.0569614990781506e-15
2.0137242498623894e-11,4.487453899331322e-06,5.0755136488656206e-06,252046.1105443043,7.225035254394145e-10,4.9139337306025814e-05,2.866552964769571e-15
1.9498445997580414e-11,4.41570447353312e-06,4.995166858816224e-06,256182.81884802922,6.886205391359803e-10,4.837704035708921e-05,2.688004379967723e-15
1.8879913490962925e-11,4.345102241715714e-06,4.916091980757987e-06,260387.42090164384,6.563265509056614e-10,4.762656889604521e-05,2.5205770256988556e-15
1.8281002161427447e-11,4.275628861515865e-06,4.838268879970992e-06,264661.0310117267,6.255470420897642e-10,4.688773947448285e-05,2.363578195469386e-15
1.7701089583174183e-11,4.207266283844438e-06,4.761677740473526e-06,269004.7817734198,5.962109887033271e-10,4.616037148982038e-05,2.2163583292936034e-15
1.713957307508425e-11,4.139996748197304e-06,4.686299059976396e-06,273419.82437058806,5.682506975467543e-10,4.544428714115843e-05,2.0783083262337192e-15
1.659586907437563e-11,4.073802778041131e-06,4.612113644917032e-06,277907.32888091,5.416016500032221e-10,4.473931138581687e-05,1.9488570243331416e-15
1.6069412530128754e-11,4.008667176273026e-06,4.539102605572289e-06,282468.48458597134,5.162023531614923e-10,4.4045271896546994e-05,1.8274688375169245e-15
1.555965631605075e-11,3.944573020752785e-06,4.46724735124861e-06,287104.50028644706,4.919941979205582e-10,4.336199901940751e-05,1.7136415396822085e-15
1.5066070661867387e-11,3.881503659906478e-06,4.396529585548242e-06,291816.6046224628,4.689213237486654e-10,4.268932573229272e-05,1.6069041868105194e-15
1.4588142602753473e-11,3.819442708400464e-06,4.326931301710524e-06,296606.0463992056,4.469304897847282e-10,4.202708760410591e-05,1.5068151685053622e-15
1.4125375446227554e-11,3.758374042884443e-06,4.258434778026787e-06,301474.0949178863,4.2597095198460297e-10,4.137512275456429e-05,1.4129603808931788e-15
1.3677288255958466e-11,3.6982817978026588e-06,4.19102257332793e-06,306422.04031213024,4.059943460288167e-10,4.073327181462878e-05,1.3249515133286734e-15
1.3243415351946643e-11,3.639150361272071e-06,4.1246775225434285e-06,311451.19388988614,3.8695457572152266e-10,4.0101377887547156e-05,1.2424244418158527e-15
1.2823305826560231e-11,3.5809643710263623e-06,4.0593827323305615e-06,316562.8884809546,3.688077066231466e-10,3.9479286510501284e-05,1.1650377224977057e-15
1.2416523075924094e-11,3.523708710424869e-06,3.9951215767729154e-06,321758.4787902132,3.5151186467132205e-10,3.8866845616849686e-05,1.0924711789817608e-15
1.202264434617413e-11,3.4673685045253164e-06,3.931877693146971e-06,327039.3417566395,3.3502713955616053e-10,3.826390549895603e-05,1.0244245776566693e-15
1.1641260294104884e-11,3.4119291162192812e-06,3.869634977755634e-06,332406.87691823294,3.1931549262687293e-10,3.7670318771593415e-05,9.606163855190629e-16
1.1271974561755094e-11,3.357376142429545e-06,3.808377581827838e-06,337862.5067829161,3.0434066911728914e-10,3.708594033591739e-05,9.007826053715826e-16
1.091440336448757e-11,3.3036954103681488e-06,3.7480899074829363e-06,343407.6772055335,2.9006811448767446e-10,3.6510627343997084e-05,8.44675683572634e-16
1.0568175092136563e-11,3.2508729738543405e-06,3.6887566037590656e-06,349043.8577710309,2.7646489468985135e-10,3.5944239163896885e-05,7.920634858190497e-16
1.0232929922807536e-11,3.198895109691397e-06,3.6303625627043718e-06,354772.5421839237,2.634996201716152e-10,3.5386637345300054e-05,7.427283367240125e-16
9.908319448927685e-12,3.147748314101317e-06,3.57289291553005e-06,360595.24866416387,2.511423734450732e-10,3.4837685585664966e-05,6.964661192165947e-16
9.594006315159316e-12,3.097419299216578e-06,3.5163330288243503e-06,366513.5203494974,2.3936464005179555e-10,3.4297249696906896e-05,6.530854300369162e-16
9.289663867799362e-12,3.047894989627983e-06,3.460668500826515e-06,372528.92570442555,2.281392427654693e-10,3.376519757259671e-05,6.12406787832849e-16
8.994975815300364e-12,2.999162518987653e-06,3.4058851577596354e-06,378643.05893588497,2.1744027888021097e-10,3.3241399155667865e-05,5.742618905818363e-16
8.709635899560796e-12,2.951209226666384e-06,3.3519690502216266e-06,384857.54041574313,2.0724306043985953e-10,3.272572640662486e-05,5.384929192656192e-16
8.433347577642756e-12,2.904022654464451e-06,3.2989064496333306e-06,391174.0171102284,1.975240572703112e-10,3.2218053272244975e-05,5.049518849168633e-16
8.165823713585906e-12,2.857590543374944e-06,3.246683844742783e-06,397594.16301641514,1.882608426834351e-10,3.171825565476474e-05,4.735000163361617e-16
7.906786279998246e-12,2.8119008303989394e-06,3.1952879381849147e-06,404119.6796058618,1.7943204172730828e-10,3.1226211381545564e-05,4.440071859462733e-16
7.655966069112569e-12,2.7669416454115127e-06,3.144705643095616e-06,410752.2962755411,1.7101728186332372e-10,3.0741800175208844e-05,4.163513714080415e-16
7.413102413009161e-12,2.72270130807791e-06,3.094924079779472e-06,417493.77080616454,1.6299714595638628e-10,3.026490362423509e-05,3.904181507705972e-16
7.1779429127136154e-12,2.6791683248190313e-06,3.0459305724302384e-06,424345.88982802693,1.5535312746970884e-10,2.9795405154018985e-05,3.6610022906706655e-16
6.950243175887977e-12,2.6363313858253814e-06,2.9977126459031846e-06,431310.46929450653,1.480675877608137e-10,2.933318999837319e-05,3.432969943971161e-16
6.729766562843168e-12,2.5941793621188124e-06,2.950258022538584e-06,438389.35496332723,1.4112371538021481e-10,2.887814517147449e-05,3.219141016597456e-16
6.516283940608428e-12,2.5527013026612473e-06,2.9035546190354914e-06,445584.42288572,1.3450548727885558e-10,2.843015944024525e-05,3.0186308221405777e-16
6.309573444801917e-12,2.511886431509577e-06,2.8575905433749434e-06,452897.57990362134,1.2819763183477683e-10,2.7989123297162725e-05,2.830609778530013e-16
6.1094202490557145e-12,2.471724145016129e-06,2.8123540917919643e-06,460330.76415501913,1.2218559361372348e-10,2.755492893349111e-05,2.6542999757577956e-16
5.915616341754743e-12,2.4322040090738158e-06,2.767833745795408e-06,467885.9455876052,1.1645549978234636e-10,2.712747021292781e-05,2.488971957387886e-16
5.727960309858281e-12,2.3933157564053853e-06,2.7240181692350405e-06,475565.12648084975,1.1099412809652076e-10,2.670664264565926e-05,2.3339417025354637e-16
5.5462571295791044e-12,2.355049283896009e-06,2.6808962054150518e-06,483370.341976644,1.057888763909034e-10,2.6292343362819177e-05,2.1885677958292077e-16
5.370317963702533e-12,2.3173946499684797e-06,2.638456874253205e-06,491303.66061866045,1.0082773349932131e-10,2.5884471091342478e-05,2.0522487736475808e-16
5.1999599653351514e-12,2.280342072000416e-06,2.5966893694850144e-06,499367.18490055733,9.60992515389018e-11,2.5482926129209896e-05,1.9244206356498724e-16
5.0350060878790476e-12,2.243881923782766e-06,2.5555830559121768e-06,507563.0518231794,9.159251949398336e-11,2.5087610321076506e-05,1.804554511306146e-16
4.87528490103387e-12,2.2080047330189015e-06,2.5151274666945143e-06,515893.4334609138,8.729713803884652e-11,2.46984270342779e-05,1.6921544717715527e-16
4.7206304126359e-12,2.1727011788637434e-06,2.4753123006848354e-06,524360.5375373315,8.320319554117963e-11,2.4315281135209073e-05,1.586755478052275e-16
4.5708818961487516e-12,2.1379620895022322e-06,2.436127419805983e-06,532966.6080102769,7.930124519090032e-11,2.3938078966069723e-05,1.4879214569737398e-16
4.425883723626256e-12,2.1037784397664732e-06,2.3975628464693556e-06,541713.9256665701,7.558228320155408e-11,2.3566728321969762e-05,1.3952434969906177e-16
4.285485203974392e-12,2.0701413487910415e-06,2.3596087610343698e-06,550604.8087264542,7.203772803399968e-11,2.3201138428390743e-05,1.3083381563743067e-16
4.1495404263436325e-12,2.037042077705719e-06,2.3222554993080623e-06,559641.6134579794,6.86594005944285e-11,2.2841219918996286e-05,1.2268458767779566e-16
4.017908108489392e-12,2.004472027365159e-06,2.285493550084329e-06,568826.7348014595,6.543950536103328e-11,2.248688481378709e-05,1.150429495615637e-16
3.8904514499428045e-12,1.9724227361148533e-06,2.2493135527221124e-06,578162.6070041769,6.237061239577278e-11,2.213804649759485e-05,1.0787728511007316e-16
3.767037989839093e-12,1.9408858775927793e-06,2.2137062947618865e-06,587651.704265516,5.944564019972082e-11,2.1794619698909445e-05,1.0115794741720305e-16
3.647539469256073e-12,1.9098532585662366e-06,2.178662709579919e-06,597296.5413926732,5.665783937244487e-11,2.1456520469034904e-05,9.485713618957157e-17
3.5318316979195698e-12,1.8793168168032684e-06,2.1441738740796597e-06,607099.6744671294,5.4000777037704886e-11,2.1123666161568834e-05,8.89487827268283e-17
3.41979442513708e-12,1.8492686189780758e-06,2.110231006419638e-06,617063.7015220735,5.146832199953088e-11,2.07959754121996e-05,8.340844206615476e-17
3.3113112148259077e-12,1.8197008586099826e-06,2.0768254637773873e-06,627191.2632309243,4.905463059443545e-11,2.0473368118817677e-05,7.82131918447565e-17
3.2062693245054674e-12,1.7906058540352947e-06,2.0439487401487087e-06,637485.0436071729,4.675413320710529e-11,2.015576542193485e-05,7.334153746188253e-17
3.104559588128349e-12,1.7619760464116273e-06,2.0115924641818094e-06,647947.770715698,4.456152141846428e-11,1.9843089685407585e-05,6.877332314801137e-17
3.006076302628229e-12,1.7338039977541374e-06,1.979748397045734e-06,658582.2173957558,4.2471735756449306e-11,1.953526447745949e-05,6.448964857325802e-17
2.910717118066608e-12,1.7060823890031243e-06,1.948408430332494e-06,669391.2019958468,4.047995402123069e-11,1.923221455199765e-05,6.047279064997607e-17
2.8183829312644492e-12,1.678804018122559e-06,1.9175645839924516e-06,680377.589120634,3.85815801579432e-11,1.8933865830219427e-05,5.670613020603551e-17
2.7289777828080404e-12,1.6519617982290148e-06,1.8872090043023808e-06,691544.2903901169,3.677223365124838e-11,1.864014538250432e-05,5.3174083225391494e-17
2.6424087573219503e-12,1.625548755750485e-06,1.857333961865664e-06,702894.2652112801,3.504773941725403e-11,1.8350981410586576e-05,4.986203637145791e-17
2.5585858869056424e-12,1.5995580286146678e-06,1.827931849644177e-06,714430.5215623934,3.340411816947073e-11,1.8066303230004622e-05,4.675628652653167e-17
2.4774220576332862e-12,1.5739828644662198e-06,1.7989951810213326e-06,726156.1167901832,3.1837577236572686e-11,1.7786041252822744e-05,4.384398409711653e-17
2.398832919019485e-12,1.5488166189124796e-06,1.7705165878957475e-06,738074.1584201038,3.0344501810772434e-11,1.7510126970620473e-05,4.1113079850576036e-17
2.322736796357105e-12,1.5240527537972907e-06,1.742488818805143e-06,750187.8049798834,2.8921446606620534e-11,1.72384929377464e-05,3.855227506317045e-17
2.2490546058357825e-12,1.499684835502374e-06,1.714904737079891e-06,762500.26683661,2.756512791097638e-11,1.697107275483123e-05,3.615097477321026e-17
2.177709772353155e-12,1.4757065332758932e-06,1.6877573190258248e-06,775014.807047541,2.627241600581081e-11,1.6707801052556923e-05,3.389924394592787e-17
2.1086281499332886e-12,1.452111617587742e-06,1.6610396521358161e-06,787734.742224876,2.504032794635334e-11,1.6448613475677653e-05,3.17877663687011e-17
2.0417379446695316e-12,1.4288939585111036e-06,1.6347449333296335e-06,800663.4434147363,2.3866020677918922e-11,1.6193446667288323e-05,2.9807806106562233e-17
1.976969640111858e-12,1.4060475241299128e-06,1.6088664672216943e-06,813804.3369905589,2.2746784475533572e-11,1.5942238253337497e-05,2.795117135852455e-17
1.914255925021086e-12,1.383566378971781e-06,1.583397664416238e-06,827160.9055611499,2.1680036691219544e-11,1.569492682738044e-05,2.6210180565184837e-17
1.8535316234148067e-12,1.3614446824659483e-06,1.5583320398294554e-06,840736.6888936603,2.0663315794510368e-11,1.5451451935568496e-05,2.4577630627374636e-17
1.7947336268325248e-12,1.3396766874259344e-06,1.533663211038227e-06,854535.2848516837,1.9694275692447717e-11,1.5211754061871723e-05,2.3046767104375248e-17
1.7378008287493763e-12,1.3182567385564074e-06,1.509384896654953e-06,868560.3503487768,1.8770680315949414e-11,1.4975774613530332e-05,2.1611256268389306e-17
1.682674061070464e-12,1.2971792709839546e-06,1.4854909147281441e-06,882815.6023176122,1.7890398460059833e-11,1.4743455906732132e-05,2.0265158899653626e-17
1.6292960326397215e-12,1.2764388088113436e-06,1.4619751811683281e-06,897304.8186950368,1.7051398866175097e-11,1.4514741152512125e-05,1.9002905713772038e-17
1.57761126969935e-12,1.2560299636948754e-06,1.4388317081988485e-06,912031.8394233142,1.6251745534894444e-11,1.4289574442870595e-05,1.781927431960113e-17
1.5275660582380701e-12,1.2359474334445094e-06,1.4160546028312162e-06,927000.5674677835,1.548959325868413e-11,1.4067900737106822e-05,1.6709367612358498e-17
1.4791083881682073e-12,1.216186000646368e-06,1.3936380653645941e-06,942214.9698512201,1.4763183364044202e-11,1.3849665848364784e-05,1.566859351255624e-17
1.4321878992735454e-12,1.1967405313072443e-06,1.3715763879090111e-06,957679.0787051904,1.4070839653352627e-11,1.3634816430387304e-05,1.4692645966931642e-17
1.3867558288718867e-12,1.1776059735208066e-06,1.3498639529319786e-06,973396.9923386446,1.3410964537024035e-11,1.3423299964475984e-05,1.3777487132771379e-17
1.3427649611378642e-12,1.1587773561551263e-06,1.3284952318281151e-06,989372.8763240465,1.2782035347057262e-11,1.3215064746653361e-05,1.2919330671918277e-17
1.3001695780332873e-12,1.1402497875611674e-06,1.3074647835113866e-06,1005610.9646013519,1.2182600823464197e-11,1.3010059875024002e-05,1.2114626085340735e-17
1.258925411794166e-12,1.1220184543019628e-06,1.2867672530296716e-06,1022115.5606000728,1.1611277765474591e-11,1.280823523733203e-05,1.136004402345439e-17
1.2189895989248674e-12,1.1040786199020736e-06,1.2663973702012197e-06,1038891.0383797905,1.1066747839786948e-11,1.2609541498711307e-05,1.0652462511416182e-17
1.1803206356517275e-12,1.0864256236170645e-06,1.2463499482727204e-06,1055941.8437893651,1.0547754538502373e-11,1.2413930089625854e-05,9.98895403240256e-18
1.1428783347897713e-12,1.0690548792226578e-06,1.226619882598616e-06,1073272.4956451717,1.0053100279721213e-11,1.2221353193997424e-05,9.366773415429821e-18
1.1066237839776676e-12,1.0519618738232234e-06,1.207202149341297e-06,1090887.5869286929,9.581643644111254e-12,1.2031763737516952e-05,8.783346477603259e-18
1.071519305237605e-12,1.035142166679343e-06,1.1880918041918983e-06,1108791.786003747,9.132296741072271e-12,1.1845115376137634e-05,8.236259373805832e-18
1.0375284158180127e-12,1.018591388054117e-06,1.1692839811113437e-06,1126989.8378536955,8.704022698418489e-12,1.1661362484746414e-05,7.723248609761143e-18
1.0046157902783927e-12,1.0023052380778985e-06,1.1507738910912976e-06,1145486.5653389764,8.295833269786002e-12,1.1480460146011059e-05,7.24219167715081e-18
9.72747223776964e-13,9.8627948563121e-07,1.132556820934764e-06,1164286.8704752445,7.906786554245528e-12,1.130236413940052e-05,6.7910982720419205e-18
9.418895965228418e-13,9.7050996724549e-07,1.1146281320559576e-06,1183395.735732523,7.535984822856919e-12,1.1127030930375378e-05,6.368102060290202e-18
9.120108393559079e-13,9.54992586021435e-07,1.0969832592991938e-06,1202818.2253556545,7.182572447151409e-12,1.0954417659746102e-05,5.971452955850943e-18
8.830799004185622e-13,9.397233105646375e-07,1.0796177097764763e-06,1222559.4867064229,6.845733924761113e-12,1.0784482133196443e-05,5.599509880049707e-18
8.550667128846841e-13,9.24698173938223e-07,1.0625270617234665e-06,1242624.7516277258,6.524691997639447e-12,1.061718281096916e-05,5.250733971854892e-18
8.279421637123328e-13,9.099132726322508e-07,1.0457069633735826e-06,1263019.3378301142,6.218705858531084e-12,1.0452478797711918e-05,4.923682221061565e-18
8.01678063387679e-13,8.953647655495937e-07,1.0291531318499223e-06,1283748.6503010872,5.927069441552425e-12,1.0290329832480707e-05,4.617001498044267e-18
7.762471166286927e-13,8.810488730080147e-07,1.0128613520747077e-06,1304818.182737542,5.649109792937775e-12,1.0130696278898204e-05,4.329422955377429e-18
7.516228940182045e-13,8.66961875758216e-07,9.968274756960118e-07,1326233.5190017088,5.384185518192358e-12,9.973539115464894e-06,4.0597567781616445e-18
7.277798045368242e-13,8.531001140175895e-07,9.810474200314765e-07,1348000.3346009823,5.131685302068657e-12,9.818819926020603e-06,3.806887261335638e-18
7.046930689671453e-13,8.394599865193965e-07,9.65517167028731e-07,1370124.3981920674,4.891026497950538e-12,9.666500890353725e-06,3.569768193606682e-18
6.823386941416691e-13,8.260379495771783e-07,9.502327622422963e-07,1392611.5731097704,4.661653783391003e-12,9.516544774956439e-06,3.3474185289019968e-18
6.606934480075964e-13,8.128305161640995e-07,9.351903138266576e-07,1415467.8189209243,4.443037878700253e-12,9.36891492392307e-06,3.1389183274314097e-18
6.397348354826468e-13,7.998342550070276e-07,9.203859915452953e-07,1438699.1930037881,4.234674325627956e-12,9.223575249989835e-06,2.9434049495687775e-18
6.194410750767811e-13,7.870457896950984e-07,9.058160257954021e-07,1462311.8521533695,4.036082323321207e-12,9.080490225713542e-06,2.760069486804581e-18
5.9979107625551e-13,7.744617978025191e-07,8.914767066480249e-07,1486312.0542131197,3.846803618871906e-12,8.939624874787038e-06,2.5881534150030645e-18
5.807644175213112e-13,7.620790100254115e-07,8.773643829034153e-07,1510706.1597333835,3.666401449893981e-12,8.80094476348948e-06,2.426945456117717e-18
5.62341325190349e-13,7.498942093324558e-07,8.634754611613358e-07,1535500.6336570673,3.4944595366901625e-12,8.664415992269281e-06,2.275778635380623e-18
5.445026528424197e-13,7.379042301290999e-07,8.498064049060656e-07,1560702.047033004,3.330581121682544e-12,8.530005187457414e-06,2.1340275217900785e-18
5.272298614228222e-13,7.261059574351544e-07,8.363537336059161e-07,1586317.0787573922,3.1743880538909294e-12,8.397679493109604e-06,2.001105640479846e-18
5.105049999754065e-13,7.144963260755134e-07,8.231140218269763e-07,1612352.517343865,3.0255199163457656e-12,8.267406562974681e-06,1.876463046263546e-18
4.943106869868343e-13,7.030723198838327e-07,8.100838983609054e-07,1638815.262722575,2.88363319442269e-12,8.139154552587858e-06,1.7595840483155437e-18
4.786300923226381e-13,6.918309709189363e-07,7.972600453665313e-07,1665712.3280688107,2.748400483179366e-12,8.01289211148653e-06,1.6499850765742964e-18
4.634469197362884e-13,6.807693586937417e-07,7.846391975250234e-07,1693050.8416616523,2.619509731865403e-12,7.888588375546756e-06,1.54721268104062e-18
4.4874538993313137e-13,6.698846094165258e-07,7.722181412084552e-07,1720838.0487731032,2.496663523862412e-12,7.766212959438761e-06,1.4508416556935414e-18
4.345102241715714e-13,6.591738952443213e-07,7.599937136615268e-07,1749081.3135882264,2.3795783903923914e-12,7.645735949199447e-06,1.3604732792615028e-18
4.207266283844446e-13,6.486344335482388e-07,7.479628021962283e-07,1777788.1211568268,2.2679841564107917e-12,7.527127894920004e-06,1.2757336655703318e-18
4.0738027780411217e-13,6.382634861905482e-07,7.361223433992648e-07,1806966.0793771355,2.161623317175124e-12,7.4103598035471174e-06,1.1962722166429596e-18
3.944573020752785e-13,6.28058358813318e-07,7.244693223520291e-07,1836622.9210120463,2.060250444050386e-12,7.295403131795807e-06,1.1217601721506954e-18
3.819442708400456e-13,6.180164001384151e-07,7.130007718629063e-07,1866766.505738487,1.9636316181800997e-12,7.182229779172094e-06,1.0518892492145359e-18
3.698281797802659e-13,6.081350012787176e-07,7.017137717117543e-07,1897404.8222303635,1.871543890716466e-12,7.070812081104105e-06,9.86370366929131e-19
3.580964371026362e-13,5.984115950603198e-07,6.906054479063226e-07,1928545.9902757534,1.783774768363719e-12,6.961122802179539e-06,9.249324503320067e-19
3.4673685045253095e-13,5.888436553555884e-07,6.796729719504554e-07,1960198.2629288032,1.7001217230478994e-12,6.853135129488157e-06,8.673213088698925e-19
3.357376142429545e-13,5.794286964268809e-07,6.689135601238807e-07,1992370.0286969496,1.6203917245814542e-12,6.746822666067578e-06,8.132985847218467e-19
3.250872973854347e-13,5.701642722807478e-07,6.583244727733869e-07,2025069.8137640695,1.544400795244206e-12,6.642159424450593e-06,7.626407666279778e-19
3.147748314101311e-13,5.6104797603247e-07,6.479030136152335e-07,2058306.2842500838,1.4719735852530805e-12,6.539119820312744e-06,7.151382651437486e-19
3.047894989627983e-13,5.520774392807573e-07,6.376465290486039e-07,2092088.2485076468,1.4029429681408558e-12,6.437678666218399e-06,6.705945454937763e-19
2.951209226666378e-13,5.432503314924325e-07,6.275524074799139e-07,2126424.6594565697,1.3371496551102178e-12,6.33781116546375e-06,6.288253144373996e-19
2.8575905433749435e-13,5.345643593969713e-07,6.176180786578359e-07,2161324.616956497,1.2744418274734296e-12,6.2394929060155e-06,5.896577577819174e-19
2.7669416454115125e-13,5.260172663907063e-07,6.078410130188305e-07,2196797.3702185885,1.2146747863292386e-12,6.1426998545434125e-06,5.529298253886632e-19
2.679168324819026e-13,5.176068319505671e-07,5.982187210430514e-07,2232852.320256736,1.1577106186688207e-12,6.047408350545502e-06,5.184895607138522e-19
2.594179362118812e-13,5.093308710571952e-07,5.887487526204462e-07,2269499.0223790156,1.1034178791402465e-12,5.953595100564435e-06,4.861944721102291e-19
2.511886431509582e-13,5.011872336272725e-07,5.794286964268813e-07,2306747.1887200684,1.0516712867370568e-12,5.861237172493497e-06,4.559109432883244e-19
2.432204009073811e-13,4.931738039549355e-07,5.702561793101533e-07,2344606.6908150036,1.0023514357111826e-12,5.770311989970986e-06,4.275136804982662e-19
2.355049283896009e-13,4.85288500162121e-07,5.612288656857207e-07,2383087.562215546,9.553445200430847e-13,5.680797326861618e-06,4.0088519414490376e-19
2.2803420720004207e-13,4.775292736576911e-07,5.5234445694199e-07,2422200.0011491613,9.105420708332562e-13,5.592671301823378e-06,3.75915312691466e-19
2.2080047330188968e-13,4.698941086052151e-07,5.436006908550276e-07,2461954.373221786,8.678407060092424e-13,5.5059123729588155e-06,3.5250072684066865e-19
2.1379620895022323e-13,4.6238102139926035e-07,5.349953410125358e-07,2502361.214164912,8.27141891770549e-13,5.4204993325492625e-06,3.3054456210734665e-19
2.070141348791037e-13,4.54988060150048e-07,5.265262162469375e-07,2543431.2326278053,7.883517152209419e-13,5.33641130187066e-06,3.099559780141718e-19
2.0044720273651594e-13,4.477133041763623e-07,5.18191160077451e-07,2585175.3130154847,7.513806676635947e-13,5.253627726089971e-06,2.906497922522495e-19
1.9408858775927793e-13,4.4055486350655347e-07,5.099880501609804e-07,2627604.518373346,7.16143438058899e-13,5.172128369240575e-06,2.725461282515366e-19
1.8793168168032648e-13,4.3351087838752846e-07,5.019147977517107e-07,2670730.093319084,6.825587161684542e-13,5.0918933092757555e-06,2.5557008470301676e-19
1.8197008586099824e-13,4.2657951880159254e-07,4.939693471692557e-07,2714563.467022733,6.50549004930942e-13,5.012902933198886e-06,2.3965142566530165e-19
1.761976046411631e-13,4.1975898399100775e-07,4.861496752752177e-07,2759116.2562356647,6.200404416369051e-13,4.935137932269093e-06,2.247242899735014e-19
1.7060823890031208e-13,4.13047501990161e-07,4.784537909580412e-07,2804400.268369255,5.909626274898647e-13,4.8585792972813845e-06,2.1072691874812383e-19
1.6519617982290148e-13,4.0644332916521275e-07,4.708797346260223e-07,2850427.50462407,5.632484651604471e-13,4.783208313919964e-06,1.9760139987658845e-19
1.5995580286146647e-13,3.9994474976109694e-07,4.63425577708334e-07,2897210.163170478,5.368340039586424e-13,4.709006558183582e-06,1.8529342841016879e-19
1.5488166189124795e-13,3.9355007545577724e-07,4.5608942216396474e-07,2944760.6423813654,5.116582922670137e-13,4.63595589188196e-06,1.73752081885082e-19
1.499684835502374e-13,3.8725764492161723e-07,4.488693999984161e-07,2993091.544118008,4.876632368942446e-13,4.564038458201947e-06,1.6292960963809985e-19
1.452111617587739e-13,3.8106582339377265e-07,4.417636727880614e-07,3042215.677069805,4.647934690245669e-13,4.493236677342564e-06,1.5278123524504538e-19
1.4060475241299128e-13,3.749730022454834e-07,4.347704312120326e-07,3092146.0601488296,4.42996216453703e-13,4.423533242217732e-06,1.4326497126477296e-19
1.361444682465951e-13,3.6897759857015046e-07,4.2788789459151104e-07,3142895.925940144,4.2222118181649545e-13,4.354911114225615e-06,1.343414455221565e-19
1.3182567385564046e-13,3.63078054770101e-07,4.211143104363179e-07,3194478.7242086953,4.0242042652527204e-13,4.287353519083664e-06,1.2597373821137458e-19
1.2764388088113434e-13,3.5727283815192885e-07,4.1444795399868297e-07,3246908.125463757,3.835482601511118e-13,4.220843942728248e-06,1.1812722914552116e-19
1.235947433444512e-13,3.5156044052829833e-07,4.0788712783406957e-07,3300198.024581939,3.655611349927367e-13,4.15536612727785e-06,1.107694545205496e-19
1.1967405313072418e-13,3.459393778261217e-07,4.014301613689591e-07,3354362.5444895965,3.4841754558978917e-13,4.090904067058938e-06,1.0386997260095056e-19
1.1587773561551261e-13,3.404081897010009e-07,3.9507541047547823e-07,3409416.0399056785,3.3207793294859964e-13,4.027442004693505e-06,9.740023777144738e-20
1.1220184543019606e-13,3.3496543915782724e-07,3.888212570527508e-07,3465373.1011460726,3.1650459325942186e-13,3.964964427247208e-06,9.133348243360781e-20
1.0864256236170644e-13,3.296097121774576e-07,3.826661086148901e-07,3522248.5579902846,3.016615908945541e-13,3.903456062437378e-06,8.564460625875744e-20
1.0519618738232235e-13,3.2433961734934936e-07,3.766083978855005e-07,3580057.4836116876,2.875146754865267e-13,3.842901874899753e-06,8.031007233897034e-20
1.0185913880541148e-13,3.1915378551007584e-07,3.706465823986071e-07,3638815.198572204,2.740312028950643e-13,3.7832870625131894e-06,7.53078098064965e-20
9.8627948563121e-14,3.1405086938762166e-07,3.6477914410590154e-07,3698537.274882547,2.6118005988042986e-13,3.7245970527813906e-06,7.061712251871899e-20
9.549925860214369e-14,3.090295432513592e-07,3.590045889901996e-07,3759239.540129173,2.4893159230932157e-13,3.6668174992707044e-06,6.621860343083323e-20
9.24698173938221e-14,3.040885025676277e-07,3.5332144668502376e-07,3820938.081668896,2.372575367276875e-13,3.6099342781032376e-06,6.209405430198936e-20
8.953647655495937e-14,2.992264636608189e-07,3.4772827010020816e-07,3883649.2508923467,2.2613095514254328e-13,3.553933484504379e-06,5.822641040268637e-20
8.669618757582178e-14,2.944421633798763e-07,3.422236350534238e-07,3947389.667557477,2.1552617286229224e-13,3.498801429403817e-06,5.459966991190236e-20
8.394599865193964e-14,2.897343587701321e-07,3.368061399075435e-07,4012176.224194115,2.054187192521374e-13,3.444524636089339e-06,5.1198827711860477e-20
8.128305161640995e-14,2.8510182675039097e-07,3.314744052137467e-07,4078026.090580813,1.9578527126786555e-13,3.391089836912559e-06,4.800981330651095e-20
7.870457896950969e-14,2.8054336379517105e-07,3.2622707336026815e-07,4144956.718295249,1.866035996376954e-13,3.338483970045662e-06,4.501943260687227e-20
7.620790100254115e-14,2.760577856220345e-07,3.2106280822671627e-07,4212985.845339192,1.7785251756803275e-13,3.2866941762885696e-06,4.2215313342386427e-20
7.379042301291016e-14,2.716439268839084e-07,3.1598029484385425e-07,4282131.500839496,1.6951183185473797e-13,3.2357077959255434e-06,3.958585387242447e-20
7.14496326075512e-14,2.673006408663309e-07,3.1097823905877325e-07,4352412.009826168,1.6156229628712072e-13,3.1855123656305975e-06,3.7120175186166115e-20
6.918309709189363e-14,2.6302679918953816e-07,3.060553672053663e-07,4423845.998088854,1.539855672371313e-13,3.1360956154209447e-06,3.480807589225633e-20
6.698846094165272e-14,2.5882129151530934e-07,3.012104257800125e-07,4496452.397113113,1.4676416133126036e-13,3.0874454656576228e-06,3.263999001201221e-20
6.486344335482375e-14,2.5468302525850394e-07,2.9644218112240134e-07,4570250.449097621,1.398814151074933e-13,3.039550024092718e-06,3.060694740156141e-20
6.28058358813318e-14,2.506109253032114e-07,2.917494191014092e-07,4645259.71205373,1.3332144656421754e-13,2.992397582962388e-06,2.870053663916121e-20
6.081350012787164e-14,2.466039337234336e-07,2.8713094480594284e-07,4721500.064988808,1.2706911851234883e-13,2.9459766161249337e-06,2.6912870224147725e-20
5.888436553555884e-14,2.4266100950824146e-07,2.8258558224068574e-07,4798991.713174513,1.211100036461317e-13,2.900275776243341e-06,2.5236551943536893e-20
5.701642722807478e-14,2.387811282913178e-07,2.7811217402665194e-07,4877755.193501673,1.1543035125198995e-13,2.855283892011444e-06,2.3664646271254156e-20
5.520774392807562e-14,2.3496328208483048e-07,2.737095811064861e-07,4957811.379922962,1.10017055478629e-13,2.8109899654231986e-06,2.219064967339248e-20
5.3456435939697135e-14,2.312064790175594e-07,2.6937668245442876e-07,5039181.488984897,1.0485762509516211e-13,2.767383169084281e-06,2.080846370077551e-20
5.1760683195056816e-14,2.2750974307720718e-07,2.6511237479086773e-07,5121887.085450722,9.994015466747418e-14,2.724452843565372e-06,1.951236975749916e-20
5.0118723362727144e-14,2.2387211385683377e-07,2.6091557230141335e-07,5205950.088015489,9.525329708632239e-14,2.6821884947965323e-06,1.829700544106311e-20
4.8528850016212096e-14,2.202926463053456e-07,2.567852063604208e-07,5291392.775114931,9.078623738377693e-14,2.640579791502007e-06,1.7157342356201297e-20
4.6989410860521607e-14,2.1677041048196961e-07,2.527202252588843e-07,5378237.790829774,8.652866777757708e-14,2.599616562674772e-06,1.6088665310617873e-20
4.54988060150048e-14,2.1330449131465752e-07,2.487195939366436e-07,5466508.150886856,8.247076388582893e-14,2.5592887950903084e-06,1.5086552806557022e-20
4.4055486350655345e-14,2.0989398836235246e-07,2.447822937188297e-07,5556227.248758733,7.860316205715298e-14,2.519586630858934e-06,1.4146858747491476e-20
4.265795188015917e-14,2.065380155810527e-07,2.409073220564774e-07,5647418.861863522,7.49169377639673e-14,2.4805003650160756e-06,1.3265695284242894e-20
4.13047501990161e-14,2.0323570109362208e-07,2.37093692271252e-07,5740107.157866305,7.140358500905987e-14,2.442020443149978e-06,1.243941672956534e-20
3.9994474976109774e-14,1.9998618696327447e-07,2.3334043330420935e-07,5834316.70108415,6.805499669791709e-14,2.404137459066155e-06,1.1664604474637263e-20
3.872576449216165e-14,1.967886289706843e-07,2.296465894685379e-07,5930072.458996126,6.486344593152826e-14,2.3668421524881078e-06,1.0938052845058943e-20
3.749730022454834e-14,1.9364219639466069e-07,2.2601122020621502e-07,6027399.808860168,6.182156817649459e-14,2.330125406793721e-06,1.0256755837835415e-20
3.6307805477010176e-14,1.9054607179632483e-07,2.2243339984851127e-07,6126324.544438644,5.892234427129695e-14,2.2939782467867323e-06,9.617894684470394e-21
3.515604405282976e-14,1.8749945080674173e-07,2.189122173802903e-07,6226872.882834204,5.6159084229515747e-14,2.2583918365028075e-06,9.018826188716824e-21
3.404081897010009e-14,1.8450154191794736e-07,2.154467762080395e-07,6329071.471437809,5.3525411802625436e-14,2.22335747704965e-06,8.457071790732327e-21
3.296097121774569e-14,1.8155156627731332e-07,2.1203619393156865e-07,6432947.394990945,5.101524976673881e-14,2.1888666044805878e-06,7.930307312393408e-21
3.191537855100758e-14,1.7864875748520498e-07,2.0867960211932942e-07,6538528.18276352,4.8622805899358254e-14,2.154910787701187e-06,7.436353341342905e-21
3.090295432513592e-14,1.757923613958693e-07,2.0537614608728452e-07,6645841.815849793,4.634255961376576e-14,2.1214817264083007e-06,6.973166213983986e-21
2.992264636608183e-14,1.7298163592150997e-07,2.0212498468128232e-07,6754916.734583901,4.4169249220218125e-14,2.0885712490611117e-06,6.538829560115802e-21
2.897343587701321e-14,1.70215850839495e-07,1.989252900628761e-07,6865781.846077096,4.209785978454917e-14,2.0561713108836686e-06,6.131546374227232e-21
2.805433637951716e-14,1.674942876026438e-07,1.9577624749853041e-07,6978466.531878802,4.01236115561604e-14,2.024273991898351e-06,5.749631580644406e-21
2.716439268839078e-14,1.648162391525507e-07,1.9267705515216784e-07,7093000.6557633085,3.8241948938702433e-14,1.9928714949899e-06,5.391505061772344e-21
2.6302679918953815e-14,1.6218100973589298e-07,1.8962692388099976e-07,7209414.571644233,3.644852997799427e-14,1.9619561439994615e-06,5.0556851205855324e-21
2.5468302525850445e-14,1.5958791472367336e-07,1.866250770345859e-07,7327739.131619023,3.473921634292171e-14,1.9315203818481754e-06,4.740782350319051e-21
2.466039337234336e-14,1.5703628043335515e-07,1.8367075025707802e-07,7448005.6941453675,3.31100637762003e-14,1.9015567686899005e-06,4.445493885997836e-21
2.3878112829131782e-14,1.545254439538414e-07,1.807631912925943e-07,7570246.132351779,3.1557312992965e-14,1.8720579800926005e-06,4.168598014020104e-21
2.3120647901755894e-14,1.520547529732494e-07,1.779016597936708e-07,7694492.842484751,3.007738100618369e-14,1.8430168052479005e-06,3.908949117492574e-21
2.2387211385683377e-14,1.4962356560944328e-07,1.75085427132751e-07,7820778.752494299,2.8666852858882457e-14,1.8144261452084758e-06,3.665472936405428e-21
2.1677041048196964e-14,1.4723125024327195e-07,1.7231377621665377e-07,7949137.330760665,2.7322473744098912e-14,1.7862790111527337e-06,3.437162123035605e-21
2.09893988362352e-14,1.4487718535447603e-07,1.695860013039821e-07,8079602.594964086,2.6041141494385167e-14,1.758568522676442e-06,3.2230720741904165e-21
2.032357010936221e-14,1.425607593602188e-07,1.6690140782542227e-07,8212209.121100128,2.4819899423527777e-14,1.731287906110869e-06,3.022317023047611e-21
1.967886289706847e-14,1.402813704561959e-07,1.6425931220688452e-07,8346992.052643143,2.3655929503965406e-14,1.7044304928669763e-06,2.8340663744222166e-21
1.9054607179632443e-14,1.380384264602884e-07,1.6165904169544681e-07,8483987.109859966,2.2546545864164352e-14,1.6779897178053294e-06,2.657541268298379e-21
1.8450154191794736e-14,1.3583134465871542e-07,1.5909993418805353e-07,8623230.599276477,2.14891885909451e-14,1.6519591176313026e-06,2.4920113574079913e-21
1.786487574852046e-14,1.3365955165464406e-07,1.5658133806292293e-07,8764759.423299696,2.0481417822457625e-14,1.6263323293151336e-06,2.3367917855236378e-21
1.7298163592150997e-14,1.3152248321922376e-07,1.5410261201362827e-07,8908611.089997552,1.952090811817832e-14,1.6011030885365498e-06,2.1912403539645015e-21
1.6749428760264382e-14,1.2941958414499862e-07,1.5166312488580064e-07,9054823.723039418,1.860544309293319e-14,1.5762652281534683e-06,2.054754864591437e-21
1.6218100973589265e-14,1.2735030810166605e-07,1.4926225551642e-07,9203436.071799621,1.7732910302568683e-14,1.5518126766944795e-06,1.9267706282987443e-21
1.5703628043335514e-14,1.2531411749414156e-07,1.468993925756502e-07,9354487.521626765,1.6901296369467144e-14,1.5277394568747205e-06,1.806758128694149e-21
1.520547529732497e-14,1.2331048332289096e-07,1.4457393441117534e-07,9508018.104281789,1.6108682336658515e-14,1.5040396841347514e-06,1.6942208313007124e-21
1.4723125024327162e-14,1.2133888504649761e-07,1.4228528889500256e-07,9664068.508547146,1.5353239239809354e-14,1.4807075652021077e-06,1.5886931292168057e-21
1.425607593602188e-14,1.193988104464273e-07,1.400328732726905e-07,9822680.091010114,1.46332238868707e-14,1.4577373966751839e-06,1.4897384167344795e-21
1.3803842646028866e-14,1.1748975549395303e-07,1.3781611401496137e-07,9983894.88702327,1.3946974835645485e-14,1.4351235636290493e-06,1.3969472829459866e-21
1.3365955165464405e-14,1.156112242192098e-07,1.3563444667166524e-07,10147755.621844672,1.3292908559995363e-14,1.4128605382429234e-06,1.3099358178650109e-21
1.2941958414499863e-14,1.137627285823431e-07,1.3348731572805548e-07,10314305.721960865,1.2669515795839443e-14,1.3909428784489385e-06,1.228344024054275e-21
1.253141174941413e-14,1.1194378834671502e-07,1.3137417446333705e-07,10483589.326595949,1.2075358058512698e-14,1.3693652266018364e-06,1.1518343271877858e-21
1.2133888504649762e-14,1.1015393095414145e-07,1.2929448481145788e-07,10655651.299409224,1.15090643234497e-14,1.3481223081693504e-06,1.0800901793856366e-21
1.1748975549395304e-14,1.083926914021204e-07,1.2724771722410018e-07,10830537.240385128,1.0969327862531998e-14,1.327208930442852e-06,1.0128147495425568e-21
1.1376272858234286e-14,1.0665961212302568e-07,1.2523335053584294e-07,11008293.497918123,1.0454903228800942e-14,1.3066199812680341e-06,9.497296952318869e-22
1.1015393095414144e-14,1.049542428652322e-07,1.2325087183145927e-07,11188967.181095904,9.964603382577321e-15,1.2863504277952817e-06,8.905740111037968e-22
1.066596121230259e-14,1.032761405761398e-07,1.2129977631531197e-07,11372606.172184413,9.497296952355732e-15,1.2663953152494058e-06,8.351029490130952e-22
1.0327614057613958e-14,1.0162486928706948e-07,1.1937956718281887e-07,11559259.13931758,9.051905624154384e-15,1.2467497657184833e-06,7.830870054089625e-22
1e-14,1e-07,1.1748975549395297e-07,11748975.549395297,8.627401653295641e-15,1.2274089769614894e-06,7.34310971796999e-22
