case,a,b,true_retention,lower_retention,upper_retention,status
0,1.4969397237304536,2.127791360563429,0.5203477465524484,0.5198800957403006,0.5208435096528937,underresolved
1,16.448037718352314,0.4925536321962122,0.43942296921780954,0.4390458021890633,0.44248858904241384,underresolved
2,0.9541435023632124,0.07945479870446086,0.026056235671934946,0.0,0.04965784026293265,underresolved
3,0.4171380814317423,3.93281182626011,0.0553007296250975,0.050167830742633084,0.06270539749557442,underresolved
4,0.07394390544981017,8.093788862706772,0.0003979836810382116,0.0,0.825554002745693,underresolved
5,0.18333588324988823,0.7505187033293821,0.0035200549967291947,0.0,0.08923159754472448,underresolved
6,1.0343349985770944,26.354903327174018,0.37133278384917695,0.3704256298815632,0.3720867683509415,underresolved
7,0.048543168495681396,0.910617028025602,7.674559888911932e-05,0.0,1.0,indeterminate
8,0.09050513029870301,16.697465337188255,0.0007310175419058063,0.0,0.49018203443636854,underresolved
9,0.03834949043885196,3.9002576646502476,5.4512525388993774e-05,0.0,1.0,indeterminate
10,22.676076874542623,3.4104593077147247,0.9568069959769588,0.9565378990334569,0.9568621783989703,resolved
11,0.8588709412739265,0.054433057199211814,0.015033394927541707,0.0,0.05935430269378775,underresolved
12,0.2565149779843128,0.048048569594717414,0.0007362145116506116,0.0,0.8932900424650351,underresolved
13,0.039854611341465965,13.11504920965619,6.297135190340852e-05,0.0,1.0,indeterminate
14,0.06967282783050403,0.28472821219602945,9.194735286667272e-05,0.0,1.0,indeterminate
15,21.050916613149735,0.39687740075963424,0.3676421368454078,0.3639195818290443,0.3691702801479683,underresolved
16,0.32360957700734844,0.07035241524388919,0.0020482870090385847,0.0,0.17014421697185475,underresolved
17,0.04365927876842925,1.119467702602486,6.18870884214272e-05,0.0,1.0,indeterminate
18,0.10461958214961228,6.66286442884389,0.0011140645920555384,0.0,1.0,indeterminate
19,0.30283843267983335,4.290295669798016,0.023712833577139825,0.00831999965200818,0.03152912723741088,underresolved
20,3.3410492272838797,0.05402415221928627,0.04743114087705945,0.0,0.09290465796539046,underresolved
21,19.120375928236015,6.260113876808959,0.9834426285942995,0.983261723782953,0.9835469856387116,resolved
22,0.05695629465170072,1.3270090696214298,0.00014684517924398556,0.0,1.0,indeterminate
23,0.2223547819813407,0.5527236615241045,0.004946762080013721,0.0,0.032633865907481324,underresolved
24,0.4595700229023541,0.5142135419205294,0.03329870928005015,0.029924648908714862,0.04333748082308123,underresolved
25,0.22297681925002333,0.30038618000647305,0.0029654478066004136,0.0,0.0638310173543067,underresolved
26,0.07093411927844852,0.0639308701773441,2.2600645595423147e-05,0.0,1.0,indeterminate
27,6.338549312570179,0.05710771876958901,0.054950553285634376,0.0,0.0911541937649997,underresolved
28,0.796191577104225,25.033372946646338,0.24146818077579651,0.2392682109075574,0.24221994198729307,underresolved
29,0.16970679018855211,0.3185542378018551,0.0014216630769820237,0.0,0.15188785824504844,underresolved
30,3.728766085500551,0.1389476823223372,0.12400903867729099,0.11508366387854296,0.15344379818260467,underresolved
31,16.867860872961067,0.1454646411664908,0.14319405454053075,0.12148000484956849,0.16011873706193644,underresolved
32,0.13630609784955633,7.069162845996956,0.0024392211203839447,0.0,0.09504662506558728,underresolved
33,0.05998692101300284,3.5905206241842884,0.00020682704084938806,0.0,1.0,indeterminate
34,23.129425124042662,0.03286832781034445,0.03275869310067819,0.0,0.1476706933715101,underresolved
35,27.150693338559467,0.29964419992273184,0.28645210331119464,0.28448791018164643,0.29344981137236503,underresolved
36,0.04613711292725004,28.31927747970656,9.783526879196548e-05,0.0,1.0,indeterminate
37,3.759002665974099,0.424882076695544,0.35292791958831066,0.35211941477692343,0.3567437298591407,underresolved
38,0.3848190431092122,0.0858583579943576,0.003962743127980687,0.0,0.03023806205026726,underresolved
39,1.849300754068573,0.041115315116701315,0.02796010964014059,0.0,0.10411344837768617,underresolved
40,0.03446420521319712,9.573020032135204,4.064197720991998e-05,0.0,1.0,indeterminate
41,5.495116263808543,11.940215034561371,0.9489824439359758,0.9489359790683277,0.9492358606171694,resolved
42,0.13651134522032227,0.14103826240324022,0.00034557158581117114,0.0,1.0,indeterminate
43,0.2732028873004338,0.23673657627388514,0.004216826919223681,0.0,0.034911667491973865,underresolved
44,2.0637200899320405,0.43497864344417553,0.2906995024377214,0.2873604723826461,0.2920085774097784,underresolved
45,0.2484382944413705,5.18216129806565,0.013762603059542067,4.9933441897082245e-05,0.03438602053329761,underresolved
46,0.17751885319784283,0.07953227707683466,0.00042334616639008325,0.0,0.9764786102530474,indeterminate
47,6.789483029391283,8.87828116317633,0.9622360830238686,0.9621002115288523,0.9623935386930997,resolved
48,10.02014881202174,19.66570565929948,0.9839728072250586,0.9837935968939046,0.9840702999262914,resolved
49,0.1444089190872128,4.623715001811938,0.002853710269821942,0.0,0.16690548601301486,underresolved
50,2.0979529532221664,1.7267455225945605,0.6365371005948913,0.6360904960259688,0.6368274176073323,underresolved
51,0.18566610011674844,0.3295306002743716,0.0019038379849568106,0.0,0.15022995602199765,underresolved
52,21.835659943867004,9.674251018697632,0.9915789059381499,0.9914124450997013,0.9916876486119897,resolved
53,0.4537114504086113,6.954605140870377,0.06981572435109665,0.06166243877094543,0.07200292889133317,underresolved
54,3.4053842730716157,3.031026339289741,0.8388420260848047,0.8385266093311889,0.8389444561559146,underresolved
55,0.9954009782342467,3.8792494130715967,0.3399966450075476,0.33923636054335704,0.34108152544735204,underresolved
56,0.045085881699540115,0.14375766934213488,1.3001335886160448e-05,0.0,1.0,indeterminate
57,0.6117552968117443,0.881929835502256,0.0940004079944092,0.09306316729519075,0.09936707460875727,underresolved
58,0.6874499226877985,0.4473167134191536,0.0742351165960598,0.07066543742639374,0.07868034904423957,underresolved
59,0.4547054344049467,0.3042738175963403,0.02064420338160778,0.01114999539576837,0.02941060704828773,underresolved
60,2.348705603069848,1.176487825928152,0.593465397753745,0.5930036636230281,0.5939707007298312,underresolved
61,0.42057886362612396,7.442196325846523,0.05775037259330901,0.052699666895529344,0.0649532814651129,underresolved
62,0.19322742337754686,0.14516845360546207,0.0009810028174921288,0.0,0.2989888595101168,underresolved
63,4.467368509578974,0.0688447936562854,0.06382548910534479,0.0,0.0895298341181264,underresolved
64,0.1607650423527136,7.296870262484448,0.0039619728298503805,0.0,0.04386253003767424,underresolved
65,3.9929916918401096,0.38226788589347105,0.32592906177343034,0.3227566683725884,0.3284415628045047,underresolved
66,0.19746969387466776,0.21709724062750366,0.001542536235748727,0.0,0.14802598947979867,underresolved
67,7.584684605411886,2.1464632615504384,0.8833232620638162,0.8831616428903938,0.8835885614236985,underresolved
68,7.928886283275813,0.06183226379324411,0.06027065269582885,0.0,0.12921280720838688,underresolved
69,3.40039903407994,13.408210123197723,0.8805620449816541,0.880459813047759,0.8808100886565171,underresolved
70,0.10814963881137835,1.0689566477352943,0.0009077840916337982,0.0,0.4548095759232679,underresolved
71,0.26180573402711227,0.22754474514861023,0.003604582542382933,0.0,0.052216236935819824,underresolved
72,28.241103201882478,0.8183073269385032,0.6321067729431629,0.6313529874297235,0.6327297936594982,underresolved
73,3.676581004074177,12.550919220794423,0.8956366287351982,0.895329639086487,0.8956679685566988,underresolved
74,0.4228147066902406,1.94313687028885,0.052515388242090455,0.05127066031850559,0.06372196829294685,underresolved
75,10.388958871502279,0.48145664119638854,0.42783767959135494,0.4268522137211765,0.43045801941939377,underresolved
76,7.174630947528865,0.0357304354378239,0.03469182948187389,0.0,0.17771191971000022,underresolved
77,0.07748331866040101,0.19596512008200623,8.865867732167806e-05,0.0,1.0,indeterminate
78,0.08039563561416681,0.5016498372502338,0.00023075928354986014,0.0,1.0,indeterminate
79,0.09692533348127537,0.13927359394342123,0.00012385615003241603,0.0,1.0,indeterminate
80,0.09995747927123297,0.1392578960976957,0.00013571203624964927,0.0,1.0,indeterminate
81,0.17603457586398286,0.43301282061040064,0.002070605377544861,0.0,0.17088898873201583,underresolved
82,2.317489239120385,1.7896321159688275,0.6757125082915548,0.6753096837245408,0.6759796245459855,underresolved
83,0.0390137938464945,0.058125734885194895,3.4379519591014613e-06,0.0,1.0,indeterminate
84,0.2489234812545616,0.03662793691284919,0.0005158873848292406,0.0,0.607967384287998,underresolved
85,0.6382594605406069,1.4385467932756117,0.12787128362637287,0.12330428321665453,0.1284869390821562,underresolved
86,10.887263951694052,10.152951590866643,0.9827222187788945,0.9825104319461933,0.9827904028910994,resolved
87,7.33287189628462,0.9726075041014216,0.6782131881421832,0.6778095580645571,0.6788627488224858,underresolved
88,0.29773402673973,7.943614405000993,0.023053739398739632,0.01928174423226727,0.046660098683418354,underresolved
89,0.3248574690278776,0.147019430611691,0.004289953040433812,0.0,0.008418194592428287,underresolved
90,0.3647886019268563,4.821763502630847,0.03940883800653278,0.033041802492150905,0.04978581115863611,underresolved
91,0.2663822809354191,28.956409562317805,0.017045023003402472,0.010018234929233987,0.04507254100144865,underresolved
92,0.033845288615961214,26.927648545047195,3.86767165294629e-05,0.0,1.0,indeterminate
93,0.5707147975742651,0.42866222009313987,0.047980738916039906,0.03948610445234781,0.04977991571375283,underresolved
94,0.11187768076644164,3.875556568824632,0.0013308551255326636,0.0,0.2506654617518618,underresolved
95,1.3857592138141352,0.17134278813301684,0.09005301875246413,0.08771877464893413,0.112951402867656,underresolved
96,1.001823564032487,1.4808147094289719,0.293802049881874,0.2920161013121889,0.29411118554400634,underresolved
97,4.521662791403338,10.626049780011405,0.9267819549394851,0.9265686969473284,0.9268843956851059,resolved
98,0.607035444839365,13.567293641223152,0.13934848280167944,0.13645944207856758,0.1418934029446919,underresolved
99,1.0341605993797196,0.08563411864861159,0.03169785000534572,0.0,0.07911593652733016,underresolved
100,0.07254601388483882,12.751299159238549,0.0003776502281071461,0.0,1.0,indeterminate
101,1.1830730365667392,7.934350644459267,0.4419645275116132,0.44119130193910555,0.44246049190383474,underresolved
102,1.1148039284849263,0.06459435943736722,0.026589100343305937,0.0,0.10238574987628872,underresolved
103,21.964605655754664,0.34243044880547957,0.32295842745120934,0.31936063486808064,0.3263354925103194,underresolved
104,0.40076098177918545,7.265692599548464,0.050997897408642,0.04366231964182171,0.05723955222383914,underresolved
105,6.0849885423865775,0.7657068153945483,0.5841288197267737,0.583328840190027,0.5848936319608993,underresolved
106,4.461881590567734,30.99478489830015,0.9286400269073843,0.9285112284974346,0.928823152665381,resolved
107,0.205217762313549,0.21304914409030418,0.0016928264163865601,0.0,0.05608100824820245,underresolved
108,0.04738644463879964,4.284780603226322,0.00010327245018885097,0.0,1.0,indeterminate
109,0.21371945922713495,0.6547823885519504,0.005001000251424764,0.0,0.03152187503001624,underresolved
110,4.42389868696499,22.736491041265907,0.9270786375013997,0.9268593417202252,0.9271726816935537,resolved
111,13.177195834217232,0.1070759664411716,0.1055542115620506,0.0,0.11783728395419114,underresolved
112,8.359094347211515,0.05787384453983295,0.05655868348718065,0.0,0.11245084229656445,underresolved
113,0.061806517473805445,0.1957553174876569,4.509900426238592e-05,0.0,1.0,indeterminate
114,0.04013004155551438,0.15653328544384562,9.97035749939702e-06,0.0,1.0,indeterminate
115,5.892420037254187,1.0701910768260445,0.7001951948382934,0.6998566899454396,0.7007779072098805,underresolved
116,3.3552809229457057,2.3844893993008545,0.8116729199174144,0.8114984637736661,0.8119644834219412,underresolved
117,0.46703886559359087,4.673769955311006,0.07409709556486162,0.0725106523166869,0.08230599495167193,underresolved
118,0.08890755180916383,0.0478161319075873,3.317151982347039e-05,0.0,1.0,indeterminate
119,14.72603714306744,28.860432196371363,0.9925270008293672,0.9923978845158614,0.9926691670657019,resolved
120,0.9088182790910603,0.17869112765349832,0.053514979421944144,0.033678725633525676,0.06367643297338517,underresolved
121,0.16587065107288387,0.05628313533170749,0.00024621760723824863,0.0,1.0,indeterminate
122,8.590135432255435,0.08062754648245256,0.07876030656020215,0.0,0.12042432688545857,underresolved
123,14.631062579770015,0.16776100766901925,0.16429639623809236,0.13869676330634667,0.16925294164477217,underresolved
124,1.444581082292105,0.032908315319818915,0.01828228974259389,0.0,0.14790107015148812,underresolved
125,0.11652796225979002,4.433487694981431,0.0015126155462722142,0.0,0.13757150345859784,underresolved
126,0.042135991343179614,0.1242121187543285,9.196939729817514e-06,0.0,1.0,indeterminate
127,8.770356017518937,0.2658093691823687,0.2519596471727438,0.2480748973742012,0.2594639281253328,underresolved
128,0.2971530235228669,6.292262300327795,0.022824492873199327,0.0035038503479504894,0.025314440368178745,underresolved
129,0.6029264884645567,2.134508309112691,0.12465579535818029,0.12423860014287755,0.1299050499918742,underresolved
130,0.22381212589103014,0.6980371715288065,0.0059634227174235116,0.0,0.016365072458581813,underresolved
131,12.112542369111685,0.2783156608545411,0.265406762889865,0.25990441337880044,0.27039902909760727,underresolved
132,2.137610904250251,1.132110493642848,0.5569774993530846,0.5564155328909294,0.5574719472686278,underresolved
133,0.042353961810229226,0.09422345287922465,7.108111825677e-06,0.0,1.0,indeterminate
134,3.5405523604407048,0.13516263397797923,0.1193785990352972,0.08316313652755462,0.1320603035555001,underresolved
135,4.48217591845259,20.816174854347928,0.9286548436105228,0.9285795854170633,0.928891889754335,resolved
136,1.2251381732130138,5.798326174456335,0.45817311992198184,0.45771204334698884,0.45890541616268316,underresolved
137,8.40697716669973,0.6373023531385101,0.5262310849286795,0.5260928267756989,0.5282364686753374,underresolved
138,0.7478191332362565,0.09856437092504217,0.02106898261916064,0.0,0.05723701740686346,underresolved
139,0.17649371424707247,7.75273046238631,0.005207410997308609,0.0,0.08050015172873518,underresolved
140,0.941358762628626,0.22928185211674518,0.07196861364753578,0.060981367467481735,0.07868396559209598,underresolved
141,5.224767664376112,0.7159003086131233,0.551525697395613,0.5507028866867707,0.5524693404934486,underresolved
142,0.6931173268533132,0.32117038356388516,0.05652813524891547,0.05176244748285618,0.06325904349851043,underresolved
143,0.26724754346876956,5.319283550941857,0.016914486668611717,0.008245264740671138,0.04250451947956797,underresolved
144,0.34905995630426956,8.489263793895947,0.03554754887672127,0.028715695236334632,0.047193464075104614,underresolved
145,7.277503463399221,0.13008283237030654,0.12542692713956555,0.10956743025359686,0.1545036061700665,underresolved
146,5.632643204146277,19.76105903138585,0.9532979211018784,0.9532433841744943,0.953539021145469,resolved
147,0.21460482527267252,0.6264490249586964,0.0049043817679094446,0.0,0.08384322162118392,underresolved
148,0.09904195664920086,0.16026555771244108,0.00015150667472160883,0.0,1.0,indeterminate
149,0.17930434239306395,0.3335035347597478,0.0017392326648954677,0.0,0.21330998026141798,underresolved
150,0.2035681964066394,17.675975683204534,0.007924730541014077,0.0,0.050845173429563566,underresolved
151,0.041441222616021366,3.6338928353862707,6.844294016934891e-05,0.0,1.0,indeterminate
152,2.6842687485051866,4.401372139596273,0.8024293954574602,0.8023713743442459,0.8028070037574446,underresolved
153,6.035024967559354,9.874925622500522,0.9552993442921519,0.9550917760978748,0.9553887186639397,resolved
154,0.6265832328714248,0.26779532854887356,0.038721942401230995,0.03158862878781978,0.047710669070854125,underresolved
155,0.12460658012733104,2.612689776863229,0.0017656298736113672,0.0,0.36822541332489295,underresolved
156,7.638365040202427,1.7896254476017706,0.8509892701174826,0.8507230922220844,0.8512171880349982,underresolved
157,3.205848091519845,0.8660512144663114,0.5695485680793216,0.5687996120195165,0.5701425014402124,underresolved
158,1.3725675923542902,0.03524329478747543,0.01859638113543504,0.0,0.1011918808524651,underresolved
159,31.542342530403236,2.343698107483825,0.9183900639758835,0.9181972468881617,0.9185859102277124,resolved
160,0.2747372236536584,0.17971252070210433,0.003288703866055993,0.0,0.013167837455052614,underresolved
161,1.5494690497296646,1.800133646173441,0.5185180177945203,0.5179086599976097,0.5188889598449533,underresolved
162,0.21305246208201808,4.39790443042495,0.008822566514723188,0.003712244122242217,0.07264383490421973,underresolved
163,0.034293984134474174,16.54021922763342,4.0187949796331116e-05,0.0,1.0,indeterminate
164,2.3808126716439966,14.737356616308347,0.7819131224108037,0.7817641864127048,0.7822126338357691,underresolved
165,0.04074725888293346,0.07847317495994044,5.279619227097644e-06,0.0,1.0,indeterminate
166,9.866253165257305,10.713922093121052,0.9805243384896059,0.9804420088819363,0.9807228929767188,resolved
167,2.576520444889146,2.782288363460817,0.7624487493373772,0.7622205168880501,0.7627212861498174,underresolved
168,0.30589825814247534,9.21614268704527,0.024883832706810737,0.010383330710583547,0.03332020533096553,underresolved
169,13.213915454075165,0.11529554013485806,0.11355982802275141,0.09720303874463856,0.15200784713307008,underresolved
170,2.9202663657796313,2.600004372676309,0.790333499712779,0.7900259462950893,0.7905026314107112,underresolved
171,0.11471065237527732,19.76751142124141,0.001478223614899954,0.0,0.1994159945345352,underresolved
172,0.13410256042247398,0.12462749489342285,0.0002903803070050108,0.0,1.0,indeterminate
173,1.1479883629356717,0.4232560265420656,0.16710760704407002,0.1644486672500281,0.17011680626759149,underresolved
174,0.26428760085574293,0.06649476592696435,0.0011068193309411974,0.0,0.1460456497545278,underresolved
175,11.929473411981828,0.06284519107695488,0.062066116435627525,0.0,0.07982543708884225,underresolved
176,0.12356924594541631,6.958436390815893,0.0018256615879034867,0.0,0.21819268931432825,underresolved
177,0.39600231176694456,0.5044971885182666,0.022481024863193304,0.014347471252271407,0.031020556898665272,underresolved
178,1.053083791468414,28.960767204906247,0.38108307070667363,0.38067933906398455,0.3822773953355898,underresolved
179,0.06734144725024635,0.41153657451542636,0.00011543398697474158,0.0,1.0,indeterminate
180,3.001630958375604,0.2159785186360059,0.18027895894699167,0.16995963352419732,0.1875170486057359,underresolved
181,1.050614584214894,0.06172819752588472,0.023414459747730373,0.0,0.09486323109841777,underresolved
182,14.91994493235321,1.3715062546461747,0.8026090462465809,0.8022836402563119,0.8029270269714477,underresolved
183,0.5524585273163184,1.6158929660087227,0.09615468963717293,0.09169572835550183,0.09865015056840194,underresolved
184,0.31515557528431737,1.341587805430263,0.02177399413689064,0.01796703065080011,0.04240762256291003,underresolved
185,0.09507249481911588,0.14664276802477627,0.0001230108665452105,0.0,1.0,indeterminate
186,0.09620887619292036,2.5325357189339153,0.0008169214631192927,0.0,0.9867791143081408,indeterminate
187,0.053718426958388604,5.020125735571357,0.00015137107430481352,0.0,1.0,indeterminate
188,0.19867191651327645,0.06046302121647047,0.00044656905122840727,0.0,0.8841189985388206,underresolved
189,20.87766394739637,31.376072276295375,0.9960627380727346,0.9959643103215237,0.99623350578637,resolved
190,0.5155816688569813,4.471546105465012,0.09391496527661403,0.08993969628132903,0.09778741119074937,underresolved
191,22.693791832670236,3.7960008432570365,0.9641988584790308,0.9641103744545284,0.9644235458009592,resolved
192,10.753049904624765,1.2388599945089962,0.7681444233839572,0.7677670136173453,0.7685033864475315,underresolved
193,0.7445936766678998,0.4008471769405311,0.07925532342085803,0.0758147994280374,0.08414101327680557,underresolved
194,2.8432051614559226,0.03311753672031577,0.02778702995154114,0.0,0.19211780901761674,underresolved
195,0.35251918169337976,7.830697230172949,0.03645270815075802,0.025211146356219565,0.042775915723404945,underresolved
196,0.047954289658664086,0.04634801205912224,5.0880479019791365e-06,0.0,1.0,indeterminate
197,1.7622451136006125,0.5288648946304252,0.3075669016650996,0.3065112020761662,0.3098909720855245,underresolved
198,4.821586015840529,6.56009057926771,0.9280599540328762,0.9278842330246588,0.9282036387722278,resolved
199,1.6174414701414748,0.8373974846423222,0.39506775359706614,0.3945435435993515,0.396318847715415,underresolved
200,2.1770584214359054,0.053398701045211674,0.04001309019971576,0.0,0.10051048755640668,underresolved
201,0.05075827954495024,0.35577041282170996,4.366512420582037e-05,0.0,1.0,indeterminate
202,0.5016865422004418,8.393342806805274,0.08953478675085881,0.0870570635220321,0.09538426339042212,underresolved
203,8.667182968041573,0.08522437793285073,0.08324871981744424,0.0,0.11365456269210245,underresolved
204,6.703442662845841,0.07419219804908017,0.07158600580130994,0.0,0.1158951534529799,underresolved
205,0.41880556972509764,0.04697068040207083,0.002704631898792489,0.0,0.1331011800263677,underresolved
206,13.116769051677164,2.825236119511235,0.934531219982724,0.9343526579570292,0.9347064942698105,resolved
207,4.556682132672163,6.953524696027501,0.9223851834265427,0.9221912902617727,0.9225138517022493,resolved
208,21.719394846392415,6.332847964130232,0.9846285719283163,0.984502219466548,0.9847865592167712,resolved
209,0.03728726019738864,0.061955634829782946,3.1990808115797076e-06,0.0,1.0,indeterminate
210,4.382884301502806,0.05646885760945484,0.05224668143793956,0.0,0.08012601629458119,underresolved
211,0.0498684718810635,1.9710064837995003,0.00011018484003639395,0.0,1.0,indeterminate
212,0.06690740633498012,8.92438197530165,0.0002956673501969487,0.0,1.0,indeterminate
213,0.06336326883343649,4.826569414291343,0.00024761427841683294,0.0,1.0,indeterminate
214,20.339911566611658,0.17458066572445238,0.1713578367043409,0.15521636717087564,0.1820562552207734,underresolved
215,18.72246369963056,0.7907364196447122,0.6176095092150896,0.6170035393202701,0.6184638177980594,underresolved
216,0.09555741959509877,0.053425878115910416,4.592027924922072e-05,0.0,1.0,indeterminate
217,0.4119940055085889,0.12403587403149657,0.006804107463746746,0.0,0.05444038341985209,underresolved
218,0.3520026347327739,1.1630082748476793,0.027755731990379773,0.021349052044423666,0.040099178957269076,underresolved
219,2.54284655602618,0.2595643949079699,0.2024927008528573,0.19670980107791528,0.20885862033797478,underresolved
220,0.16874965584489007,19.157006559278276,0.004600936827521893,0.0,0.011337546269328813,underresolved
221,12.98270040382445,0.09249492446586217,0.09128816922727556,0.04973603426781601,0.13980671759284677,underresolved
222,0.20308563634276633,1.6417541718820983,0.0067326949716205835,0.0,0.05609683211568769,underresolved
223,7.975852461896485,0.08614546364228373,0.0838428543795115,0.0,0.11966030516208812,underresolved
224,0.48942561735722223,2.940202080309029,0.08042692276696335,0.07492127728616899,0.0837669443409007,underresolved
225,3.3210739449256965,0.5056703750099936,0.39617462664446984,0.3947018162650932,0.3980694802993311,underresolved
226,14.511883255219905,0.5498058042434428,0.4783767264347585,0.47697692842029377,0.47978867860920454,underresolved
227,0.5115455646489966,2.1597011955066785,0.08571363610862442,0.08022857574379008,0.08830710250546984,underresolved
228,23.71537155668534,17.331592595007898,0.995682891473896,0.9955059323129393,0.995776217866968,resolved
229,1.4011726337658446,19.709494731796177,0.5385878970314096,0.5383857264600637,0.5393009660814974,underresolved
230,0.03856295451220221,0.058905284281748065,3.364689213378363e-06,0.0,1.0,indeterminate
231,5.322211559522329,0.8829653978739295,0.628315340117828,0.6278386107164721,0.6290809589809119,underresolved
232,0.25465655242940033,9.109264118236307,0.014939314736354781,0.0,0.01891742973397448,underresolved
233,6.43563895450698,17.27203057438548,0.963233379183956,0.9631187144437711,0.9634082691774203,resolved
234,0.48311752354650067,0.03859444597610983,0.0031747001814392863,0.0,0.13343971225463555,underresolved
235,0.03339841944662647,1.3203905553681659,2.964878265459724e-05,0.0,1.0,indeterminate
236,26.832413928245018,0.04449336901879929,0.04435694827370439,0.0,0.16034797822813981,underresolved
237,4.661487978679712,0.17010469017424268,0.15675158011478188,0.1389661116585114,0.16746857063973253,underresolved
238,0.41790401248394854,0.27199082942505926,0.015046196228782331,0.005348981647995645,0.0332984681334396,underresolved
239,0.5260185221831886,0.1887312160535676,0.018711808353400524,0.0,0.03204518303335596,underresolved
240,0.08676322732842844,1.157803948288743,0.0004887663259221334,0.0,1.0,indeterminate
241,0.13751328306044644,3.7448572413535675,0.0024427183554037663,0.0,0.1082117173934785,underresolved
242,0.2984915419002923,0.782766353821795,0.014422759556510364,0.005292872177889492,0.0326548711423201,underresolved
243,0.505272636140373,14.721364359230762,0.09150738474756853,0.08890267463607232,0.09709933247684598,underresolved
244,2.4188213513481527,0.6826274653459735,0.44496818927449905,0.44383907245783105,0.4458994148392211,underresolved
245,21.085484464416297,0.4607652287796086,0.41707122614016207,0.41465861817462796,0.41858650123966296,underresolved
246,5.551700049604775,1.2920765250293955,0.7538344594291527,0.7533540699815093,0.7540720830644394,underresolved
247,0.681443646576992,0.06332252615118258,0.011285086732338164,0.0,0.06210973903156356,underresolved
248,6.284670363054833,1.3547558570969067,0.7749409136210954,0.7746270036779427,0.7752980011378325,underresolved
249,0.2688650780973578,4.973160242103896,0.017160451828621304,0.0,0.022980189284896174,underresolved
250,0.05792702556544524,0.557093185887125,9.412286325352615e-05,0.0,1.0,indeterminate
251,29.77795945492221,2.5303416947077215,0.9284359150714522,0.928257026163885,0.9286279698080652,resolved
252,0.7557908103502013,0.07303833111253065,0.015967795212768653,0.0,0.056701731518263514,underresolved
253,23.144065840043353,0.5412501281203383,0.47467003838723937,0.4726983820417577,0.47559368346145864,underresolved
254,1.1237423834865425,0.36997264478138747,0.14465859920961452,0.14031512882834096,0.14747716716286308,underresolved
255,0.061094713431918954,1.6882177207195785,0.00019510909075294038,0.0,1.0,indeterminate
256,5.979191644660382,6.7782158255455,0.9491892129913047,0.9490502255523712,0.9493549717872927,resolved
257,0.18571899999636024,3.8909133290971982,0.005896428781801161,0.0,0.0890254556456444,underresolved
258,14.512912359000278,0.040478419608898274,0.04015896007547868,0.0,0.10722153828495765,underresolved
259,10.692338168780148,1.1739828862573924,0.7513823384436478,0.7510238251075511,0.7518156823939894,underresolved
260,1.168098352823262,0.22995590483612174,0.09824199705167337,0.09275006998228247,0.10859865874260767,underresolved
261,0.37427386381728633,0.14955100234964724,0.006370172861953253,0.0,0.04742643445298471,underresolved
262,8.89543186612429,20.94597169162497,0.9802221773150797,0.9801146617615649,0.9803934799722096,resolved
263,0.1777109793362388,0.04495954430420743,0.00024058639701639162,0.0,1.0,indeterminate
264,0.6096448245288765,15.723226622271644,0.14076061072248805,0.13606209433505148,0.14144180072520798,underresolved
265,5.110876976500568,1.1706567927348206,0.7186899303285942,0.7182585208500671,0.7190797580121803,underresolved
266,0.08485019233498263,7.46162250649437,0.0005989900518437705,0.0,0.8015928306518443,underresolved
267,1.319727540131037,13.21489869062749,0.5048793512625109,0.5045969483195029,0.5056194435292727,underresolved
268,10.453380542031441,2.6037538593625564,0.9208494954166312,0.9206455457256315,0.9210174293684028,resolved
269,0.06631769262981263,31.275976240731445,0.00028960600581776704,0.0,1.0,indeterminate
270,4.201366079477761,0.6327273491411761,0.4922673005829664,0.49110064531393416,0.4933168069506813,underresolved
271,0.033519381758750924,0.18379757412030207,6.796445996154425e-06,0.0,1.0,indeterminate
272,0.4147157417328491,7.563800247657956,0.05573184509544932,0.04796530524424494,0.06051158099482097,underresolved
273,3.151172377415031,0.10194704909218809,0.08782585887291443,0.0553817541124005,0.12891267452934327,underresolved
274,2.792879775035936,0.07573267895922638,0.06301747863854033,0.0,0.10156504935140627,underresolved
275,0.05475826469825992,3.525007909139599,0.00015724996731083352,0.0,1.0,indeterminate
276,0.04152300945860622,0.5315661911255753,3.3516781382745395e-05,0.0,1.0,indeterminate
277,0.1311568407123688,0.03980288602222793,8.746469240285176e-05,0.0,1.0,indeterminate
278,0.033301578186915676,0.23415972444494113,8.406073892072874e-06,0.0,1.0,indeterminate
279,0.33620756440731764,2.5838203139995457,0.03018214648275039,0.01624837512575793,0.03532241833453483,underresolved
280,0.5347802113540421,29.529458638709876,0.10481435821739106,0.09991365707401564,0.10707839580887403,underresolved
281,16.57079238960893,0.5466100747661383,0.4770251854068041,0.47464899551799905,0.47749680700679736,underresolved
282,0.47905769981747215,0.4153794773577573,0.030935264085155244,0.0215976552707202,0.03478878940796989,underresolved
283,0.8277743897677721,1.637073573463996,0.22125772933014834,0.21951158667087387,0.2224706944297614,underresolved
284,5.305814153945973,9.402237817950763,0.9436664416928668,0.9436271755512169,0.9439319801966225,resolved
285,18.981284465321743,3.1145977979890116,0.9481780121027163,0.9479881832349548,0.948324540387398,resolved
286,0.1408808263557839,0.12146473821290965,0.0003273578633415152,0.0,1.0,indeterminate
287,9.687666679158571,15.482759637754834,0.9821809555604984,0.9820134032713096,0.9822917404633411,resolved
288,4.599170624710361,8.496760215330527,0.9266614742820992,0.9264879726662966,0.9268053159560444,resolved
289,0.2969048960690772,21.331763231877787,0.023032482217393624,0.014705553590856164,0.04115255975562865,underresolved
290,0.6500777719661455,10.46256110505917,0.16117457379649083,0.1608745327687508,0.1655338238143809,underresolved
291,5.338303673758387,21.243233427895834,0.9485312952151622,0.9483921225650093,0.9486908047167083,resolved
292,1.6586468171684619,4.571864622002104,0.6135842395233543,0.6131906964766949,0.6139134383988145,underresolved
293,0.07529020932855136,3.9688304440870996,0.000410362220178575,0.0,1.0,indeterminate
294,8.917032891863546,0.14741113677123907,0.14312663384845561,0.12882261075454568,0.16480289661685923,underresolved
295,0.9632675817255258,1.413833343960177,0.27260560185490784,0.27088144806504905,0.2731663698419901,underresolved
296,0.10985326809299242,0.1349495075021736,0.00017413132492176826,0.0,1.0,indeterminate
297,1.1583419501836045,0.1530365611724592,0.06560940210016492,0.016145025253112462,0.06943458238229637,underresolved
298,30.781198898934647,0.04493306967773483,0.044816808602956185,0.0,0.1276127424269,underresolved
299,1.4963691464593936,0.11460471243686021,0.06544018709482145,0.0,0.08376929175769282,underresolved
300,0.5901216104675072,0.7473541308480388,0.07858501869809166,0.07463516292926525,0.0817595682755236,underresolved
301,12.581094684440936,5.876731189369873,0.9765602338848892,0.9763188144468505,0.976609350028133,resolved
302,0.32300565809676285,3.747020496977318,0.02805694114368366,0.018995207262913816,0.04076656436818522,underresolved
303,0.06905191795056553,0.09977014380206074,3.2454746412585295e-05,0.0,1.0,indeterminate
304,0.15486371219185477,0.26561625228123126,0.0009201545658722651,0.0,0.9642737945924156,indeterminate
305,0.0482649648852197,29.362264563737995,0.00011197691212348052,0.0,1.0,indeterminate
306,0.8285829032466848,19.14187310236124,0.25936859592179856,0.25836860310355325,0.2610667710404005,underresolved
307,0.2350625687755628,7.055288075208075,0.011863026947371506,0.0,0.024808114128016406,underresolved
308,6.839052222664232,1.9382729841113737,0.8609378359342676,0.8606296429863928,0.861094859881328,underresolved
309,0.5527946563481209,0.04551009504211214,0.005148062025754376,0.0,0.05703978920189383,underresolved
310,0.053635368726867014,0.07080499490583139,1.0850767216072553e-05,0.0,1.0,indeterminate
311,3.7768685736881156,0.3038226952087524,0.2626087974709317,0.260996112346573,0.26976622719473375,underresolved
312,0.2563764055101234,9.111865256679518,0.015225244915907174,0.006455805183580622,0.044759501249450315,underresolved
313,7.00311980178302,0.0395790941845501,0.038368663711935286,0.0,0.08934197205595555,underresolved
314,3.950019232749064,4.169678384557304,0.8859063065596713,0.8857491052534532,0.8861107217791773,underresolved
315,2.4216959590016467,1.2303201883256578,0.6127698771960498,0.6123405566748659,0.613248572680364,underresolved
316,1.5378010563956241,2.5534743787650984,0.5486195398176563,0.5480385463242117,0.5489195678079957,underresolved
317,0.6497699123898448,0.6467784177812054,0.08784264443810982,0.08556609767217878,0.09205701823550914,underresolved
318,0.32003812214949745,0.9535088474938067,0.01954264325567854,0.006190387242088716,0.02762596794704773,underresolved
319,21.479427075788067,0.15140506646545018,0.14921358820275135,0.1302561915775158,0.16562766115621097,underresolved
320,1.7725652174723012,4.889827237684321,0.6472865381570475,0.6470413860291823,0.6476961906456031,underresolved
321,0.8867454283867848,0.45670451340599993,0.12132678541660451,0.11881944220246662,0.12487479238081926,underresolved
322,0.9021301314807478,0.034359611347819195,0.010320519942247773,0.0,0.10062439029941095,underresolved
323,0.2824943627414632,0.03894187587613736,0.0007818084208284627,0.0,0.039894885607798365,underresolved
324,3.9962125759287423,0.041520938462885695,0.03787276817570757,0.0,0.15468082639597278,underresolved
325,0.5291326916466762,1.088134532583363,0.07532530762038421,0.07182917218082631,0.07981169829908855,underresolved
326,0.616541681194257,0.13746275998430582,0.01968477526700805,0.0,0.047876840535187724,underresolved
327,4.415711957588582,0.5195797916049182,0.42773559302604947,0.4264627983192794,0.4296255499654814,underresolved
328,24.490721101593717,0.6300732588920351,0.531751639849399,0.5306749267410185,0.5328581255964088,underresolved
329,0.06381016675542701,0.19198694617167197,4.8689394864643953e-05,0.0,1.0,indeterminate
330,2.2536613104992687,2.1485475346234777,0.6923734047031237,0.692186689213862,0.6928018719536807,underresolved
331,14.982842715745164,14.115590059440583,0.9908716777638173,0.9907094288517004,0.9909830153860858,resolved
332,3.53755607302847,0.11056989706581542,0.09793044909223471,0.07042807944848375,0.13344059190834978,underresolved
333,24.60427538634639,0.10319197355722963,0.1023930821760512,0.0,0.10976872412430703,underresolved
334,0.03553686476922956,0.05951902392296706,2.661356629174419e-06,0.0,1.0,indeterminate
335,8.055547027022678,12.74920642380899,0.9743294494132688,0.9742417057293019,0.974525378884381,resolved
336,0.07143325961518059,0.8606673056744227,0.00023596797468363695,0.0,1.0,indeterminate
337,0.794398037535352,8.050118315093787,0.23882570618187046,0.23770786765992127,0.24068058034130022,underresolved
338,0.10492257172161103,25.94585212204352,0.0011354083537581962,0.0,0.31853093776704194,underresolved
339,6.244977373453132,2.495932235634592,0.8936760863713388,0.8933934361577757,0.893788560126222,underresolved
340,0.9644132799447062,0.07662991405667376,0.025559311385384354,0.0,0.06649680530443061,underresolved
341,0.19624909153827463,22.04676282318075,0.007134414292470143,0.0,0.06290009497763521,underresolved
342,29.876095232856677,19.842561655340287,0.9970564571207601,0.9969854382694318,0.9972546498354105,resolved
343,0.11759346791391932,0.26838646373028924,0.00041291428256874825,0.0,0.9349098473990506,indeterminate
344,22.088307349146564,0.09078005869704824,0.09013105013474834,0.08121472083743013,0.15499155096950956,underresolved
345,0.11020176105505235,0.5513676355304871,0.0006346047252475439,0.0,0.5707474688001317,underresolved
346,0.813121854760668,1.796885993399028,0.21941124827934788,0.21863502641846574,0.22165504567383207,underresolved
347,24.627911022784495,5.125879513263244,0.9790744523731015,0.9788804605757314,0.9791729333512696,resolved
348,0.06764706333465002,29.25772845948896,0.0003072692078674912,0.0,1.0,indeterminate
349,0.08141612719066213,0.0322209991883781,1.7208424527809972e-05,0.0,1.0,indeterminate
350,20.381906702814184,0.6301760060745599,0.5312249561689659,0.5302405267034499,0.5324224602766531,underresolved
351,0.06820716244893855,2.6016673661780416,0.00029413362350596075,0.0,1.0,indeterminate
352,0.6277985275243662,0.11832539660837157,0.01766299331675309,0.0,0.05459141475617754,underresolved
353,0.1588255609104866,0.13027525734631076,0.0004985854202321645,0.0,0.8081960097192367,underresolved
354,3.1493157078681557,1.0469052480854766,0.6260850020117882,0.6255753200442707,0.626596871496771,underresolved
355,22.352727428586363,4.248692871298148,0.9704864673960173,0.9702634493292633,0.9705675542738849,resolved
356,0.20593403579872302,0.32251911516845305,0.0025188049613824176,0.0,0.020320872989152295,underresolved
357,0.16632808415455602,0.5186387580548151,0.0020335549512304823,0.0,0.08743073315386059,underresolved
358,4.056490540018522,0.11277774474250199,0.10257612232021704,0.07717960055678974,0.13729103320324731,underresolved
359,0.5175374568795128,0.05272309228599282,0.005112392760621191,0.0,0.08889766859160807,underresolved
360,0.14100014859874166,2.1406960269196773,0.0024658802271956,0.0,0.16085205745197612,underresolved
361,3.3837916278424887,4.705639735354527,0.8627060300377144,0.8626033380281406,0.8629799568593243,underresolved
362,4.169517431159337,22.457689077428995,0.9186206701532053,0.918433437955544,0.9187529225305331,resolved
363,4.285605608127062,0.3076127091764812,0.2715402527902834,0.2695886951469259,0.27815261673052377,underresolved
364,2.679142400299904,0.4447206529326492,0.3341425314809533,0.33244371756087404,0.3367696689456474,underresolved
365,1.8924434137228916,1.2929863483771098,0.5467269476391963,0.5461630437584414,0.547160422308827,underresolved
366,5.742916687040564,0.17905596820599312,0.1685301701929759,0.15594670125914004,0.1810907083888488,underresolved
367,0.19581501623792144,10.980894437152271,0.007066965384124759,0.0,0.08110360204201955,underresolved
368,1.5101114922421979,9.263503815443938,0.5762536471493342,0.5756992851228863,0.5765102646442385,underresolved
369,17.11561616714272,0.17831624440779398,0.17465211883389117,0.1631117020970043,0.18825953989236577,underresolved
370,0.24674523749398164,9.435762337633424,0.013671609046014029,0.0008067415424182298,0.038212531619949086,underresolved
371,12.865209903996396,2.7170716191497295,0.9300168833396787,0.9297335345151403,0.9300945873429954,resolved
372,1.2256168934978733,8.196699859271643,0.4617314198750031,0.46141589971696556,0.46259857258156656,underresolved
373,2.7327750527231505,2.450052896899607,0.7667904005774245,0.7665677928193659,0.7670754007700623,underresolved
374,2.405471601268622,1.8841632355864522,0.6954424016485484,0.6952174487944568,0.6958497496092103,underresolved
375,0.06208840225800129,1.0975766347177223,0.00017590881748169647,0.0,1.0,indeterminate
376,0.12113140808633346,0.08269271642265653,0.00014330742703715148,0.0,1.0,indeterminate
377,0.03173588043157257,0.04512993867258654,1.4388608654517736e-06,0.0,1.0,indeterminate
378,0.826586079693582,22.87967464532247,0.2583622260019984,0.25719089038132614,0.2599033240051569,underresolved
379,5.714966704286673,0.7612165958354574,0.578907016671326,0.5782023827665967,0.5797859431066625,underresolved
380,0.08833001683770222,0.5805037227587868,0.0003419824372284417,0.0,1.0,indeterminate
381,15.997348467828402,0.19209563836940718,0.18754622878921645,0.1733896336201811,0.19557477366432868,underresolved
382,1.7741607511291302,0.19264451664341758,0.12506050017017584,0.12088037221217997,0.14190629183471626,underresolved
383,2.0277170515522513,15.564493346189026,0.71992557929079,0.7196370288861335,0.7201674135288261,underresolved
384,19.870104162956544,2.312478469954431,0.9143795894991085,0.9141550509302745,0.9145484421486293,resolved
385,30.449613097014044,13.447188974864202,0.9956351569644515,0.9955065863803297,0.9957776399174257,resolved
386,0.14445575402865632,1.7306894668362631,0.0025304380197000223,0.0,0.0245192887414682,underresolved
387,0.04383475790034522,0.9403601312717895,5.7534337396775864e-05,0.0,1.0,indeterminate
388,9.245000496192922,3.1605161296035464,0.9369232533480718,0.936695231671649,0.9370371999354915,resolved
389,0.7950811054277502,0.53798670879463,0.11419979497777447,0.11184208731383859,0.11744921006850813,underresolved
390,0.31452111454973564,3.798666238953606,0.02611850287140292,0.01618832365977278,0.038990833733233844,underresolved
391,8.283266951164439,16.768866378723928,0.9767943982604284,0.9766480598453117,0.9769293538263076,resolved
392,0.31119332988098514,5.559975173336782,0.02582034173646656,0.012203835407469357,0.03472487674499769,underresolved
393,28.21404496105452,6.698472051926323,0.9871786805013166,0.98709247147906,0.9873743783499879,resolved
394,0.05792288016457076,0.076334312985289,1.4717249426277333e-05,0.0,1.0,indeterminate
395,0.22705547802116413,3.4414880633199623,0.010424309284160684,0.0006110515624040045,0.050774411366554924,underresolved
396,4.07375452184849,0.1565759232752059,0.1416930812577143,0.11388285169676961,0.1493077604788271,underresolved
397,0.17757708753963367,1.9786086819601831,0.004770222222223181,0.0,0.0641274968416421,underresolved
398,2.1017714914195547,14.29269736902191,0.7345215261580649,0.7341528059077634,0.734662352292484,underresolved
399,0.05529417176473596,1.8359069434461242,0.0001477854801367124,0.0,1.0,indeterminate
400,1.4460806948986427,0.034768657676798216,0.019334065191197475,0.0,0.13378857810468883,underresolved
401,0.40806563041066113,0.031743664916037834,0.0017111634606479839,0.0,0.04829275212978832,underresolved
402,1.5024536041877914,0.04763120117874397,0.027447490768220423,0.0,0.10718566947888274,underresolved
403,1.9534960972155062,10.40300603970793,0.7020867347623255,0.7020044293278322,0.7025623592397139,underresolved
404,7.132200047674887,1.529840470039881,0.8129502068938376,0.8127402855178895,0.8133197579254864,underresolved
405,0.3498785701279704,0.04254576781006617,0.0015310362782429828,0.0,0.11782723456551371,underresolved
406,0.13826667145803925,0.3106606236298121,0.0007622473652095224,0.0,0.8394808005366026,underresolved
407,0.07087676953694073,0.28868623971483126,9.801468621527909e-05,0.0,1.0,indeterminate
408,14.865750170680633,4.787872556801642,0.9722702935895856,0.9721087137567732,0.9724072200257506,resolved
409,0.4385365258019895,0.8102690858072917,0.04078120235955494,0.03085102846908087,0.04286505540571566,underresolved
410,19.28261791601236,0.05626345817160144,0.05594875478076038,0.0,0.13888161438723523,underresolved
411,0.07291565698681116,16.751362936120493,0.0003839154318106358,0.0,1.0,indeterminate
412,1.2780727340999587,2.5940607760138676,0.4558147873364494,0.45556173495254826,0.45674209082295714,underresolved
413,13.906535846923704,0.3790399075277099,0.35170173100823665,0.34755306920732837,0.35329858504630124,underresolved
414,2.380253041097426,0.050813524868159606,0.0397676051196674,0.0,0.14717403395796977,underresolved
415,1.208815675039749,3.24005071225307,0.4371118095479344,0.43638923558578946,0.4376572309932581,underresolved
416,0.9373834845237513,0.03945433685260369,0.012610344782149167,0.0,0.1029331689825868,underresolved
417,0.03957067071946943,14.156404017121714,6.16623576858882e-05,0.0,1.0,indeterminate
418,0.034223726544665885,1.0989936979937525,2.9596198371814583e-05,0.0,1.0,indeterminate
419,3.7470812024310836,6.631948773283972,0.8918647527170123,0.8915931722936088,0.8919392347382589,underresolved
420,1.9429595643198714,0.5576726118789549,0.34237091917038137,0.341048946475645,0.34407100202146246,underresolved
421,0.7664887048030583,5.019822660654046,0.22079733278737826,0.22065223832663478,0.22388686933207608,underresolved
422,0.10577052002942827,3.978447538218086,0.0011286083225080072,0.0,0.3066850010591439,underresolved
423,2.9203202239145996,30.135833420292116,0.8463136743346765,0.8461569073002816,0.8465365020313966,underresolved
424,0.6544425234699152,0.6705495715050612,0.09145110298539313,0.08896880061580355,0.09524438341469368,underresolved
425,0.5185686403458967,2.4414714992622795,0.09028037727408375,0.08626063657539035,0.09409542189991461,underresolved
426,0.31797007569370694,30.868059446043606,0.027809161296033714,0.021030057756132474,0.04377242496106197,underresolved
427,1.0038741213982783,11.52648701490641,0.3542751882363524,0.35329268436711087,0.3550673360006606,underresolved
428,0.09202432762074364,0.09370283540696286,7.179082117886463e-05,0.0,1.0,indeterminate
429,17.558039251650136,0.299796404555646,0.2857773488240413,0.27979010059821596,0.288884302650925,underresolved
430,10.524186122866288,0.21073477516539596,0.20344434698857364,0.18978926016313288,0.20836085120235248,underresolved
431,19.07394196941375,19.682335804078903,0.9946082606843061,0.9945181966136294,0.9947887758747852,resolved
432,0.1485007948335316,2.37424908113306,0.00292088854395921,0.0,0.07059569194713257,underresolved
433,25.017784420167864,12.888537125641074,0.9946189034299079,0.9945042514394928,0.994776072230743,resolved
434,24.3561008676887,0.03694449147290633,0.03682614768437572,0.0,0.15769032658273943,underresolved
435,0.03876878935301612,4.052996969084586,5.644636416352164e-05,0.0,1.0,indeterminate
436,23.439458441354418,1.937570936394791,0.8862068686691521,0.8859726767369854,0.886421118835662,underresolved
437,4.321465243765138,1.3781963880110464,0.7484694185177407,0.7483028283060476,0.7489861044242941,underresolved
438,27.45363506590674,0.09573813686280262,0.09511301786509102,0.014129202956974013,0.12968808631232218,underresolved
439,2.6874609812089885,4.0458848923834365,0.7991875757418615,0.7988987341389735,0.7993403571700146,underresolved
440,0.04281267440189259,0.6787887368230825,4.395114424393759e-05,0.0,1.0,indeterminate
441,13.849810719724731,1.4229742571932305,0.8118155650871507,0.8115684611081643,0.8121842833921549,underresolved
442,0.7329695574101537,3.3234363374082534,0.19784417873066282,0.1968564341940253,0.200465533412813,underresolved
443,4.196467234817205,0.06102770436169657,0.05607121174128375,0.0,0.13816652148524075,underresolved
444,0.11877088432909505,0.30213490223556366,0.0004745001030691797,0.0,1.0,indeterminate
445,0.15487681774077525,1.9873957387468277,0.003202659552880877,0.0,0.15951718593247033,underresolved
446,2.630179912246472,0.06473013745312707,0.05275265818233969,0.0,0.07207219117994938,underresolved
447,0.04094232957193957,1.3799384889988855,5.543330542304304e-05,0.0,1.0,indeterminate
448,30.5441823985177,0.2501773001438382,0.24230781440709745,0.230996660986261,0.2441960573915855,underresolved
449,0.16446477370463036,0.03537684440684617,0.00015110528032886503,0.0,1.0,indeterminate
450,0.09158638347377891,8.429476010287312,0.0007533841697579462,0.0,0.4771339905535374,underresolved
451,0.38086088700604986,2.0859394078899514,0.040657249559434644,0.037560805375432896,0.05319580714929177,underresolved
452,0.18330332419304185,0.10594190873985249,0.0006174849534548106,0.0,0.8841730424148988,underresolved
453,23.179412702715073,3.565997284953976,0.9601754513572516,0.9600137836610602,0.9603330592860133,resolved
454,16.76325237548883,0.04710445653319544,0.04680223472195432,0.0,0.09167062710529769,underresolved
455,27.47393650679635,0.5641891206354513,0.4904035037444019,0.48808372993541455,0.4907660843035671,underresolved
456,0.07043787096482021,0.056689717988185236,1.9633697421968206e-05,0.0,1.0,indeterminate
457,6.195026655247131,0.39821524799451624,0.35595812958327777,0.3525296014344845,0.35775902474530735,underresolved
458,8.600970209234967,18.475803529989186,0.978628241977328,0.9784780879431085,0.9787580855802503,resolved
459,1.0079688597013468,2.4206569748663522,0.330666075698218,0.329838585408717,0.3317053613133078,underresolved
460,10.169428246845442,0.13263975435328543,0.12960378670389947,0.10703621149328717,0.15261110828920252,underresolved
461,4.416192392525817,1.7851897113497261,0.8094007012411323,0.8092426945155627,0.8097689671946616,underresolved
462,12.475768696895718,1.0642821882328728,0.7218055347999566,0.7213463873154505,0.722255606000907,underresolved
463,0.4349406775922029,19.762220745570097,0.06336756297795153,0.05627775734786874,0.06759325182803946,underresolved
464,11.690792005786761,1.8216253706512466,0.8670670628620031,0.8668709366894707,0.8673488495198723,underresolved
465,0.04448603451765042,0.06217912344004016,5.447406937850075e-06,0.0,1.0,indeterminate
466,7.446146078300456,30.667601163146717,0.9730263983023324,0.9729015051218426,0.9731842560948605,resolved
467,6.524562304041997,8.073749494300193,0.9584471601431193,0.9583272521100792,0.958623867149574,resolved
468,0.08651610708427611,0.35554661727227926,0.0002145263526255253,0.0,1.0,indeterminate
469,6.536407004729774,0.1955273337890129,0.1853483572764689,0.1692960369785459,0.19102332917863155,underresolved
470,1.0059873900425713,9.63009349489802,0.3548160391386627,0.35373942097229505,0.35550855886122923,underresolved
471,0.8846156806066404,5.36723527366909,0.28595198721509657,0.28425780301684034,0.28661377150634626,underresolved
472,10.512695742936419,18.759546979762128,0.9851805810904141,0.9850334112547564,0.9853095119635004,resolved
473,0.09485304322411199,2.218993442271646,0.0007676617837661347,0.0,1.0,indeterminate
474,0.06295499441760463,20.266847416282804,0.00024773408767312375,0.0,1.0,indeterminate
475,29.31295845174891,0.35124827621772114,0.33082174273823306,0.3282734379495332,0.33488433282533175,underresolved
476,7.980213092491941,2.1731105494714575,0.8874471958977422,0.8871852335944571,0.8876071690399235,underresolved
477,0.28956150883259907,30.524194157295486,0.021504941714933914,0.006079220315778823,0.031244578109654246,underresolved
478,7.497118936161756,0.8857597862091061,0.6457448084042583,0.6452167347246229,0.6464371558458303,underresolved
479,1.2118542684903422,0.03770611237302801,0.017289434449423227,0.0,0.10436726341196216,underresolved
480,0.050309615985161885,0.17158885819040942,2.145330668707376e-05,0.0,1.0,indeterminate
481,21.08655059919972,4.054467005555602,0.9676387195710571,0.967497307995532,0.9678051379231246,resolved
482,0.7615796862883112,0.10679522670753074,0.023618275204186787,0.01998656266292561,0.0662775355387048,underresolved
483,9.047361813082619,0.8982627003403537,0.6561889602413801,0.6559103829078042,0.6570982379444158,underresolved
484,17.314137042918002,0.14322261030607755,0.14106943275796374,0.11909117701728172,0.15880803264685245,underresolved
485,0.11784131023676822,0.05281248779948107,8.453575589436527e-05,0.0,1.0,indeterminate
486,30.53043450439216,2.825556103151217,0.9411875449734404,0.941034577390329,0.9413844274028129,resolved
487,0.241774482539112,21.919122689836648,0.012964965094744998,0.0,0.02270650007274665,underresolved
488,22.804460937159718,0.18469141674666414,0.18109717918715126,0.17461627485828857,0.19752654146039852,underresolved
489,0.17463363297256063,0.0469018194951542,0.0002385207508607894,0.0,1.0,indeterminate
490,26.189093157428765,1.1482665310610984,0.7524688769241847,0.7523010149051136,0.7531113780794876,underresolved
491,0.03731166371813609,1.652302723968047,4.4346228929328326e-05,0.0,1.0,indeterminate
492,0.22057276250319435,0.12938969246963952,0.0012823385961777689,0.0,0.14757870241692447,underresolved
493,11.549353319708944,0.2808246225665686,0.2673539042393315,0.2583646937654733,0.26881736134222667,underresolved
494,0.7171462923987993,8.360247806255249,0.19652649072895675,0.1952607409268996,0.19899778044344732,underresolved
495,0.10707668767051592,4.132423077053741,0.0011730074790586556,0.0,0.4020609399692599,underresolved
496,1.8341085406920032,2.637543457971396,0.6328338851606348,0.6323182709958822,0.6330124312919716,underresolved
497,7.80024662833825,0.3011924250057684,0.281428633179649,0.27473814162712734,0.2837908087046036,underresolved
498,0.13838439822620868,1.8577437652423818,0.002268040204249866,0.0,0.05920542454187903,underresolved
499,8.924843250180137,0.8964429999284059,0.6551243714491198,0.6542950315326335,0.6554885994825573,underresolved
500,1.5621633551258178,0.6445759166970667,0.3236659917682198,0.3225392090636867,0.32512567174045776,underresolved
501,17.878572908591266,0.08434933993723821,0.08365797569519584,0.07790033820375772,0.15748106622188468,underresolved
502,1.391049231927747,0.03574343011623202,0.019121868838706473,0.0,0.13738692323693386,underresolved
503,0.8347099279896465,0.3449953573527496,0.08581782679422424,0.0811275255586968,0.09038317596145361,underresolved
504,0.08444983824188554,0.05782443777964112,3.4399614925046945e-05,0.0,1.0,indeterminate
505,6.241181212888806,0.3646537716616594,0.3298056172203768,0.3265805658156004,0.33276613589830806,underresolved
506,0.10241512530665393,0.24678734177957196,0.0002533843844268862,0.0,1.0,indeterminate
507,4.690204898072277,0.0751551619287083,0.07010927462046687,0.0,0.1288537520434054,underresolved
508,21.663583091888363,0.1934071423624896,0.18928293351703732,0.1814598686966711,0.20266264658332886,underresolved
509,1.4499685760741778,0.057906616453886554,0.03224990909122222,0.0,0.10711091578080344,underresolved
510,0.6466928316732975,24.442172554430595,0.15999978949712546,0.15766707954762121,0.1623796400830198,underresolved
511,0.046008877156805274,10.023127228964892,9.6604331965023e-05,0.0,1.0,indeterminate
512,12.963499198159901,0.35935191669515903,0.3351832650819009,0.3335488986533163,0.3398652389649456,underresolved
513,0.06520883862150458,0.06997810339298749,1.9233424643936568e-05,0.0,1.0,indeterminate
514,1.228319767849618,0.24712605280680208,0.11188952900328408,0.10153569612074889,0.11600473609116779,underresolved
515,0.05044731167435991,8.901806231255236,0.00012709695968405837,0.0,1.0,indeterminate
516,0.06999828980551671,2.458305651933906,0.00031537479977556445,0.0,1.0,indeterminate
517,10.777369524954285,5.017594883431337,0.9681825970799426,0.9680505690383292,0.968349997412854,resolved
518,16.488095433808933,0.06481382988513457,0.06432288709426856,0.0,0.11462324649065392,underresolved
519,0.5250759026933967,4.369083641546804,0.09793848826959967,0.09353907506887024,0.10107384114615961,underresolved
520,8.690672089696337,0.05690939698457718,0.05570744714545349,0.0,0.10414796175350972,underresolved
521,1.3349268337660558,21.690332135061148,0.5121164117272636,0.5113852167121055,0.5123846275092804,underresolved
522,0.20146941689515482,0.04568697459723912,0.00035159896151538343,0.0,1.0,indeterminate
523,0.07907227729148979,0.05848243825690494,2.859541358327853e-05,0.0,1.0,indeterminate
524,1.9390427414502454,1.37047640851166,0.5671238012441868,0.5666589827468365,0.5675896292507242,underresolved
525,1.0173773695564203,29.6996098967644,0.36252286514139337,0.3615609819463116,0.3632818991606788,underresolved
526,0.2135554758130971,3.226666059796659,0.008700918999258437,0.0,0.02349328975488437,underresolved
527,0.4819578158247034,0.2750724361180296,0.021705500530528263,0.019759160508064047,0.04030251722585411,underresolved
528,0.2598136596487436,30.50152718589887,0.015892745188021213,0.0,0.027421106016871984,underresolved
529,0.040877139120601896,4.175763627146457,6.625896147189215e-05,0.0,1.0,indeterminate
530,0.1804574382710197,26.84821052660289,0.005596896762096642,0.0,0.08575401444446702,underresolved
531,0.3302498608309725,2.5140947156550117,0.028654880442244065,0.017473954507840526,0.03784122146249743,underresolved
532,0.06274351577279962,0.8098294640419942,0.00015453737887144333,0.0,1.0,indeterminate
533,0.03281599646076565,0.0342769642271415,1.208656821979039e-06,0.0,1.0,indeterminate
534,0.038113373918265796,0.9521676447484474,3.809496252157357e-05,0.0,1.0,indeterminate
535,1.7897401767140337,0.45875823466231896,0.2774044055366123,0.2746735661804126,0.2789868947767184,underresolved
536,2.7878645891226816,0.09851378561030129,0.0817622475079994,0.0,0.11446199722616487,underresolved
537,0.44528683460190543,0.7067497948654964,0.03884857032318428,0.03773357551938771,0.05046768481271731,underresolved
538,0.06491634648379332,0.18044593070716664,4.8273857633174565e-05,0.0,1.0,indeterminate
539,4.793480008794624,0.04832604657341671,0.045281727460386306,0.02172172582246814,0.17679308091805337,underresolved
540,1.4743505584124728,0.15114486049960674,0.08471104198462205,0.07175090185948146,0.1059535789464131,underresolved
541,0.8132682472496865,17.785141648862357,0.25078564198891806,0.2500023779330433,0.25281509093307375,underresolved
542,10.756762992270874,0.05986616163618202,0.05899275746985437,0.0,0.10620010812738483,underresolved
543,2.7902552645723993,0.10859804153434366,0.09006505425442636,0.06662065189334686,0.12926099784648304,underresolved
544,0.3717095996078645,13.890428842705004,0.04218705647942143,0.03932922930798111,0.05559957638377304,underresolved
545,21.506366380163314,6.3130258662244785,0.9844910573599883,0.9843782718668721,0.9846627547250366,resolved
546,0.06814604785784274,0.12334876359733468,3.84733151592224e-05,0.0,1.0,indeterminate
547,0.27290605494731485,0.06711927248278833,0.0012221220654995333,0.0,0.15411531327578168,underresolved
548,0.3518015759031824,0.6344539124995717,0.019580518733744515,0.008796604424101205,0.02797084669946769,underresolved
549,11.873372091274929,15.025611331692046,0.9872694876603187,0.9870747215891058,0.9873502051886137,resolved
550,3.2782209592974194,3.256305700486334,0.8365062786149604,0.8362475529219414,0.836662547444579,underresolved
551,0.9944970518103621,5.403531309724503,0.344776643360083,0.3442820402892982,0.34610841372797085,underresolved
552,1.9701603848763256,0.5704704850016473,0.3513372908118875,0.3491526875375365,0.3520598447496218,underresolved
553,7.0608823801342675,0.43443359960550476,0.3867623533647855,0.38513560598440927,0.3895340597103917,underresolved
554,16.808216134934327,0.5626022419252628,0.4877370317511187,0.4860914138175577,0.4887858746563364,underresolved
555,21.013905704304346,7.891039790505141,0.9887053031268264,0.9884648767541975,0.9887437104839715,resolved
556,3.6079297778465076,0.7317786903332048,0.5284928908106761,0.5278770079033094,0.529614819692481,underresolved
557,0.3686810524640479,11.996165587026784,0.0412499896999128,0.03224959024614753,0.0484226702832749,underresolved
558,0.16389654715789595,0.9596728774560633,0.0029295704018251234,0.0,0.00434333266282901,underresolved
559,0.08285662094931873,0.6409406598012585,0.0003038148404297771,0.0,1.0,indeterminate
560,12.784392392374905,4.97329130541255,0.971448422619971,0.9713562749469635,0.9716540074783038,resolved
561,0.13740379206525766,5.559644650811452,0.002482548542077513,0.0,0.19368825911695886,underresolved
562,5.279766729099895,0.15003765113506023,0.14073634955012485,0.10888028547028643,0.14808414913020315,underresolved
563,1.572699234885472,0.0559944238358424,0.03359487612697708,0.0,0.11766042422523679,underresolved
564,21.09910929741157,1.6303232059334618,0.8495577362640192,0.8493724682033509,0.8498999033834908,underresolved
565,7.2017067177117715,0.9274325228067213,0.6607994381005118,0.6599265152219845,0.6610627738527125,underresolved
566,0.5397267558834021,0.6106316060855664,0.055839694008199506,0.050756572947619684,0.059832056155055595,underresolved
567,0.03581238622463633,0.07022237317742631,3.211235555963835e-06,0.0,1.0,indeterminate
568,1.2186291012244277,0.24046342073658003,0.10800720346581512,0.10104521518728712,0.11588908889024455,underresolved
569,0.8874855309256394,1.2063347728230567,0.22515818525667625,0.22435506181912546,0.22715837477965692,underresolved
570,1.6813096560350587,1.3291748794252096,0.5073290556799378,0.5068908792619352,0.5079670397026519,underresolved
571,1.0749683003188955,0.21656258938044187,0.08307660131344285,0.06993823514241763,0.0891181323779713,underresolved
572,19.249122678847577,0.8165983953179476,0.6299509168037483,0.6287879932829272,0.6301724070424288,underresolved
573,4.785432623043583,0.5713254606360654,0.4652656992973418,0.4641621165797065,0.4668114723018128,underresolved
574,3.496154535588083,5.80704166595638,0.8758431868380875,0.8755948178932591,0.8759558862610956,underresolved
575,0.1186587554134698,20.265946885822952,0.001634041315739766,0.0,0.36397545115876884,underresolved
576,0.34990530358790484,0.8480863175744849,0.02330134587216378,0.013295549634589796,0.03216089021768145,underresolved
577,0.035524639389921765,4.70013629828889,4.376771462472696e-05,0.0,1.0,indeterminate
578,7.01310092216269,0.03826789541028114,0.03710261850583955,0.0,0.12365017162399355,underresolved
579,0.2634792178009909,9.021253749087872,0.016438564857786424,0.007642113519729387,0.04297213913207443,underresolved
580,0.043089368070956244,6.36799069708167,7.881557569712289e-05,0.0,1.0,indeterminate
581,0.8084555597405163,0.4664450878336314,0.10504514350061192,0.10181587162755469,0.10824135550575216,underresolved
582,0.04662052250501124,0.03612628366886422,3.6463397099586017e-06,0.0,1.0,indeterminate
583,13.715376698641494,2.5720321551568075,0.9246504562370517,0.9244729823888659,0.9248440278618911,resolved
584,1.010408779788011,0.4066964392556101,0.13526898775747392,0.1311309736771273,0.1376434735774991,underresolved
585,2.67381392538222,1.0181338215122127,0.5862285702470588,0.5856735847776768,0.5867769624398038,underresolved
586,0.08292744572300062,24.35216146625958,0.0005639809074057644,0.0,1.0,indeterminate
587,0.30264470294847345,2.2491291534229703,0.02220938500216541,0.013615713380123688,0.039089223981858615,underresolved
588,0.13642252072131483,31.433805424306243,0.0024684591549169214,0.0,0.05927263906223795,underresolved
589,1.5755614581595248,1.416361151380534,0.491657899489695,0.4913786272942367,0.4924763758319935,underresolved
590,0.49453240706928087,12.072557633152856,0.08681094811020208,0.08432481660295921,0.0929307224929244,underresolved
591,7.237730111707216,6.180300397307815,0.9595543415907857,0.9594221541655664,0.9597218795212425,resolved
592,0.08413390538020711,0.2112266849281508,0.00012178349931070077,0.0,1.0,indeterminate
593,0.04976692324194072,0.035470896352154994,4.3532142131809736e-06,0.0,1.0,indeterminate
594,4.659158464529975,0.14917021809052874,0.1378999990462368,0.11179873244317456,0.1499438875579273,underresolved
595,2.2781497594420568,0.6527003898484304,0.4196292756977348,0.4182862845410002,0.4205339229401461,underresolved
596,0.2666804780622191,0.07236887627270062,0.0012349089824766598,0.0,0.35300471642632836,underresolved
597,0.09018132071684458,0.09908637090513463,7.144397096847975e-05,0.0,1.0,indeterminate
598,0.2890649374984383,0.09605334195217133,0.002047509350272495,0.0,0.1415061287500719,underresolved
599,0.173678452026405,0.04114783995053146,0.00020599554453007158,0.0,1.0,indeterminate
600,0.04946931513630545,1.7700141085022396,0.00010501759781440563,0.0,1.0,indeterminate
601,0.5389951850805768,0.06832119689043963,0.007280377357396334,0.0,0.030168632520473672,underresolved
602,0.7895317826618179,21.674815286631823,0.23769754306012572,0.23666834671463524,0.23967136668836972,underresolved
603,0.21669020454118526,0.4112798567134575,0.0036126688221313893,0.0,0.07207717716840993,underresolved
604,0.45028170893585484,0.04265529367202345,0.0029496202824312104,0.0,0.079425402325118,underresolved
605,0.20756824021362938,1.532891756974355,0.007030856820782757,0.0,0.04810869634797957,underresolved
606,11.360715087221797,0.1132383020614005,0.11122404447826198,0.07792880832504187,0.14139292617712917,underresolved
607,3.078237828042771,2.881341024210682,0.8127274520935409,0.8124925853053956,0.8129381238469984,underresolved
608,7.54306313157215,2.1692069043201965,0.8847199456260416,0.8845169376622115,0.8849410164540328,underresolved
609,0.15493883455178342,0.26866221534105433,0.0009313221684029608,0.0,0.39661240173801154,underresolved
610,0.11035662646969246,0.4006026306262022,0.0004907994144562264,0.0,1.0,indeterminate
611,3.16392829662968,2.8813326440219273,0.81898541483494,0.8187568213371919,0.8191964965579573,underresolved
612,0.13372699510710268,1.899035043600958,0.0020604675831502727,0.0,0.26565683118712585,underresolved
613,1.037457053203404,0.39022281578191376,0.13567650765805606,0.13313501450515608,0.13989853172826774,underresolved
614,0.18565477969685168,2.473811881849383,0.005638679990128212,6.190560696687024e-06,0.09975997038851943,underresolved
615,9.248233242296843,0.04589920568961729,0.0450584051186274,0.0,0.11373095115108471,underresolved
616,0.2070767416084346,0.1304653332771798,0.0010786290156650543,0.0,0.2684645308528577,underresolved
617,0.6135334170878142,6.263298399150363,0.14122794910462882,0.1399065382638842,0.14522108002817283,underresolved
618,4.2423356548615745,0.10721379178986698,0.09829745070070967,0.03448701259201103,0.12225503371273787,underresolved
619,0.07062266244976248,1.4336699163332691,0.00028675149748961067,0.0,1.0,indeterminate
620,0.1370236315670375,0.04003737859009181,0.00010008904050576497,0.0,1.0,indeterminate
621,27.618454433363453,0.8648685444925347,0.6528692413012726,0.6518528714749239,0.6531090110411807,underresolved
622,0.05172076977739769,0.5173552685600907,6.332026475711555e-05,0.0,1.0,indeterminate
623,31.375155483877634,0.04812475253532238,0.04799596748533666,0.0,0.1595333138767215,underresolved
624,0.39221757987973804,0.4510231026771754,0.02001500287637314,0.007984576330137685,0.02443517552660136,underresolved
625,1.5086432965538532,0.04597138731234054,0.026593293737034004,0.0,0.07850643528958093,underresolved
626,0.7757705675595385,0.039516024426863465,0.009093137736945079,0.0,0.10702933810497468,underresolved
627,22.587024921866384,0.9186491628660898,0.6745333576965606,0.6740623153060368,0.675199704938239,underresolved
628,9.439977732279404,5.877126844890618,0.9694669394684842,0.9692749570070246,0.9695696179711677,resolved
629,2.1205152121280673,1.3053004411146645,0.5873638895527153,0.5871013024627695,0.5880165297586614,underresolved
630,31.15125209220507,0.38850383442027064,0.36157542144992233,0.3573058781325822,0.3627829458895553,underresolved
631,2.064491607177997,6.242084941890724,0.7197717387470732,0.7194245269075977,0.7199577861460872,underresolved
632,25.88554796488337,0.11117501643802617,0.11024737346538045,0.041113843637957094,0.12662308119484958,underresolved
633,0.8938891901464361,0.14254320543386412,0.04177045625547802,0.0,0.05887517841004534,underresolved
634,2.2133731747806427,3.128448888805331,0.720889806665305,0.720756070936165,0.7213015622011543,underresolved
635,0.9848285437314658,13.853068563730991,0.3445809330139658,0.3435131103451897,0.3453599012012344,underresolved
636,0.0927844043883698,2.588865407690833,0.0007356006873144186,0.0,0.4515638587558801,underresolved
637,0.3737442465518192,0.10820081498732956,0.004615826756063505,0.0,0.0731306882494015,underresolved
638,0.3720080414515852,3.249369646867332,0.04051077822439437,0.035148394657989385,0.05130325725790549,underresolved
639,12.683746168937898,1.4295616042504855,0.8118373102686964,0.8115943212020943,0.812207854517931,underresolved
640,0.857502978631978,20.37144248804063,0.27549782548826723,0.2749560979664537,0.27745313422648044,underresolved
641,0.6600070792337133,2.761196809104648,0.1571553328523803,0.15386271341745458,0.15844719537799778,underresolved
642,3.163031448167954,0.29121220282444243,0.24236673767019545,0.24036885087156296,0.24991950506363894,underresolved
643,1.3161417382694345,0.8862875311939497,0.3348315363063455,0.33393634531648825,0.3358970900501682,underresolved
644,0.1227693166105579,12.85518098521938,0.0018039063979873732,0.0,0.2216175521443047,underresolved
645,0.36684324794835665,24.709562402764274,0.040816617080105595,0.03293226504159682,0.04933253992181668,underresolved
646,0.05971952693299962,0.033238638245018354,7.037742020093318e-06,0.0,1.0,indeterminate
647,4.330260239345075,0.060072941624774084,0.05546895257327843,0.0,0.11882518866220346,underresolved
648,7.215135620182887,0.13290557525364996,0.12804008838124725,0.10394351919359883,0.14984293087532294,underresolved
649,8.978453715239374,1.705603720232454,0.846855292208711,0.8466089980362672,0.8471216490870005,underresolved
650,0.43666272400095874,6.298913639192994,0.06329125889479945,0.053572481383094776,0.06476474252687207,underresolved
651,10.887629754562548,1.9810879361179594,0.881537878063946,0.8814678802249339,0.8819135269704248,underresolved
652,0.10820406360832084,1.910036647763002,0.001102923241260484,0.0,0.4299585760820564,underresolved
653,2.7765425508183315,0.06682887693984717,0.05553195755454792,0.0,0.08827610099371222,underresolved
654,9.650944258047375,1.03644941120173,0.7082116081528869,0.7076749894101336,0.708625125506455,underresolved
655,0.12168567697103601,0.036253635492677634,6.385711533017273e-05,0.0,1.0,indeterminate
656,14.122396935763595,7.989108507163597,0.9848408065826489,0.9846583509636072,0.9849392400601027,resolved
657,0.17192880904989633,0.054558844829906035,0.0002650260298282653,0.0,1.0,indeterminate
658,15.28017910412081,0.2376818609263166,0.2297622420608795,0.21624543229133744,0.2309741820038039,underresolved
659,2.7753681478283845,0.11099961164614769,0.09186403207239732,0.026807545542690964,0.11274093759809624,underresolved
660,2.0024003167703253,12.70471247405763,0.713848513948877,0.7135661927868555,0.714105926466294,underresolved
661,5.364725926640178,0.6071906329998534,0.4930868143546663,0.4917125135430254,0.49407859413514116,underresolved
662,0.21555785402098598,1.1952426032657846,0.007175993033913873,0.0,0.016086740439698904,underresolved
663,0.5314768496059022,0.30616012911731477,0.030260507192239286,0.019629897526749488,0.03591241007948996,underresolved
664,2.3214118272300044,0.10217910874539823,0.07874423607096613,0.0526001320482946,0.12213550906963505,underresolved
665,0.11642447947731974,0.04066550732388993,6.283904143128989e-05,0.0,1.0,indeterminate
666,1.1708697588949484,0.04822884942143977,0.021181095670882635,0.0,0.0973664909704485,underresolved
667,0.331432470059035,0.049080656500083295,0.001526434287016064,0.0,0.18910797533336618,underresolved
668,0.09943040340214754,0.27566028909604134,0.0002574063098869244,0.0,1.0,indeterminate
669,4.302121668082861,0.30502662316050455,0.2696125109717613,0.2671753181546524,0.2758910268262044,underresolved
670,0.32657304485536265,0.8519511465311802,0.019401819010942865,0.014561458006912324,0.03823280382122289,underresolved
671,14.226030799457833,0.2195711130113254,0.2128824064350123,0.20585373549764716,0.2224789562841188,underresolved
672,0.05388242378097004,25.301052235620286,0.00015563734628055108,0.0,1.0,indeterminate
673,5.796595128764016,1.4157960956385933,0.7816479810642932,0.7814786755932409,0.7821196178914024,underresolved
674,2.0171789094955694,0.9432725301254554,0.4934940789911738,0.4931753663668851,0.49452731114226234,underresolved
675,4.333055024230252,2.651989328709479,0.8656202937685149,0.8653839151953011,0.8657919157335585,underresolved
676,0.0679337743484001,4.176226404819023,0.0003027966836271404,0.0,1.0,indeterminate
677,9.961371194595248,7.454621254632168,0.9763263816962275,0.976236156348605,0.9765227673041438,resolved
678,1.9452890039551407,2.026459267411857,0.6308410388403346,0.63051689160365,0.6312359969557594,underresolved
679,0.4167786719273504,0.033015063485493025,0.0018786847177219251,0.0,0.07216846121278685,underresolved
680,0.12864608137331657,0.04683951044182528,9.719258853406649e-05,0.0,1.0,indeterminate
681,12.81538757770927,0.12011007389839506,0.11817201506020607,0.09098982644217793,0.14628884230261296,underresolved
682,0.08856164687804069,0.20525957029800676,0.00013803517657894345,0.0,1.0,indeterminate
683,1.189222482321222,18.484885586897697,0.4476940916861719,0.4473974691762025,0.44864468061350427,underresolved
684,3.340179324577719,0.7069204909206479,0.507508864188162,0.5067403553537392,0.5085958967151994,underresolved
685,0.5920606944241102,2.7246457385115073,0.12413614339613405,0.11963872326602075,0.12546735491302138,underresolved
686,3.544169296836731,7.310597131056773,0.8832299686472949,0.8829792536654353,0.8833310392411855,underresolved
687,7.273847724385869,0.034081867600775376,0.033118730656642704,0.0,0.10150459027467967,underresolved
688,6.087252020977696,1.605188333765438,0.8155328919834255,0.8151174387896368,0.815675162870765,underresolved
689,1.4087745286626494,18.817590179535742,0.5414681698141189,0.5412932416953862,0.5421998788853887,underresolved
690,19.546650095180258,0.27148178365819625,0.2609732188018422,0.2560971175316798,0.26706960670845026,underresolved
691,12.596601541061588,10.204306864825465,0.9858978441596749,0.98576711076595,0.986045182457373,resolved
692,0.04535115051247786,2.4477153587661054,8.608115470678234e-05,0.0,1.0,indeterminate
693,18.319283468604525,31.234363185494267,0.9950370939233509,0.9948369525673137,0.995106777802336,resolved
694,2.4074126344381916,0.09692147708527948,0.07597945892103977,0.05779843768911278,0.12761054128397603,underresolved
695,1.0072663498046044,6.239002798834071,0.3528956386634469,0.352572547721286,0.35434433730213233,underresolved
696,0.5482889919439381,0.13992617907510052,0.015398945803435315,0.0,0.03496735678552037,underresolved
697,0.17490240575739086,0.03694183262715117,0.00018879053745228912,0.0,1.0,indeterminate
698,0.14203217550945987,0.3759177265264267,0.0009784521640548581,0.0,0.6256491314831849,underresolved
699,1.5986764262031765,5.005873986179993,0.5975645367579053,0.5972880161561153,0.5980460083832003,underresolved
700,0.2962422124764357,0.03916739451342828,0.0008968779494658531,0.0,0.2480538077078341,underresolved
701,1.1332490861871878,0.7210889362641086,0.2465648233221722,0.24525275339083766,0.24806720381055242,underresolved
702,2.3280015579498747,0.09095082307910053,0.07025973441314894,0.0,0.11537230602107543,underresolved
703,12.15882515167068,0.06675389828605084,0.06593553082526946,0.0,0.09199952522559043,underresolved
704,0.0634447568376309,0.035174163739486626,8.923301256540753e-06,0.0,1.0,indeterminate
705,4.048631290453402,0.8300197148636134,0.5843923528546482,0.5837310243313752,0.5851287470240364,underresolved
706,1.5853339428548432,3.452354072745607,0.5811624524993916,0.5807512055692656,0.5815480073987082,underresolved
707,0.08466764491927406,19.178874187761863,0.0005996662675168835,0.0,1.0,indeterminate
708,0.3404385470268508,1.578543891829174,0.028275554531191,0.02275946491534699,0.04296846149023507,underresolved
709,0.1535640649148899,11.657868228388534,0.0034841188507682293,0.0,0.10253881993190396,underresolved
710,0.5024010336686466,0.1665867863069721,0.014867228315767764,0.006093673070358583,0.03498722844238097,underresolved
711,0.06187235031322324,0.6237553750337539,0.00012463869010807482,0.0,1.0,indeterminate
712,10.066618439937988,4.138177102420652,0.9578091241885799,0.957626443942783,0.9579391625660086,resolved
713,1.8428714900737098,22.58434419869139,0.6783398467159452,0.6778899367455662,0.6784866143572373,underresolved
714,0.05010367105895141,24.066043952384433,0.00012519896096822915,0.0,1.0,indeterminate
715,0.059160540692309325,4.096172054372381,0.00020010109148412025,0.0,1.0,indeterminate
716,0.6737823850608011,6.835594623101143,0.17263220579741534,0.1716667265366909,0.17597228110048463,underresolved
717,6.636938842088712,8.994299180878917,0.9609671881606583,0.9608716942077609,0.9611656903226085,resolved
718,0.5082554952800885,0.28611478835287596,0.025586574621955165,0.019212097416080147,0.037472992297532,underresolved
719,9.688437525025972,20.879748593931673,0.9831030767153726,0.9829420931383077,0.9832192213940675,resolved
720,0.042637876136185617,1.3271933920524475,6.174043381781585e-05,0.0,1.0,indeterminate
721,14.903000675119717,4.820803255575916,0.9725798879579404,0.972487739323262,0.9727858315034845,resolved
722,27.187434854372547,0.623082911134789,0.5277570337989727,0.5269164002870654,0.5291424130722275,underresolved
723,1.06829826756838,0.04807377828441576,0.018684440313573043,0.0,0.11343535566053266,underresolved
724,9.745391170584472,0.6645799666668334,0.5448681742188916,0.5436804490712711,0.5456708399086942,underresolved
725,0.1451248662848941,1.8185751008796145,0.002595857007710709,0.0,0.16317419698469013,underresolved
726,12.488051151855426,1.618253267453789,0.8425655734908758,0.842340961910986,0.8428759532415507,underresolved
727,0.8162801934574352,0.32564827036013555,0.07829693989280134,0.07415825153898159,0.08436115227851942,underresolved
728,17.827767502054378,0.04581695045135838,0.04555377598846261,0.0,0.13211765066914563,underresolved
729,12.120709690859648,1.6402571164211897,0.845188221821146,0.8448460135848888,0.8453742027296376,underresolved
730,4.671966156800816,0.12547843331888878,0.1164112467083581,0.082364375494674,0.1366264007961266,underresolved
731,6.97508921164942,14.058722814003499,0.9674978390838443,0.9673445753324384,0.9676320515120436,resolved
732,0.1018410700041555,0.07155860954032377,7.423350417072559e-05,0.0,1.0,indeterminate
733,0.08106480803792733,28.56839028567633,0.0005271864391047469,0.0,1.0,indeterminate
734,0.10664822648598914,1.1006746622497168,0.0008826943254304221,0.0,0.428972873623233,underresolved
735,4.3595741736653535,1.1872589779480718,0.7082228501999327,0.7079165962681206,0.7087357481311154,underresolved
736,18.085859976432516,23.19441245393092,0.9945078174913329,0.9943414277385173,0.9946118579515034,resolved
737,2.800943083337274,15.527247021974844,0.8335785069790103,0.8332876936435546,0.8336803204196376,underresolved
738,0.8096847212588423,0.6817129310103582,0.14035932385383382,0.1374706457676663,0.1419316665354767,underresolved
739,21.209021527844083,0.0673052217294799,0.06692997971224683,0.0,0.10897404619844481,underresolved
740,1.7593364040953214,0.4516682467657518,0.27047633765312523,0.2693119838045032,0.27373721951630575,underresolved
741,18.6728929402038,2.102699771367048,0.8992036081148898,0.8990434652601221,0.8994643993332645,underresolved
742,0.8974867995988122,10.292633574997852,0.2965883758883456,0.2953564990967074,0.29762099276669157,underresolved
743,0.9958547492575931,2.9876246164449562,0.33318423759213833,0.33217708508291055,0.3340505321294495,underresolved
744,0.15021547309304886,5.136025207532021,0.0032175708740959266,0.0,0.12215495952444921,underresolved
745,0.3534731266329264,6.175942910870602,0.03653873825837776,0.036174026337834425,0.0547474592457152,underresolved
746,0.8219085709043777,0.16482357064762407,0.041633182179217965,0.0,0.047297298059717705,underresolved
747,0.04098160698552982,26.460071947875477,6.86062765727731e-05,0.0,1.0,indeterminate
748,12.660062411795556,0.09183252774490698,0.09059852469211344,0.0,0.09382813881532152,underresolved
749,5.843144172804845,4.12614041887602,0.9306788720707049,0.9305186288216478,0.9308485495244072,resolved
750,0.9867087021416392,0.1643598711903267,0.056193709913699576,0.0396526384282665,0.07128315906152673,underresolved
751,1.915491418359246,5.902122766930172,0.6868217695361084,0.6866215358592,0.6872057871180302,underresolved
752,1.5397466471638424,0.5828800100094164,0.29703794543939194,0.29570783354531527,0.29873164938242835,underresolved
753,0.27135657224724197,2.3160610681124156,0.016489845844378875,0.004267329678987701,0.03524015785700774,underresolved
754,3.6960365035620955,0.6579202323062011,0.49436627224606006,0.4939475861717829,0.4960277483743701,underresolved
755,0.07618170072830643,9.76850482370187,0.00043603204653371453,0.0,1.0,indeterminate
756,0.8327803832050614,0.033656805961012094,0.008815192578819563,0.0,0.09399229314956793,underresolved
757,7.731413423819312,0.12613475754788694,0.12206721769783833,0.08944334303388307,0.14250970288384637,underresolved
758,0.39209487408423255,8.230336698453417,0.048287001538255214,0.03705260449791136,0.051055647733182365,underresolved
759,1.1113861613497027,1.9336407999959293,0.36488869149452163,0.36370673968688616,0.36531724139652,underresolved
760,0.3652356098786083,0.4786626264157825,0.0174332745780842,0.004301617197577152,0.021024559730365648,underresolved
761,3.1382429194960793,0.7965339958487125,0.5389113482488301,0.5380321309244349,0.5395684184776802,underresolved
762,3.0689785842612443,0.23140729009328673,0.19378282249942513,0.18786964615725404,0.20291609404117394,underresolved
763,0.7874080005177045,13.397407313253499,0.23611084726999462,0.2354004224702166,0.23842597270515292,underresolved
764,0.08779770971293696,0.8059228989420988,0.00041981989110358376,0.0,0.8960375576894131,underresolved
765,17.341745447522257,3.0120431170020523,0.9443479850335801,0.9441282732242735,0.9444699195965899,resolved
766,0.3113301559238387,2.0107655751303244,0.02351833538383891,0.01349924094597033,0.036884688020576734,underresolved
767,0.249251339350938,0.18273956825326937,0.0025430094839886124,0.0,0.028276521728344807,underresolved
768,28.05109584357973,0.39040090252813137,0.36297723955183386,0.3587140697170254,0.36414076446776744,underresolved
769,0.301067030903044,0.38302190632592065,0.008569673349479688,0.0,0.029145747602433048,underresolved
770,26.13069767907269,0.7941716488671553,0.6205443702133119,0.6203671830955225,0.6218141042843807,underresolved
771,0.43564056166271686,0.059089362323491525,0.0037578193335891306,0.0,0.06462531453881627,underresolved
772,19.8696560650553,2.017950802616443,0.8926220807286623,0.8924315177207586,0.8928659015024345,underresolved
773,0.03761084504353704,1.3387136073608794,4.253401655256083e-05,0.0,1.0,indeterminate
774,5.27718987122192,1.8691278731328422,0.8362920517850281,0.8359799046814886,0.8364722598718256,underresolved
775,0.3936496536176244,2.4168212903134205,0.04541121503786401,0.036046720322493016,0.05014370145408718,underresolved
776,1.6572534065040725,6.168528519700838,0.6195794633209836,0.6190802703416542,0.6197899880190617,underresolved
777,1.085098417339963,4.831672103174861,0.3893862324653159,0.38852990601966325,0.39005903080211185,underresolved
778,0.06446965710200708,0.13058978542516353,3.4482706770128486e-05,0.0,1.0,indeterminate
779,0.5877366206065389,23.486140544218728,0.12997540586798784,0.12548299887297973,0.13132345580560878,underresolved
780,5.510418797287105,21.41760296345859,0.951522205892233,0.9514440496151085,0.9517407232142082,resolved
781,0.37494833199729044,6.416047668595569,0.04275728988778468,0.02965562734303952,0.04488054609417487,underresolved
782,3.1552094492257767,0.05303923510944941,0.04588097458189196,0.0,0.1506279871918386,underresolved
783,0.4260753829805241,7.8797964938792155,0.059747149506085395,0.056341509758055366,0.06832887632845402,underresolved
784,28.735383375747734,0.4765876714087862,0.4294454746833626,0.4276981681108673,0.4313734803361218,underresolved
785,5.334573104834334,1.2944861301281845,0.751416229514759,0.7509195465939134,0.7516384811470138,underresolved
786,25.388427335199488,0.2524368114715134,0.24419021796507395,0.23677367538180233,0.24953068763962974,underresolved
787,0.051013225110367384,0.08627823889193051,1.1367006140218862e-05,0.0,1.0,indeterminate
788,0.21926260309116455,0.2143105801776795,0.0020587185712249,0.0,0.08511293630533852,underresolved
789,0.11034918701526583,0.03341757215010345,4.4071241770677445e-05,0.0,1.0,indeterminate
790,15.899014655820531,0.10667052606594304,0.1054424571399406,0.0503981495401223,0.13199854240346381,underresolved
791,6.626677851027819,0.5242532513056095,0.4488947835535352,0.4483044779416893,0.45138549103551756,underresolved
792,0.3573851971968374,0.0626726591715502,0.0023841425058018016,0.0,0.15865578430626442,underresolved
793,6.239639120635396,0.07746185640213128,0.07434774060075523,0.03895158041071345,0.14587379761315192,underresolved
794,5.0422806828553695,0.12630535902868306,0.11826425900524498,0.0788723363911616,0.13463247064074801,underresolved
795,0.13743104773518736,20.301733693459614,0.0025208043535706937,0.0,0.22892951350809082,underresolved
796,0.5098618345906136,0.03494185199676229,0.0032726819858193298,0.0,0.09303258338623031,underresolved
797,29.911029648764625,20.33428604395695,0.9971207139008352,0.9969691797080948,0.9972383322844527,resolved
798,0.23282311445134077,0.1563768995662492,0.0018014246812755618,0.0,0.10924628603933412,underresolved
799,2.038081411461731,19.29253267218446,0.7225928596341143,0.7221572874545836,0.722683692897931,underresolved
800,0.049727667814465026,0.4190594529351131,4.735100544688091e-05,0.0,1.0,indeterminate
801,0.041298667915726575,1.6445924034066561,6.003170477998243e-05,0.0,1.0,indeterminate
802,5.171250732640956,16.12911311830701,0.9446064887482898,0.944487240807986,0.9447890475200071,resolved
803,1.1533660820935423,0.0464071586955178,0.019994688959346387,0.0,0.08138438850096762,underresolved
804,0.03393167231132019,0.1137774072932685,4.40888953619967e-06,0.0,1.0,indeterminate
805,9.100004438482838,0.2562372750721345,0.2437888841188763,0.23514439410355936,0.2476161215373571,underresolved
806,0.0673414606821162,0.1196176123644103,3.6025514690289616e-05,0.0,1.0,indeterminate
807,26.78623083016311,0.34459137151828256,0.3251111721452992,0.32003338316996804,0.3269568056023409,underresolved
808,0.5572747773947243,0.29160505793422187,0.032292277250869514,0.01908854505587588,0.036299654347222134,underresolved
809,0.37345595413289895,0.3204826186274051,0.01306887462974636,0.004155144206142089,0.03295555973713352,underresolved
810,4.535061765125009,3.6979415373848723,0.8989713778890082,0.8987802346961213,0.8991373764297059,underresolved
811,0.03383996331895866,4.745036638525447,3.78536463690266e-05,0.0,1.0,indeterminate
812,0.4815048954772243,15.382419882614371,0.08148003544410533,0.07914691866322869,0.08825748108098722,underresolved
813,0.70521349414201,0.13627315078456306,0.025846517713379126,0.0,0.0463672320271169,underresolved
814,5.082379701934194,4.89249399352601,0.9254835911704449,0.9254212958649904,0.9257486619865797,resolved
815,3.8748156375690055,0.10483270781996985,0.09464960561443433,0.06666058531024563,0.1350370315901006,underresolved
816,16.529230576444977,2.7196810402634157,0.9334360350624427,0.933185331388694,0.9335441525522793,resolved
817,4.662685889104808,2.2451554382349754,0.8538988274105421,0.853631964052862,0.8540718458422575,underresolved
818,6.760887321733534,0.6247651216799032,0.5129316646996411,0.5127185750825585,0.5149477123273514,underresolved
819,0.05375249887071987,22.99206794109644,0.00015449202929913977,0.0,1.0,indeterminate
820,0.3139388483963852,0.057415490496946775,0.001540335608092669,0.0,0.07369209293675721,underresolved
821,0.3169719647464858,0.10435230516401302,0.00286315423069139,0.0,0.024725147263664916,underresolved
822,5.43287773409276,0.661920960986885,0.5250499328310686,0.5239644826782898,0.5259896992702885,underresolved
823,0.1381555726028618,5.068439499429923,0.002514755848856694,0.0,0.05704775116855623,underresolved
824,0.0408673070546994,2.1400449297022166,6.168148885655026e-05,0.0,1.0,indeterminate
825,0.11103133397911408,1.9184420672135605,0.0011916839883547804,0.0,0.3378436985534541,underresolved
826,0.07813614149677012,0.5854061510164846,0.00023881328623587202,0.0,1.0,indeterminate
827,6.15344688766061,0.2041482583966676,0.19235263357450993,0.18139112967468818,0.2008913232741181,underresolved
828,0.7427177527703702,17.416981341094097,0.2116287440466398,0.21102920824893687,0.21447391388312473,underresolved
829,20.8647978110019,2.6963241940266762,0.9343731739382423,0.9341115896332893,0.9344708777171749,resolved
830,3.2477687792043155,4.401062975241835,0.8512634186332545,0.8511147906322621,0.8515032985507736,underresolved
831,12.765350924726333,1.7943736484270953,0.8655310670601765,0.8653734175020025,0.8658568765862148,underresolved
832,18.210859278999518,11.086758080775587,0.9914690092840908,0.9912459724500098,0.9915203716252096,resolved
833,0.16583332514157226,0.7623223353950102,0.002654583334057059,0.0,0.127384713848795,underresolved
834,0.05185866939565795,0.3138174835585283,4.1590611177307026e-05,0.0,1.0,indeterminate
835,0.04371093963000026,0.05329259001397567,4.431777228339992e-06,0.0,1.0,indeterminate
836,1.2073069555773523,0.6829347483464572,0.25759767719318083,0.2555109519778312,0.25833995584544717,underresolved
837,17.484133362520712,0.3387720879012917,0.31929206055813114,0.3141310344984782,0.32129031135013747,underresolved
838,0.08914684504371469,5.384968772029708,0.0006883338541756125,0.0,0.6639736561377266,underresolved
839,0.06892233956167021,0.11186925889668178,3.614122838539486e-05,0.0,1.0,indeterminate
840,0.09652996952216812,0.7018596557316543,0.0005095912970479584,0.0,0.6923178489938475,underresolved
841,20.656867458272146,0.3188655482039586,0.30273031683605994,0.29806182082402455,0.30609121181756554,underresolved
842,1.0198103144867547,8.13737296311778,0.36128834626903056,0.36093913691043367,0.3626589206247632,underresolved
843,12.493360697026514,0.06859257696554255,0.06777936623316488,0.0,0.10776402320432366,underresolved
844,2.0913437764481344,0.03718553463748278,0.027285873101296498,0.0,0.17112467643828583,underresolved
845,8.677655203948303,2.093448278441215,0.8846572270780283,0.8843994901734331,0.8848307891477745,underresolved
846,0.04606430628051986,0.6249627105269757,5.163796630413767e-05,0.0,1.0,indeterminate
847,11.520822915903306,11.231068235376478,0.9849078954073852,0.9847245162609961,0.9850025471880657,resolved
848,4.737805661032444,0.4182398167648921,0.36143206385834853,0.35819597585425733,0.36297472922722296,underresolved
849,0.14720879723070301,1.6197529558613712,0.002628534820278504,0.0,0.081203038209142,underresolved
850,0.1078853719734487,0.1898903789249406,0.00023022900336281137,0.0,1.0,indeterminate
851,0.13964691110201238,7.0543224973664085,0.002619340924721451,0.0,0.19488137565291339,underresolved
852,0.4134130222979602,0.7670271849250797,0.03393964490542336,0.030656501834714023,0.044961192709421574,underresolved
853,1.0180203049395735,0.9498318065309237,0.25003835103069416,0.24853512336571856,0.2510628499268666,underresolved
854,1.7522030451230683,0.535374601791866,0.3092137469724036,0.3090935823005337,0.31240182307937403,underresolved
855,1.5316682650933884,0.23157388766707537,0.13244939986352697,0.1202379848684162,0.13631743235990476,underresolved
856,0.4530668425752193,18.410832735353896,0.07018121259258414,0.06346188384343375,0.07382651239246625,underresolved
857,0.12523897631815392,24.38574182243863,0.0019174111309275166,0.0,0.07628908071659404,underresolved
858,19.024722939893405,1.3263516850590418,0.7951865615634285,0.7947468609376783,0.7954163091614411,underresolved
859,0.044338273331593896,0.035471319558134894,3.080783836711812e-06,0.0,1.0,indeterminate
860,0.11259927698445717,24.329441076350516,0.001399693084366541,0.0,0.4620765087588322,underresolved
861,2.135961685167208,0.051346587763985686,0.03809209112264679,0.0,0.14989572583097238,underresolved
862,0.09892694877944885,11.095813272226092,0.0009502608875568367,0.0,1.0,indeterminate
863,0.21742705530729012,2.8317002227144403,0.009043351969156161,0.00841991187207449,0.07778981619716849,underresolved
864,3.727879090990435,0.08751559692419,0.07855291194694089,0.0,0.10091145142957599,underresolved
865,0.5828284923420571,0.14027052015517055,0.01773583578878795,0.0,0.032344736622715906,underresolved
866,0.05408762655166066,0.10297515110317657,1.613736930788341e-05,0.0,1.0,indeterminate
867,17.141703060003344,3.619968264719719,0.9589980997722556,0.9589090176839198,0.9592279851044675,resolved
868,2.892266687366242,0.03260393592604253,0.02750922058473117,0.0,0.08426740784592128,underresolved
869,13.61562131462581,6.905278789181467,0.9817220829700604,0.9816781213434922,0.981962654075921,resolved
870,5.976906523806081,0.9595060841748512,0.6642602440281392,0.6634882358847634,0.6645730719893015,underresolved
871,0.12317312950027495,0.05174341843781296,9.440896430696643e-05,0.0,1.0,indeterminate
872,0.15697804932774298,24.45461639923608,0.0037264533005084907,0.0,0.13755953559521644,underresolved
873,17.148884394649727,2.1313068836207365,0.9007057892849086,0.9004620630043181,0.9008792768755546,resolved
874,0.1282361869422704,1.6226699523572354,0.0017518636927906868,0.0,0.17503662721033691,underresolved
875,7.451699396520261,9.404798838702074,0.9681247728331722,0.967919314340253,0.96820857743349,resolved
876,1.2604708357249763,0.047681083600546896,0.022898497698525165,0.0,0.07033270801165586,underresolved
877,24.27985232288044,0.49710711482273784,0.4440097691470028,0.44283298966318113,0.44622276523769766,underresolved
878,0.9338925167864772,1.9810080255924813,0.28384927766382984,0.28241296213671263,0.2846548220093305,underresolved
879,3.585000816798607,0.03488375563154087,0.031156405715319548,0.0,0.15306168592514907,underresolved
880,19.11304455700012,0.5481743588918344,0.478722152054882,0.47772802531738684,0.48054845589546097,underresolved
881,0.050581357756677374,0.1766078536500183,2.2420612695450787e-05,0.0,1.0,indeterminate
882,1.091860432738593,13.193688941985608,0.399898127468174,0.39950744376621583,0.4009922429304459,underresolved
883,0.7777024135594371,4.061966749608438,0.22465860180444688,0.22262735453032373,0.22577722448580595,underresolved
884,0.5535067467629852,0.04311421369495976,0.00489200399348107,0.0,0.045459683822964655,underresolved
885,0.6454696792178308,2.150387168859759,0.14462055102869917,0.14329126646062498,0.1481658951760143,underresolved
886,29.387682139303845,0.24214821815402657,0.2349384681211085,0.22573115369736824,0.23965105678761517,underresolved
887,23.186734511669663,0.15552191049400885,0.15324678120566745,0.14509562275814347,0.17668176463939406,underresolved
888,0.19274436938871511,1.8287377649241314,0.005948054436941429,0.0,0.05716225721224607,underresolved
889,0.781778803343756,26.065025778711696,0.23346240827734585,0.23163965631956593,0.23471195403260475,underresolved
890,22.002609609586248,10.524930200797014,0.9924400419802544,0.9923099983681276,0.9925841483936895,resolved
891,0.03393206763249194,0.07163668512641223,2.7867968728655337e-06,0.0,1.0,indeterminate
892,20.205094783027864,0.3796411361578619,0.35362447406507935,0.3510425065426083,0.35673982110881886,underresolved
893,2.4063679780702674,0.1864805511546247,0.1443556610516876,0.13437088057102142,0.15742105498176753,underresolved
894,0.03654698384864692,15.991567025715538,4.8622536957372815e-05,0.0,1.0,indeterminate
895,0.13970773434877684,2.2847879948552285,0.0024266694036905565,0.0,0.14624338965367498,underresolved
896,3.526914318558625,2.8290293405472644,0.8395803515753307,0.8392554577504621,0.8396782799681788,underresolved
897,0.05909688401866606,0.03983165573320141,8.171592563509132e-06,0.0,1.0,indeterminate
898,1.8034835353831262,0.03331655901597424,0.022273127665399656,0.0,0.16010617441632102,underresolved
899,8.521475748063118,13.28518288028957,0.9769295670092849,0.9767415520483458,0.9770235171177668,resolved
900,4.514184175000198,0.03331158134741269,0.030984603284591013,0.0,0.1800291667225875,underresolved
901,4.433197980937615,2.514163574281656,0.862535014556489,0.8623076294191001,0.8627243666619021,underresolved
902,2.5765194738127475,1.0639170199285637,0.5903567988312018,0.5898632533348003,0.5909167558277009,underresolved
903,0.2713468908086653,26.664736071653863,0.017946837200884434,0.01326165529927411,0.04776909727288884,underresolved
904,0.14196976565525662,0.16293444334346374,0.0004465925113198306,0.0,1.0,indeterminate
905,0.2041110348007485,0.8986443232056344,0.005346270514821682,0.0,0.023672902513010925,underresolved
906,13.960296199936856,1.184864527387068,0.7583611459705141,0.7581294084618988,0.7589081520926404,underresolved
907,0.348624349583276,0.032920479029056496,0.0011737687849356954,0.0,0.23986054067662202,underresolved
908,0.15295880908474824,0.6205291927570071,0.0018225780315765032,0.0,0.17949833151047823,underresolved
909,0.05237923864833097,0.2774823171677449,3.826668890068839e-05,0.0,1.0,indeterminate
910,5.735926885788955,0.5492245142566008,0.46025446278417814,0.45831208351437996,0.4611562120289067,underresolved
911,4.4126683714653465,8.798830350361696,0.9216966114004441,0.9215866325691913,0.9219072038769687,resolved
912,5.490872435389653,1.4737657975521619,0.7879643052595685,0.7877273810048001,0.7883432709673808,underresolved
913,0.1745446513658023,0.0874734742549544,0.00044298642104073144,0.0,1.0,indeterminate
914,11.976543498171699,0.0764887732258982,0.07547534206391412,0.03171622660683859,0.14676316001664813,underresolved
915,3.2336787011691115,18.642563120869063,0.8707202310982288,0.8706181438945629,0.8709760702854329,underresolved
916,0.18430610113287962,0.03755870844289979,0.00022349230183218532,0.0,1.0,indeterminate
917,3.486107557429165,0.0655652763772252,0.05810723621792208,0.0,0.08125185586765157,underresolved
918,0.04932023507439189,15.846355835427044,0.00011929704128838209,0.0,1.0,indeterminate
919,11.647282564500706,0.13059655655089594,0.12807812885246947,0.12203409310065572,0.1640459418731408,underresolved
920,0.07684564861311582,1.2489809347475747,0.0003511252071786131,0.0,1.0,indeterminate
921,1.2115797399115908,0.037836353408737526,0.01734429206175327,0.0,0.07835031444984628,underresolved
922,0.2179470498522482,21.3620045728449,0.00964597289352852,0.0,0.04558331411331665,underresolved
923,0.04041741425739714,1.4166929820397542,5.3808381277653124e-05,0.0,1.0,indeterminate
924,19.85531226651452,4.282702190675356,0.9701123605552145,0.9699379568621422,0.9702418782490643,resolved
925,8.530939431932891,0.43843208654446597,0.3933991034867984,0.39194361214896095,0.3962589421822982,underresolved
926,7.921652947540643,0.24403498366477364,0.2315215727398208,0.22180258632528516,0.23557462273740756,underresolved
927,0.21869131023911634,0.07192621181328085,0.0006995642236042866,0.0,0.6068460235372534,underresolved
928,5.861209535118494,2.621364369806341,0.8949633320608299,0.8946962593847999,0.8950842742978597,underresolved
929,4.734400096599291,0.07159170196129112,0.06688348207538718,0.0,0.10642180061544397,underresolved
930,0.7434789345263306,0.04922566550029014,0.010442756748173026,0.0,0.06597623890871024,underresolved
931,10.239764035534174,0.16200898797564814,0.15766296823000078,0.13051228289071637,0.16344483767855672,underresolved
932,4.459861149400306,0.9563945454682583,0.6421446635338306,0.6415489829932695,0.6426593270357911,underresolved
933,0.038635084498241684,0.2916540646118532,1.6110709783315777e-05,0.0,1.0,indeterminate
934,4.437612860848292,4.336980216615952,0.9046560605539188,0.9044624844379378,0.904808561533769,resolved
935,2.0377960534779516,0.04634712098443094,0.03349636740768618,0.0,0.09457846952875473,underresolved
936,0.903283588115668,23.942862119293082,0.300918149616386,0.2990805987655557,0.30130933283463807,underresolved
937,0.06600850191597572,3.291169930868885,0.0002733960837208023,0.0,1.0,indeterminate
938,1.2837928790476905,0.051101927236798586,0.02505811115041735,0.0,0.0709497322079925,underresolved
939,11.376894252767027,0.15926179279092983,0.1554743783409003,0.15062005615620083,0.18033199598691232,underresolved
940,0.12570821347667624,0.04269332930150319,8.276402375186217e-05,0.0,1.0,indeterminate
941,0.07005262003363288,3.381857598499696,0.0003272519820896986,0.0,1.0,indeterminate
942,27.865667839319993,9.60281802399167,0.9927032634338658,0.9926385568271778,0.9929131516012387,resolved
943,18.303685801334133,14.207709333924198,0.9930825649177581,0.9929402436524253,0.9932125339927822,resolved
944,0.09654129875444155,1.2589841943187,0.0006948362890007051,0.0,1.0,indeterminate
945,0.7832304727895237,0.10024264677806573,0.02338389562339625,0.0,0.060716595450982125,underresolved
946,0.3891107493359059,1.8913982416008244,0.04215513055564221,0.03489597420188374,0.04957163281693505,underresolved
947,0.2935055007975269,0.7230756463637795,0.01308800834179314,0.0007050422024828228,0.025901663030986927,underresolved
948,3.244085436869822,12.943775346046365,0.8701109633473546,0.8699651654271995,0.8703244578041945,underresolved
949,0.8908285815275885,0.11175428125045477,0.03268676342513572,0.0,0.05516947343296514,underresolved
950,0.1549887341698943,0.06428429756135537,0.0002304868611236262,0.0,1.0,indeterminate
951,0.20625571792146327,1.5649140499879102,0.006945838429028798,0.0,0.02533593180289925,underresolved
952,0.06366905226893213,17.57319115736945,0.00025612247573875266,0.0,1.0,indeterminate
953,0.24985865547891875,0.07993248669296657,0.0011349414239604746,0.0,0.4224184982088037,underresolved
954,0.20322838899487516,0.05127940686553653,0.0004045395114157969,0.0,1.0,indeterminate
955,4.391363052353304,0.09367414224951888,0.08645457896760174,0.06273988756924678,0.14036786462755865,underresolved
956,0.039334040407773725,5.73881836363603,5.981406090226015e-05,0.0,1.0,indeterminate
957,29.003284711113142,1.2103607922088035,0.7695463338541944,0.7692436355680681,0.7699967063860413,underresolved
958,1.1362350718638066,0.17880744500513057,0.07445776342551638,0.05403944427974932,0.08246817361930404,underresolved
959,11.386580079037193,2.6827396277854385,0.9262824686317328,0.9261028512338322,0.926467628243529,resolved
960,18.531439673085735,4.4524137273485564,0.9714475587767041,0.9713856135245567,0.9716871592040938,resolved
961,1.115833684733431,1.1932144137195608,0.316535848590685,0.3159237019328089,0.31784069348444016,underresolved
962,0.05626190527122407,0.21935953082096424,3.797832276409173e-05,0.0,1.0,indeterminate
963,0.06161570183406372,0.42234702058558077,9.049675194230665e-05,0.0,1.0,indeterminate
964,2.0376827128415522,0.054817187720171474,0.039599713863537916,0.0,0.08240775115224394,underresolved
965,0.10174867123047729,0.7707250982591801,0.0006331836227466388,0.0,0.9559853654357024,indeterminate
966,0.250157926085831,0.09034611147372815,0.0012860124722028935,0.0,0.35614829080074556,underresolved
967,7.280252517097196,0.05621668647816406,0.05457625226020581,0.0,0.0733502705959575,underresolved
968,0.05441085721022498,4.019408442158139,0.00015562865274135597,0.0,1.0,indeterminate
969,4.926064149476005,30.393847743421706,0.9407142695023916,0.9405862352966068,0.9408897763923985,resolved
970,6.053755789497742,0.8631303027538717,0.6275407597925877,0.6269441481468981,0.6282253608949707,underresolved
971,0.48243782944610714,0.20712803123758855,0.016639131235420938,0.0,0.024011478938190764,underresolved
972,1.2545487097641628,0.15561970066158692,0.07352676661644797,0.06931953847665413,0.09912966916321345,underresolved
973,0.059115295756396895,1.982179116566277,0.00018348012011296168,0.0,1.0,indeterminate
974,0.4170507519312164,0.04258353432281421,0.00242633621732611,0.0,0.1660080557637042,underresolved
975,0.6120424774706087,2.4620521176017016,0.13180281115516423,0.12894197332625446,0.13438129970821505,underresolved
976,0.09471555495050768,14.630045871009774,0.0008364379183102735,0.0,0.5366616896455851,underresolved
977,0.18920772607457273,1.0500361107961675,0.004652982443863934,0.0,0.09054989847691701,underresolved
978,0.40570727626084196,4.580219461045036,0.051911342341422514,0.04492834193770184,0.05818399036201903,underresolved
979,0.3207789776985256,0.4098807776142265,0.010808108700517748,0.005777786531148082,0.03814626636305375,underresolved
980,0.06467685298989037,0.40741709502546664,0.00010144236372395897,0.0,1.0,indeterminate
981,11.57937329837819,0.45959270573594424,0.4129715411624378,0.41029935023502895,0.41425306150459745,underresolved
982,9.506604247635618,3.4271133262645104,0.9442525491129413,0.9441066752932604,0.9444380867383577,resolved
983,0.5134927463705979,0.21699230853019752,0.020211715917129357,0.00801188102957895,0.0343513851827684,underresolved
984,0.07452454096493555,0.07552425819435019,3.0913009720482354e-05,0.0,1.0,indeterminate
985,1.9624807803205064,0.9883841279687988,0.4972307323090427,0.4965415986200764,0.4978361820089432,underresolved
986,16.016244760337344,5.0917830207162025,0.975545026227628,0.9753067871984006,0.9756015145060746,resolved
987,0.5304741196174526,25.54408369296358,0.102832777362324,0.09831244728548778,0.10565839549624244,underresolved
988,18.348499197438393,1.1712263392326636,0.7571332824936723,0.756638176741473,0.7574282275511374,underresolved
989,2.8927438120746354,0.15799808385054148,0.13175270800573108,0.10972583770256991,0.14332089006721843,underresolved
990,3.393664804158614,0.7731127931596679,0.5398253514453261,0.5383628004009565,0.5399621544639774,underresolved
991,0.6506166793654529,0.08371134342866239,0.013530003214044944,0.0,0.05256597009433513,underresolved
992,5.388379273418248,0.5153406573132432,0.43540289132059623,0.43415625648785383,0.43735377880406645,underresolved
993,0.47051300854404476,20.814835290310764,0.07707912057840338,0.06903021707669346,0.07856206789571987,underresolved
994,2.366276938812658,0.044505582182739506,0.0347486555691199,0.0,0.11763254239336066,underresolved
995,0.8247204008461968,24.58341473248488,0.2573556978258845,0.25620688362740895,0.25893268726567664,underresolved
996,0.41711252734002024,11.00254846209212,0.05681730888284065,0.052984613881992694,0.06553724691269515,underresolved
997,0.10331657905978683,1.3770809153772376,0.0008782678998386747,0.0,0.9427586519267203,indeterminate
998,0.03429283521145451,14.66546124543408,4.016402619920252e-05,0.0,1.0,indeterminate
999,0.24433243138319552,0.8555686571659378,0.008692629680321718,0.0,0.031244403275451776,underresolved
1000,0.23432892660852475,13.969789673103959,0.0118452632613611,0.0,0.025217605877877795,underresolved
1001,1.2711073281808771,0.05401029758568133,0.02618215391586511,0.0,0.07488160646784785,underresolved
1002,0.4650462634515507,0.05826806575159238,0.004361532785692439,0.0,0.02918735582251985,underresolved
1003,5.657881118793575,0.34266713862842796,0.3095460819959581,0.30707456559099156,0.31403293198083404,underresolved
1004,0.2255778840100857,4.602844451764696,0.010412178162765231,0.0,0.022512543667880105,underresolved
1005,0.17138126597379505,0.26440633404946007,0.0012320544258719963,0.0,0.09626351325393877,underresolved
1006,1.195820064828099,6.903951760184534,0.44676932196532354,0.44590571180609,0.4471516406128131,underresolved
1007,0.17772642099099623,1.4850228814726596,0.004444231540884348,0.0,0.051599899521249756,underresolved
1008,0.9079767452924375,0.12468903838181743,0.03758499475689202,0.0,0.05365367158161391,underresolved
1009,1.102721767440261,0.773209362087381,0.24864133117145573,0.24690781305681828,0.24960805602932348,underresolved
1010,0.335314527120757,5.2233664953101835,0.03155935620315277,0.025718463894292703,0.04610050754360988,underresolved
1011,0.323257754914061,0.11782047608784446,0.0034050855265187444,0.0,0.0392189096286641,underresolved
1012,5.48934756233516,4.606284856554513,0.93053290030858,0.9303428026566835,0.9306686903146468,resolved
1013,0.13930848036164445,2.0321220888708402,0.002356800199932519,0.0,0.17500963018349489,underresolved
1014,19.155871128792327,0.04008513393080298,0.03988979620509086,0.0,0.13707601487233503,underresolved
1015,22.861579809621514,0.6417416829588711,0.5385468044754038,0.537713017240712,0.5398228757474136,underresolved
1016,0.17860206430000145,0.08362843018850667,0.00045294387479835954,0.0,0.8389332249026414,underresolved
1017,0.11224524541813993,23.74816096581841,0.0013866374794345064,0.0,0.11340884378943628,underresolved
1018,8.486468092626216,20.27930935329262,0.9783394674731182,0.978261418893661,0.978541384786368,resolved
1019,0.08430657066739117,0.15266533935509902,8.947629659846653e-05,0.0,1.0,indeterminate
1020,0.09536398603377601,1.6389746701952352,0.000730358555627687,0.0,1.0,indeterminate
1021,0.052607832471140946,0.5842882279591062,7.314757920081851e-05,0.0,1.0,indeterminate
1022,13.632320413614597,0.19336399063421222,0.18832529609004095,0.18147754117708845,0.20257381811913536,underresolved
1023,0.039232693667797816,3.705401776238935,5.8166957564438426e-05,0.0,1.0,indeterminate
1024,8.490280533131184,0.5384632857677167,0.46440388702513075,0.4624924743656182,0.4654269915618616,underresolved
1025,17.425648274513637,4.9007644897399265,0.9749899069713203,0.9748208160017828,0.9751169957537998,resolved
1026,7.727111410462344,8.615761427286888,0.9688893780719501,0.9687098803566683,0.9689994155078515,resolved
1027,0.07466301552916779,0.059945699922742485,2.4698710370474412e-05,0.0,1.0,indeterminate
1028,3.5731343228219603,19.331945588212196,0.8918568030274253,0.891616889937154,0.8919571873655856,underresolved
1029,2.515408077941084,0.04761259335232091,0.038162911338429306,0.0,0.12607812851214723,underresolved
1030,0.1243207047065438,24.094004097125268,0.0018761399149247336,0.0,0.31586980917649693,underresolved
1031,11.681282229849812,1.6707359236795298,0.8486989380773083,0.8485156488763469,0.8490343833903647,underresolved
1032,0.3993409874189537,1.8294044674465828,0.04475787343138623,0.03349759057771586,0.04711531189091488,underresolved
1033,0.041220322302340594,2.9262002003548915,6.610634931796547e-05,0.0,1.0,indeterminate
1034,5.591223868354037,30.028975358058318,0.9533390719485659,0.9531552870669647,0.953450475562184,resolved
1035,1.9504404222808829,17.44561927634418,0.7034799425655106,0.703171937399134,0.7037273193111162,underresolved
1036,2.152749895460983,22.537543004457554,0.7452294032347297,0.745148929437571,0.7456432924364657,underresolved
1037,0.16305545400508906,0.06853677837331353,0.0002849826160474214,0.0,1.0,indeterminate
1038,0.8076486187143587,14.46539037314523,0.24745725480722552,0.24601598458082166,0.24887490406905938,underresolved
1039,0.45640870363351677,0.12015542503805865,0.008539364719613,0.0,0.05292334750979305,underresolved
1040,0.5919562774610718,4.2004189544844275,0.1285872787604269,0.12493193834876457,0.13071899873722406,underresolved
1041,14.768815287824623,0.7771492451362352,0.6094354463682125,0.6083491229913682,0.6098567417720602,underresolved
1042,0.22573827087213655,0.20231876561013473,0.00211720294125414,0.0,0.058893933908657464,underresolved
1043,1.6752120943056037,0.5528952931463741,0.3063170080782576,0.3049164504097915,0.30810415386926204,underresolved
1044,6.251359203446068,4.503603292345474,0.9399168696067017,0.9397312218892558,0.9400516851183895,resolved
1045,1.4297987345237015,14.91979821595288,0.5490539366776666,0.5487063126437893,0.5495909585036229,underresolved
1046,0.1429276531545933,16.720678270595734,0.00282748125998342,0.0,0.21874014419553914,underresolved
1047,14.673524657336621,14.057507177213378,0.9905704328977126,0.9904798810244303,0.9907536280476293,resolved
1048,0.2217700670273543,0.2660306342148038,0.0026092497225110828,0.0,0.07108140201990934,underresolved
1049,14.740790815899949,0.22976931497136394,0.22239714245203973,0.21271263902980392,0.22815263419455567,underresolved
1050,0.05924714108502156,5.036589153527684,0.00020291949070621037,0.0,1.0,indeterminate
1051,0.7001291523608189,0.6414435993536706,0.10185955382398458,0.0993913840394885,0.10517998897906579,underresolved
1052,0.05184615318211076,5.695683536918541,0.00013671253152386349,0.0,1.0,indeterminate
1053,8.34846013652429,18.05302614258268,0.9773595604034014,0.9771762081032774,0.9774570008051144,resolved
1054,19.12448495484269,0.03932826813480543,0.03913726887378723,0.0,0.15979395850395592,underresolved
1055,0.11307640340517966,24.736262780851074,0.001417374633076916,0.0,0.21528146191067987,underresolved
1056,0.04648055255632642,0.3380963731580307,3.205867916371973e-05,0.0,1.0,indeterminate
1057,0.11282452617300082,11.757911307941374,0.0014041237840905425,0.0,1.0,indeterminate
1058,5.529662009892695,0.20468734353153614,0.19107978037236348,0.17548906352716756,0.1953704527388663,underresolved
1059,2.378000226295933,28.154147706404252,0.7828004354778064,0.7827221570477629,0.7831689254565805,underresolved
1060,4.654688466619816,0.18905433690487325,0.17360686463656932,0.1579327158805977,0.18108133173078889,underresolved
1061,0.07304773953998292,1.7120160212597957,0.00033389496938151153,0.0,1.0,indeterminate
1062,0.9310286443890216,0.5989683943246142,0.16258087849081743,0.16072110883849464,0.16492721250116227,underresolved
1063,0.9294690150096138,0.8224130368450417,0.2004344379646519,0.19893238462182444,0.20212046844109716,underresolved
1064,0.05750928176876881,0.08094095894660637,1.5269092288053392e-05,0.0,1.0,indeterminate
1065,5.109470141366168,1.3077100356594742,0.7508122245257159,0.7504739388750509,0.7511863488302855,underresolved
1066,0.09598323436335639,0.04465854809666452,3.891203853617738e-05,0.0,1.0,indeterminate
1067,4.5455707421139895,25.347472889904925,0.9308362900149745,0.9306670384631385,0.9309776080524979,resolved
1068,0.150080196660988,1.3744667443254617,0.0026436769884447503,0.0,0.026625454371212366,underresolved
1069,0.03554964857193656,0.3511844518713153,1.4858147959153775e-05,0.0,1.0,indeterminate
1070,0.058350864758194565,0.37083576061806656,6.872739144116969e-05,0.0,1.0,indeterminate
1071,1.344816802355805,0.8509540865437942,0.33488237013743805,0.333794942299731,0.33580173489132226,underresolved
1072,0.16091494688081973,0.287631430445812,0.0011084383727984622,0.0,0.8641039276616356,underresolved
1073,0.9240005576289779,0.7689017204088474,0.1905186772310561,0.1885812811773392,0.19196233935981843,underresolved
1074,6.951543713427501,29.07922464705535,0.9691705847293773,0.9690033817862691,0.9692885078068719,resolved
1075,0.07561034667409232,0.2204398586690424,9.226065751003524e-05,0.0,1.0,indeterminate
1076,13.222188194934683,4.380239664510481,0.9666110568537756,0.9664836329105924,0.9667886434421171,resolved
1077,0.07154857233790228,8.526114834466023,0.0003610021668979486,0.0,1.0,indeterminate
1078,0.03540281062858317,5.327442332463915,4.352892825854436e-05,0.0,1.0,indeterminate
1079,15.208970463763123,1.8414178236658345,0.873110748731705,0.8728284659999281,0.8732993581793896,underresolved
1080,0.13927497062888683,0.3149726053507711,0.0007885636662549777,0.0,0.5125826064705733,underresolved
1081,1.0517488392586178,1.4463763100051152,0.31308012471625085,0.31184942177283215,0.3137853652688441,underresolved
1082,2.6001906219273714,0.40402063138089567,0.3045860562387089,0.3027462874125716,0.3079302567603218,underresolved
1083,0.03201785869266578,0.07637991770219472,2.495889909158632e-06,0.0,1.0,indeterminate
1084,0.11853311285331068,0.23233960194506745,0.0003690937229854481,0.0,1.0,indeterminate
1085,0.07691303455250671,3.2337042107455654,0.0004308492363905502,0.0,1.0,indeterminate
1086,19.23352950129725,0.5694371215371749,0.49283410207383194,0.4917096137406037,0.4943381764599594,underresolved
1087,1.7001602559186384,2.867544646997343,0.6046895107978615,0.604244536893165,0.604991254944328,underresolved
1088,24.884827622000365,0.19681807283052125,0.19264643279549315,0.17620028864558546,0.1976549630490745,underresolved
1089,0.9396765798952823,3.6281594601763074,0.30957288428223056,0.3088604132724871,0.31095002272407374,underresolved
1090,27.410636832511397,0.2111201548506224,0.20615510988857105,0.19519536960624825,0.21346372148605738,underresolved
1091,0.17539065142967286,0.0881494486067288,0.00045271055124671846,0.0,0.6359589178502478,underresolved
1092,0.910691774200201,3.29157898253058,0.29207549102409597,0.2903374567040706,0.2925862361623123,underresolved
1093,0.03866387542297839,1.8892712294907412,5.096949580627707e-05,0.0,1.0,indeterminate
1094,3.094747295664159,0.1507833466338602,0.12846213212642466,0.1143395868364825,0.14888460952712268,underresolved
1095,0.0996438372401595,4.121782191516113,0.0009473175752036249,0.0,0.403413361107381,underresolved
1096,0.10246376496361045,0.03190316588988917,3.376914698964294e-05,0.0,1.0,indeterminate
1097,7.424930066862768,4.405019786250996,0.9492430437054228,0.9490353761481913,0.9493507345037051,resolved
1098,0.08358594275463117,0.03657203297533739,2.1121417022448542e-05,0.0,1.0,indeterminate
1099,25.66740409089244,0.07875627601696533,0.07833474025443452,0.0,0.11518008860977902,underresolved
1100,0.23277750097739472,0.06794381840456631,0.000789945913749882,0.0,0.9430190473885479,indeterminate
1101,0.09066891190681081,0.502688924564483,0.0003306877777968031,0.0,0.9109641986491567,indeterminate
1102,0.03369129101532476,0.0716558110226369,2.7286839655261413e-06,0.0,1.0,indeterminate
1103,4.4528389421530505,1.4955116706409204,0.7721380537277779,0.7718610215455926,0.7724830974213277,underresolved
1104,0.5314459899254819,0.4713289718092173,0.044064225725351076,0.03739242818172715,0.048033890261028916,underresolved
1105,1.8384807532806997,13.359110702400846,0.6760067649248629,0.6758524222360688,0.6764531136326102,underresolved
1106,0.043389764691145104,11.433102549154219,8.114872355413228e-05,0.0,1.0,indeterminate
1107,0.049719090754515666,29.44522495321096,0.0001223801149360509,0.0,1.0,indeterminate
1108,0.13817008481969797,0.7536856918343591,0.0015432420527181749,0.0,0.32750182342929385,underresolved
1109,4.905419960309619,0.0935238124889637,0.08760045668671583,0.0,0.11137126170993177,underresolved
1110,0.3209461266439426,16.88018291543811,0.02848843638400196,0.019948455638378226,0.04204340883866604,underresolved
1111,0.20986727631024926,0.20602198825898166,0.0017484080260289304,0.0,0.14506654112216602,underresolved
1112,0.1585079987040861,0.6040619488607379,0.0019839054344660298,0.0,0.13022989112650446,underresolved
1113,3.3349777642436718,2.180008757835171,0.7988137747629239,0.7985282737711329,0.7990195288116879,underresolved
1114,4.061970017666767,1.0585083742296242,0.6655018209928871,0.6646345232964883,0.6656013116080716,underresolved
1115,9.886713758403328,0.08363093817984636,0.0820772498183466,0.0,0.09986642620748178,underresolved
1116,0.27781015519210267,2.0226521330748444,0.01719203579508701,0.0045103661573540005,0.03363121707127911,underresolved
1117,14.725632080446047,1.404712386813781,0.8090527350082779,0.8087112667747839,0.8093362389375723,underresolved
1118,1.9957114564614393,5.106402368754824,0.7012981674160449,0.7010331794677217,0.7015956970438497,underresolved
1119,0.21658473040158183,4.035698563426305,0.009206207620120014,0.0,0.027110161362349523,underresolved
1120,0.04326834664139335,1.4214183894893788,6.606629768724893e-05,0.0,1.0,indeterminate
1121,0.3581648560524173,11.956634865682938,0.03820399195305464,0.027060517531484172,0.04400063929590802,underresolved
1122,9.155286066137997,0.054845850759662584,0.05379793173844026,0.0,0.15798224111622083,underresolved
1123,0.17655657058104268,0.06533054752487873,0.00034264651061109225,0.0,1.0,indeterminate
1124,0.3498668071163851,0.3578697233389154,0.012134994720492823,0.00806095233759132,0.037570892478441364,underresolved
1125,0.05855179511091252,5.343897220565585,0.00019629864103752677,0.0,1.0,indeterminate
1126,0.05587222207877626,1.0437657561804967,0.00012535589437408305,0.0,1.0,indeterminate
1127,0.05349882533639217,5.932713335333485,0.00015034446544644767,0.0,1.0,indeterminate
1128,6.526051065088088,1.5287483995128688,0.808228525439544,0.807980388746025,0.8085636725794426,underresolved
1129,2.305181147256152,28.99771977639529,0.7716398616403324,0.7714322973346339,0.7718926265344058,underresolved
1130,0.10655769710026641,4.317798658097615,0.0011589202561114022,0.0,1.0,indeterminate
1131,0.22925078373876243,18.984228078064852,0.011141997001915267,0.0,0.04279884148174954,underresolved
1132,14.66821251106085,0.2201436020244609,0.213505333010071,0.20357410825569092,0.22034728530159325,underresolved
1133,0.0550258542726377,2.0439407148157227,0.00014898104505085252,0.0,1.0,indeterminate
1134,0.20246443537544762,0.1031576374603981,0.0008018221905488785,0.0,0.9225149680318021,indeterminate
1135,0.04013841707583441,0.5148666059966737,2.9530204678928852e-05,0.0,1.0,indeterminate
1136,0.12309321398075723,0.26379498208316593,0.00046511899106833676,0.0,0.9179820230804403,indeterminate
1137,4.361161133396558,0.8600302543394898,0.6038119797193956,0.6034818539221674,0.6047934156624545,underresolved
1138,0.09032567603773581,4.154843991233484,0.0007078026423042996,0.0,0.4964821994103323,underresolved
1139,19.84417324305453,20.009303610001776,0.9949611600820518,0.9948779216993933,0.995148276318946,resolved
1140,1.6722501603154258,1.6670280070056942,0.5421228591158104,0.5419720472214534,0.5429023323546853,underresolved
1141,5.033114165374948,7.057593729656084,0.934248315857118,0.934060480915706,0.9343745472978664,resolved
1142,13.964228226550924,0.6829291963062414,0.5596524385496546,0.5580231099955568,0.5599169023127706,underresolved
1143,0.5026903748902721,0.2915911671565575,0.025362189581038603,0.014279896660043593,0.033655708571441144,underresolved
1144,0.36277818201991624,0.6975132439254088,0.02269059325350081,0.010647402443942354,0.028195626878368348,underresolved
1145,1.0379575337022429,4.718668972422061,0.3653697474684927,0.3648753749058672,0.3665519535576709,underresolved
1146,3.6130763944198185,0.3813187026748855,0.31895204911637115,0.3174834952186387,0.3231772118011587,underresolved
1147,20.94471026816988,0.07368186917747577,0.073232121492108,0.0,0.13171274663828375,underresolved
1148,0.10619234971576523,0.09711367589669562,0.0001138195005805623,0.0,1.0,indeterminate
1149,9.111561693650645,22.440812914545184,0.9812267037846508,0.981056113917054,0.9813342670129931,resolved
1150,2.310898775523325,1.4988748691077225,0.6430313176789263,0.6426022280108754,0.6433700061402857,underresolved
1151,0.24482641956661164,0.0904328617946792,0.0012111852700761475,0.0,0.7883281320925484,underresolved
1152,0.9158053542595568,0.2870267654734559,0.08499141480122735,0.07509350110053888,0.0872667739492123,underresolved
1153,14.779936268078993,1.952272649909643,0.8839563263261092,0.8836949132482881,0.884142832747845,underresolved
1154,13.943380128895658,2.1722025846350146,0.9014019343427487,0.9011083763584478,0.9015213183412446,resolved
1155,0.043926953810136664,5.780293698168882,8.327865584896988e-05,0.0,1.0,indeterminate
1156,0.05590315755325729,0.7584548465926547,0.00010508259718369279,0.0,1.0,indeterminate
1157,3.446172227233462,1.4979522858484313,0.7367177417263558,0.7362024977264278,0.736856693217823,underresolved
1158,1.5105362291151032,8.807748749620451,0.5760497074086757,0.5756565777879203,0.5764677623362933,underresolved
1159,27.35147860370184,0.03952108924955862,0.039411212377761365,0.0,0.18538133976851787,underresolved
1160,0.043750770608489045,0.05342233280045506,4.454668318209013e-06,0.0,1.0,indeterminate
1161,0.07435858981570269,1.0415431385092422,0.00029413398469936114,0.0,1.0,indeterminate
1162,0.05194964890754544,18.11758906599436,0.00013942209339539344,0.0,1.0,indeterminate
1163,11.825342593978895,3.0246428601322575,0.9393598447044147,0.9391153625853632,0.9394596273360443,resolved
1164,0.1894789906211346,3.303241522546202,0.006175382186376792,0.0,0.06718572928487852,underresolved
1165,0.1016186640438224,0.05412567462581654,5.5846507925143805e-05,0.0,1.0,indeterminate
1166,0.43230230109107726,22.778378473906074,0.06242109983503459,0.056629760870104344,0.06812947094646575,underresolved
1167,0.7445876925829686,4.488323964245495,0.2079115695101076,0.20668592073290384,0.21014224887422359,underresolved
1168,0.07826917211278805,0.23517968189056143,0.00010876859022635055,0.0,1.0,indeterminate
1169,4.318480500299107,0.2595607193578722,0.2323026931941142,0.22564152501760806,0.23774253192971068,underresolved
1170,5.157521692411458,19.283475242632136,0.9448778786365831,0.9447800296513512,0.9450812782586191,resolved
1171,1.1539101721266078,0.3282284370110472,0.13459190157379844,0.13145208829133448,0.14002168264959455,underresolved
1172,0.6874759952835721,0.16794904111839362,0.03011427516251,0.007675136298854146,0.04434655895271448,underresolved
1173,0.17994862298821027,4.901592558200004,0.005442897222427541,0.0,0.014179546580897335,underresolved
1174,1.9661035056438017,0.06844955183479284,0.048358749180638455,0.0,0.09173399908232498,underresolved
1175,23.904502935990344,0.2508709726598144,0.24269329176594695,0.23792115389708107,0.2506824145466824,underresolved
1176,2.014458686138791,0.20790933528302766,0.14628033445714717,0.13480889757278997,0.1540318458231144,underresolved
1177,16.370980429800415,0.11426727361018998,0.11289605717266243,0.06092063834316792,0.1326015569347654,underresolved
1178,1.5540207001508433,25.773795249369005,0.5942394036839763,0.5938312956061024,0.5945987663129965,underresolved
1179,0.03232884062361917,0.7774263919786191,2.070589241475806e-05,0.0,1.0,indeterminate
1180,0.518922274442547,0.05023749647027807,0.004902879924931093,0.0,0.08088501983178092,underresolved
1181,11.519554152244796,3.2634888411088556,0.9454133885804911,0.9452765967240827,0.9456108145838391,resolved
1182,0.040468544723569665,1.3554685155081192,5.3201510362786884e-05,0.0,1.0,indeterminate
1183,0.9837035250633456,0.07133666849146723,0.024539968345238656,0.0,0.060326582151616195,underresolved
1184,0.04997114873714023,4.291624681011492,0.00012107439661559615,0.0,1.0,indeterminate
1185,4.561140349684201,1.0372757255406069,0.6709694213323706,0.6704208017563695,0.6714031387617917,underresolved
1186,0.3467270567015796,7.301201663922057,0.03483153981434344,0.032568294985577326,0.05173869541369839,underresolved
1187,0.7542675537103393,0.03288622123445593,0.007177191345728494,0.0,0.11328183286175686,underresolved
1188,0.18120997713360817,0.03562527604159828,0.0002018280008233716,0.0,1.0,indeterminate
1189,3.404947324877495,4.460861442757305,0.8618981398874715,0.8617326480903352,0.8621115434803647,underresolved
1190,3.511981734620926,0.24429871377307835,0.2111294091246698,0.20230843167646595,0.21606395846429538,underresolved
1191,0.07380060577591693,3.267076264756218,0.0003812366942036529,0.0,1.0,indeterminate
1192,0.08649671771880929,2.5180862712683694,0.0005947620953641586,0.0,1.0,indeterminate
1193,0.5630527501923139,0.032680855518102195,0.0038575908382544703,0.0,0.09350878531774631,underresolved
1194,1.7655468235254679,17.83200615998153,0.6577486681611182,0.6573611478610528,0.6579947563610931,underresolved
1195,16.832378992157,7.31806320339476,0.9855699825243693,0.9854403649033027,0.9857218857173139,resolved
1196,1.0421044757924687,0.32641356613933936,0.11656053453124476,0.1107900160644687,0.1199457540325996,underresolved
1197,3.2437160706642025,5.6878852078847935,0.8594955427716605,0.8591967271648386,0.8595720808927495,underresolved
1198,0.4716460916361086,21.00098115720558,0.07753722420715561,0.07214174543549164,0.08165657606387884,underresolved
1199,0.7015716760338766,0.22624563536348224,0.04180368434593465,0.03513222845214652,0.05364759255658726,underresolved
1200,0.2104399357028073,10.038043492951985,0.008689834827879944,0.0,0.03614594853015735,underresolved
1201,1.337477726301784,7.075448285326584,0.508660370641026,0.5078654245739692,0.5088726168744989,underresolved
1202,1.5013128298901648,5.220459568298178,0.5662056041785367,0.5659900168719318,0.5668245720404349,underresolved
1203,0.06755088825752845,2.4527326056671326,0.00028348882282908555,0.0,1.0,indeterminate
1204,0.13328031961558445,14.265746985606876,0.002300187758838047,0.0,0.06513376470292379,underresolved
1205,4.635830387703302,1.3513224836447288,0.7508255472678943,0.7506798116589197,0.7513720747857021,underresolved
1206,0.11044089511870062,0.038114295581314926,5.038076280936091e-05,0.0,1.0,indeterminate
1207,0.47588031003163,0.10579195247844035,0.008347335300865349,0.0,0.040739518276776146,underresolved
1208,3.620240154537549,11.695840463012516,0.8923151585641588,0.8920718173207423,0.8924130415360022,underresolved
1209,12.547174093248222,2.9954415968393233,0.9395724533128407,0.9393091441791686,0.939654199494518,resolved
1210,0.04413421549193969,0.2889668353037498,2.379533083933404e-05,0.0,1.0,indeterminate
1211,0.04713128023216457,0.28137432775333315,2.8263208619694924e-05,0.0,1.0,indeterminate
1212,16.288069121530455,4.914456265145381,0.974404725385305,0.9742172578912075,0.9745136800292992,resolved
1213,5.948354251858005,0.05392035506804602,0.05163765387549129,0.0,0.08607071398987218,underresolved
1214,0.04031239824211745,0.7980658252275017,4.076472836894035e-05,0.0,1.0,indeterminate
1215,0.06064181894176411,1.4562145382806033,0.00018282452780535123,0.0,1.0,indeterminate
1216,0.11671014555715035,0.6594923707833743,0.0008576432159483082,0.0,0.2921285598425274,underresolved
1217,2.2181193673685646,1.17307163990821,0.5765788891641972,0.5760134871797876,0.577010073041524,underresolved
1218,23.75430778933939,23.032181145825785,0.996408848170705,0.9962222901338342,0.9964916556412718,resolved
1219,14.125387249628995,0.18101512102185133,0.17678971940886495,0.16351514296966188,0.18822095443109405,underresolved
1220,10.408651909521682,0.060286164520591816,0.05935325277952572,0.0,0.1483760801385012,underresolved
1221,7.073452373628484,0.28226756387597823,0.26370769944460914,0.259911747508532,0.27005826420755036,underresolved
1222,0.12914083079320643,0.559460975997419,0.0010257794716594627,0.0,0.3727254522463846,underresolved
1223,0.8444906006077856,0.04560817930280585,0.012237069418016394,0.0,0.05906605473953527,underresolved
1224,6.39110136075193,11.611845107640608,0.9608131012919497,0.9607426236583348,0.9610350280782122,resolved
1225,4.738819763136743,7.383682942124762,0.9282635285146518,0.9280385540323821,0.9283562341093476,resolved
1226,0.2672744818564778,10.691771093697383,0.017140837688010398,0.009837177247600403,0.04441976627367366,underresolved
1227,1.8003660568348947,0.20725558980322475,0.13558283089751152,0.12246949678955221,0.14200798026580286,underresolved
1228,0.9114614253193456,0.041490154063052745,0.012671809488348337,0.0,0.06100925338444139,underresolved
1229,0.32048574370723276,0.04178770447533395,0.0011868700750594882,0.0,0.4154457542166112,underresolved
1230,8.72235305866319,13.106584926321641,0.9777610172016278,0.977591049973062,0.9778725543081181,resolved
1231,23.494406668331287,1.6824420470005974,0.8572884375474485,0.8569214339645204,0.8574321137996601,underresolved
1232,11.541558183909913,0.11962516590941265,0.11745323962828498,0.09867921900962912,0.15126968367544238,underresolved
1233,0.05600147220915733,0.4500111541624592,7.173604416541563e-05,0.0,1.0,indeterminate
1234,0.5144110141677974,0.1401919239605941,0.013288868737932459,0.0,0.028939385304466592,underresolved
1235,1.814568780138927,0.037082139676884264,0.024894131675983696,0.0,0.11989937437891615,underresolved
1236,1.1155649784146928,14.443972361247555,0.4118804169229115,0.41147743853576285,0.41289785720248207,underresolved
1237,15.189777116690337,28.570967706922946,0.9929259185917966,0.9928617748239948,0.9931328171233724,resolved
1238,23.022829213374848,1.345393171670095,0.8003165573642851,0.800198174168913,0.8008544200641854,underresolved
1239,4.251372105620746,0.12994509870467388,0.11886196017470607,0.08873855530069953,0.1385082732568887,underresolved
1240,1.1625209808284203,4.18801196130331,0.4237960853853113,0.4230045951128279,0.4243450876545514,underresolved
1241,0.0973184107008802,7.992427840667515,0.0009017191865967586,0.0,1.0,indeterminate
1242,4.938317511307955,0.10985476158524436,0.10280979570325877,0.034765472408141165,0.1221643600168682,underresolved
1243,0.20980788560343483,1.5697744650285124,0.007301950609525129,0.0,0.06059171375567036,underresolved
1244,5.079804738386772,6.764909756719248,0.9344104588897689,0.9343151724277695,0.9346297221470071,resolved
1245,0.05179175204109536,0.23653695910756656,3.185034324137539e-05,0.0,1.0,indeterminate
1246,13.663531406492385,0.6293325024540533,0.5283821460317079,0.527728603880937,0.5299162876576444,underresolved
1247,0.03542288628254817,22.407386245825144,4.4320318716022394e-05,0.0,1.0,indeterminate
1248,4.070941674173228,5.05805111653644,0.8984747623890251,0.8984019335670665,0.8987479017857753,underresolved
1249,11.011046631488757,0.978329597290943,0.6907557462917739,0.6902245524567141,0.6912599878226161,underresolved
1250,0.21772466593788425,0.8916477516137231,0.0064077905810640875,0.0,0.05892902282177355,underresolved
1251,8.967240018163368,20.51293112065245,0.9804673895371425,0.980359917176494,0.9806385939437111,resolved
1252,30.086498224063277,15.370895521061389,0.9962391006040778,0.996082577059718,0.9963528499864011,resolved
1253,0.21240882747284254,2.3713282220539487,0.008264713720044522,0.001142099273695893,0.06910559589265818,underresolved
1254,0.11398629917474278,11.012094016388803,0.001446655261324122,0.0,0.14778055496709078,underresolved
1255,1.3099830567997164,2.3075409280748493,0.460804750113383,0.4603787498766495,0.46153726730831274,underresolved
1256,9.278489136926694,1.8217824358487273,0.861562988235685,0.861415289859157,0.8618967275930586,underresolved
1257,0.44425450771175734,1.401219909473326,0.054471230283019964,0.052377660911008685,0.06371973602874517,underresolved
1258,0.48388699544830827,0.46765819459600455,0.03500750094312349,0.028938112781278127,0.041479437777928924,underresolved
1259,1.412400992357781,7.489831086663476,0.5388512107405657,0.5383963248967445,0.5393087603608907,underresolved
1260,0.26052141194160766,13.050256336235142,0.015976459543692673,0.00022998431089900462,0.029167055897103715,underresolved
1261,0.05402515372083616,0.6460072289447956,8.519066944354613e-05,0.0,1.0,indeterminate
1262,17.555441918319993,0.23311430955172954,0.22592682610354942,0.22468025985795526,0.2391341033597829,underresolved
1263,3.0968126454386353,0.5179095978189318,0.39631494789332977,0.3952150386834215,0.3984487722800417,underresolved
1264,0.8105458274886342,0.1841350895038485,0.045211729996403806,0.022851063556142474,0.053140214964960755,underresolved
1265,10.692850077729446,2.9067503033607576,0.9333348500931299,0.9331846474777037,0.9335363005782727,resolved
1266,0.40968687540841164,1.952560378552072,0.04849519769763635,0.0457359731428347,0.05900284095218119,underresolved
1267,0.08843052393909318,19.556023475173227,0.0006825981499911542,0.0,1.0,indeterminate
1268,0.20979117690971275,1.194297787795269,0.006636504073612729,0.0,0.01846806959006259,underresolved
1269,0.2224284863295257,6.9724677149397385,0.010131928130545736,0.0,0.030806915647278475,underresolved
1270,0.599372252968065,0.8413079183489425,0.0874739781828574,0.0830027498670719,0.0896240970476648,underresolved
1271,14.249285999850281,0.04166993034337718,0.041328107579325035,0.0,0.14598878659187606,underresolved
1272,14.06046573551204,0.24038757132815877,0.23196700383225463,0.22767939653901065,0.24149880818240463,underresolved
1273,20.351791143837442,1.7675367459991629,0.8672182901022832,0.8669810624422529,0.8674682794563774,underresolved
1274,0.1295147821671676,0.14622870829880083,0.0003065912001950295,0.0,1.0,indeterminate
1275,0.1816933539489569,0.07799509392235378,0.0004442312492433625,0.0,0.9438242349201431,indeterminate
1276,0.8568742249059589,0.1768048283146807,0.04796229435978111,0.03910158522071159,0.06499000061377454,underresolved
1277,0.10699963597547807,7.829071630484221,0.0011945844577267487,0.0,0.24354600463874768,underresolved
1278,0.08948588352406169,5.206111361440378,0.0006953449617773456,0.0,0.7106449710462384,underresolved
1279,0.28349510552925444,2.484249065236964,0.018822121453290007,0.0036777778028804454,0.02986132747248521,underresolved
1280,4.398282117848634,0.27401353248296123,0.2450288945114502,0.2370171099314897,0.24798475199515058,underresolved
1281,7.252946334270582,0.0629637420609274,0.061089139473071506,0.0,0.12294664468159883,underresolved
1282,3.4534460388857346,6.5185047074159845,0.8759835921558211,0.8758499249861884,0.8762090840774543,underresolved
1283,0.20869517630641818,10.851362024719732,0.008490411220898058,0.0,0.06247122974503698,underresolved
1284,26.322282925197285,0.15167372691546918,0.14963457598546615,0.13239153221437142,0.16721843359026453,underresolved
1285,0.044434081331458444,16.821821198284454,8.731677020744954e-05,0.0,1.0,indeterminate
1286,5.24652023410736,1.9683310582707707,0.8450728093155047,0.8447682797321303,0.8452411238142327,underresolved
1287,6.629805976792537,17.916909550890626,0.9653166899319794,0.9651098302004675,0.9653980189008459,resolved
1288,1.796856744947709,9.3817032201928,0.6634034634285085,0.6631307714828847,0.6637541303044227,underresolved
1289,0.30309429963395407,0.10828293859256252,0.002627289621528792,0.0,0.09517245620117631,underresolved
1290,0.26823328840173083,0.8590231407963539,0.011330958673580435,0.0,0.015517145923616455,underresolved
1291,1.043427669717913,3.9054566805376965,0.36456130986218876,0.3639551534121566,0.3656264757544856,underresolved
1292,2.084004791798236,0.09429570921704644,0.06879846940796647,0.0,0.11070921968204894,underresolved
1293,6.550015494312803,1.368192300918441,0.7799177144758274,0.7795115536822733,0.7801731466063645,underresolved
1294,1.6025949637622734,0.1523760478258309,0.09198348594423107,0.05658191236267192,0.09832015474211563,underresolved
1295,10.624424262571498,7.232432246517576,0.9775570245044798,0.9773683058467779,0.9776546681454706,resolved
1296,1.824680314516501,30.428744416649735,0.6740244166677173,0.6736760749676441,0.6742801567669199,underresolved
1297,0.8833322809544732,9.135237954471304,0.28843951214728025,0.2874032598381628,0.28974835018079304,underresolved
1298,0.05144926226249989,9.735644963810858,0.00013493864731359376,0.0,1.0,indeterminate
1299,0.33835540676220827,14.995873404614287,0.03285072002540697,0.031431201931960695,0.05185712257379574,underresolved
1300,1.9102498568867041,14.884788026346577,0.69381818339909,0.693633944025648,0.6942047617780382,underresolved
1301,28.3390221535413,30.889387683506968,0.9976125046173921,0.9974894256264789,0.9977577778638116,resolved
1302,1.1870069141518125,7.9958430653406865,0.4438521464913361,0.44363192399667095,0.4448916470646827,underresolved
1303,0.2388865740109626,0.05620850245264333,0.0007039448270986401,0.0,0.3942981970995782,underresolved
1304,1.6774857492511788,1.838254125413524,0.5567007708517323,0.5563216885193584,0.5572031362904662,underresolved
1305,0.03244516347528521,25.100769953874806,3.407376447709704e-05,0.0,1.0,indeterminate
1306,8.210320389711278,8.22118523924633,0.9709966634760105,0.9708110480407739,0.9710997559398299,resolved
1307,2.5495335104738346,0.6949338706581003,0.46042877824314465,0.45953208591853534,0.46151248212867746,underresolved
1308,23.88251003087535,0.6160026942363344,0.5231027855754948,0.5229800394737554,0.5252493324677857,underresolved
1309,8.168438679041614,5.82140835453884,0.9638161507429565,0.9636725843506133,0.9639708836835132,resolved
1310,0.5083413669698691,14.200609958049933,0.09282361433797413,0.08970426956960609,0.09778313134364443,underresolved
1311,0.4170201240399517,0.21644198106346643,0.012062047724878547,0.0,0.02143101527269166,underresolved
1312,4.556308640575155,25.690770661770014,0.9311590288456089,0.930968828812323,0.9312791543622652,resolved
1313,0.09123094766863617,18.50250693455761,0.0007488479055560787,0.0,0.5982585813183727,underresolved
1314,11.686349905252506,0.16268223132914508,0.1588237058384961,0.14215451488128472,0.17281923955655815,underresolved
1315,0.048928727227477674,4.138176418387348,0.0001134514342758987,0.0,1.0,indeterminate
1316,1.605579528111951,0.3877034123646347,0.2210788616994659,0.2162931615310831,0.22226816409171005,underresolved
1317,0.22595720858669036,27.146278463556595,0.010699043205666942,0.0,0.027131494156801685,underresolved
1318,6.396147046894961,3.4176845464828967,0.9256155025153118,0.9253754358589663,0.9257188160780399,resolved
1319,0.30180706065867324,0.7439766774095968,0.014398005222548261,0.00024164975858794908,0.022392534330714493,underresolved
1320,0.05208627710696331,3.4285146057760296,0.00013510631991044426,0.0,1.0,indeterminate
1321,1.2199567089484986,1.691845649111551,0.3982135333869016,0.3977877027905024,0.3992115079020175,underresolved
1322,1.4542692140084206,0.6387172031297687,0.301149395213798,0.2993741062371672,0.3020949094469673,underresolved
1323,0.06841588949971689,1.0706181137341952,0.00023239456759151507,0.0,1.0,indeterminate
1324,9.924452338444954,0.08951796133029315,0.0878205984368897,0.07252197398626982,0.15076378069822244,underresolved
1325,0.1574310429452519,1.1975781214191341,0.0028870120151665507,0.0,0.08809214112372411,underresolved
1326,8.73039691615601,1.9269534508558404,0.8704108839956808,0.8701244266267832,0.8705844984356498,underresolved
1327,0.5275920918358447,2.421228788265281,0.09391130179808527,0.08862858247089599,0.09616764945246764,underresolved
1328,0.2194470705832441,10.216502634354876,0.009801201837758252,0.0,0.030273525019020812,underresolved
1329,12.75883850751518,0.20959482649432523,0.20326159622163067,0.20133811416119968,0.21905126994868354,underresolved
1330,0.5584665155200512,16.113811735646532,0.11569461803229697,0.11267040868472626,0.11922550162140934,underresolved
1331,0.0774257364029429,0.5752812380434313,0.0002293834341642846,0.0,1.0,indeterminate
1332,0.34059487533444677,4.342410897871748,0.032658362468912294,0.01603070042369965,0.03408324536883351,underresolved
1333,1.1760199664805409,0.086310804622737,0.03801939974455763,0.0,0.06626409517516464,underresolved
1334,0.5258019379954421,1.3205095074430608,0.08035658002208661,0.0749155152290004,0.0827729288324915,underresolved
1335,13.460161849428477,0.5142366936867233,0.4535532813089927,0.4516638442781356,0.45485558375414264,underresolved
1336,0.08687360716974778,12.085292331926832,0.0006460764144300461,0.0,1.0,indeterminate
1337,0.21513709741765588,7.309839982004152,0.009218181559626965,0.0,0.0318357003123116,underresolved
1338,0.8249391855342338,31.138274735042344,0.25755775110987156,0.2557649201495106,0.25848862551158747,underresolved
1339,2.293408094013309,0.0885405102649297,0.06792942520089175,0.0,0.08620861399883539,underresolved
1340,0.26944605983794784,0.8279985413541469,0.01123085420219011,0.0024388783039023415,0.03798249333949934,underresolved
1341,14.550506413160972,0.0702037647225144,0.06953814595757203,0.0,0.1422238422347282,underresolved
1342,0.21103642227022545,7.994808935227927,0.008736065172642148,0.0,0.048498305759679894,underresolved
1343,1.2058512468983895,0.8487070577166661,0.29512372746648197,0.2942414918750892,0.29648197498965706,underresolved
1344,5.412887393668402,30.018173142446432,0.9503775345694164,0.9501377151232379,0.9504348442490168,resolved
1345,2.7981364002715954,0.18458763325250704,0.15157396028327674,0.13944178511055405,0.16317904968775312,underresolved
1346,0.19127217069609795,0.15511329024795126,0.0010163288013475132,0.0,0.3869368193040824,underresolved
1347,0.09171458896128586,0.6051653082966231,0.00039443136864987483,0.0,1.0,indeterminate
1348,8.3723328141705,16.422523726784032,0.9771662094029313,0.9770235008124317,0.9773046373555547,resolved
1349,0.05750058806652464,0.43028147433706054,7.477113359350207e-05,0.0,1.0,indeterminate
1350,3.728967223809593,0.2486119253622769,0.21739928932453048,0.21331962329599236,0.22629999620746397,underresolved
1351,0.06726973727566946,0.054991723987360255,1.660196837326317e-05,0.0,1.0,indeterminate
1352,0.6493786113916059,27.98785396607633,0.16143896242530956,0.15710325751708862,0.16177233018133902,underresolved
1353,0.26232969004270534,0.4591272522631117,0.006816864236309225,0.0,0.03177605748553368,underresolved
1354,0.03461632558058758,0.23875934260996332,9.615777272128678e-06,0.0,1.0,indeterminate
1355,0.07544259216436273,2.1201868900580036,0.00038506608865158113,0.0,1.0,indeterminate
1356,1.8066568818323125,0.8520756485962824,0.4343636502717592,0.4331422133741444,0.4347737288381628,underresolved
1357,1.4550076888864754,2.139848489724191,0.507092853207454,0.5065365314199999,0.5075385048671625,underresolved
1358,0.08406531971337221,0.5421591825525031,0.00028017759063218004,0.0,1.0,indeterminate
1359,27.4879019286803,11.55451891612382,0.9943012268328033,0.9942327263360973,0.9945052183002628,resolved
1360,0.11372588163866584,0.8978459688414098,0.0009639047816355304,0.0,0.29625215741294175,underresolved
1361,2.8087884449341223,30.84957541953038,0.8356573615372891,0.8354034229756548,0.8357933268925076,underresolved
1362,30.149512125959614,0.12123066960872435,0.12015118913785555,0.08954670531911994,0.14532186749018539,underresolved
1363,0.048206015293724466,0.6379123370490268,6.0036594584270544e-05,0.0,1.0,indeterminate
1364,0.34743597482567423,0.0345984398540071,0.0012223067146336349,0.0,0.18837331110768477,underresolved
1365,3.4744157298846647,1.7580646182748547,0.7714098166642115,0.7710985530381307,0.7716627047048437,underresolved
1366,1.039853044799773,0.16893152886099225,0.06237581239663647,0.0400460535920384,0.07290344688429778,underresolved
1367,0.1038962554237831,5.207008179689084,0.0010837786624311452,0.0,1.0,indeterminate
1368,0.22505497409106362,0.4892900772659003,0.0046519896114587175,0.0,0.05695940659244698,underresolved
1369,2.211907016446865,0.14496999475136388,0.10854489130085783,0.09942074080584028,0.13492726576539701,underresolved
1370,1.188031809549563,2.4263045387672966,0.41400612000855413,0.4132655152267802,0.4146268881845976,underresolved
1371,13.477480484177443,11.368199924781393,0.9879834501606409,0.9878816204224079,0.988157820288854,resolved
1372,0.3020760397582142,18.431370943273585,0.02414483417910368,0.006691560935485852,0.029058387024107287,underresolved
1373,0.045651662389513285,0.0663598475937165,6.280074468648356e-06,0.0,1.0,indeterminate
1374,0.452838153684656,5.729653508196476,0.06915107976597418,0.06606262872916142,0.07652355262513022,underresolved
1375,0.07063055496981518,9.115536955158548,0.00034764693195982936,0.0,1.0,indeterminate
1376,9.605107531530722,0.5200216428432068,0.45396695729945974,0.4518369104981221,0.4549688726870201,underresolved
1377,2.779003472569327,0.06909392646338593,0.0574228281337404,0.0,0.12467561320129207,underresolved
1378,26.33076300912686,6.974562177595426,0.9877393771595065,0.9875197881744955,0.9878008067870585,resolved
1379,0.4088672620714017,0.8337539992721904,0.0347119402040044,0.030623390025787577,0.044976104865582976,underresolved
1380,0.5284273754537208,1.1533674141755828,0.07705414368263086,0.07130019843178793,0.07921867086617128,underresolved
1381,0.03220309103496923,0.5827660566290105,1.6788871269720307e-05,0.0,1.0,indeterminate
1382,18.230079810633423,5.666190968090044,0.9803529051820035,0.9801231707418806,0.9804123398482467,resolved
1383,2.187159039657817,27.34354174012985,0.7517028497435657,0.7516774069327439,0.7521630035199156,underresolved
1384,5.334072165032347,2.516548693926742,0.8823913623827995,0.8821315842444788,0.8825334898473612,underresolved
1385,4.165308105739223,13.85930807024472,0.9169953223796109,0.9167852897850406,0.9171069442850971,resolved
1386,1.0306447313549296,0.27028644081495806,0.09645729591977589,0.09328815329845046,0.10536635667843415,underresolved
1387,0.21079870352304772,7.135705575845015,0.008690759152842861,0.0,0.057188564186309465,underresolved
1388,6.733703155073244,0.03876326408938794,0.03748723304969407,0.0,0.12028191430730979,underresolved
1389,0.03248859796068192,11.279974643443138,3.4104031143104274e-05,0.0,1.0,indeterminate
1390,0.15288455977843582,0.12482492730217276,0.0004275466352244458,0.0,1.0,indeterminate
1391,0.0553537190558116,0.28216381771538923,4.584732587116106e-05,0.0,1.0,indeterminate
1392,0.033356801416981344,6.832636625869829,3.666287670183989e-05,0.0,1.0,indeterminate
1393,0.14786052087518992,0.237295051225744,0.0007225386058332151,0.0,0.7055221732790307,underresolved
1394,3.8853851306791554,11.918274029175935,0.9050927921680677,0.9049508840746701,0.9052819803626236,resolved
1395,0.4263481492316731,0.318992960625275,0.01833287084705647,0.009250126107808754,0.029202587200393166,underresolved
1396,2.894258902948039,12.106096983115524,0.841507669849774,0.8412785283196044,0.8416640800731551,underresolved
1397,5.450548153688543,1.4444221393245342,0.7823558590554028,0.7821995601662279,0.7828295373974824,underresolved
1398,1.9102016105098538,0.09830531813936925,0.06803072229454889,0.04917037480685533,0.1170144019405474,underresolved
1399,0.6712724920713434,0.12915624166954678,0.02217660090782464,0.0,0.04797516460621963,underresolved
1400,0.17003333812458976,0.03250919012094489,0.00015304251536264418,0.0,1.0,indeterminate
1401,29.172530846842328,0.15982596167534965,0.15754516756917056,0.14106090847168062,0.17267931506895667,underresolved
1402,0.09350224824200674,0.7577706477223225,0.00048730530713465847,0.0,1.0,indeterminate
1403,3.022718289782795,0.2319382809836122,0.19334561842759704,0.18770883193030166,0.2026624597041813,underresolved
1404,0.916364657548172,23.441413621087587,0.30809248332091616,0.3070410488779057,0.30919860236445823,underresolved
1405,0.4433033357494034,0.08094728457604826,0.005370420636942413,0.0,0.020347900647757933,underresolved
1406,2.771515042923879,0.7517345577793696,0.5001124878781277,0.49945049625797333,0.5011675006306372,underresolved
1407,8.817871477522887,0.5630679944792164,0.48132199870750764,0.47923412102643664,0.48193536695717165,underresolved
1408,26.80526013895197,3.1911316258497595,0.9522551072596527,0.9520657167781518,0.952397663143236,resolved
1409,0.07365476087904285,0.2843436659228044,0.00010840230482901225,0.0,1.0,indeterminate
1410,0.23015146641972944,4.293894872914312,0.010988749236888761,0.00602594645166553,0.060512565401215614,underresolved
1411,19.40961341399503,1.7682972722983474,0.8669972330579189,0.866652570656244,0.8671398734022753,underresolved
1412,0.03259344702681445,0.0659919220210698,2.2763884194125973e-06,0.0,1.0,indeterminate
1413,6.97829378106633,0.5678795157314942,0.47898113974082723,0.477565596522249,0.4802259617124198,underresolved
1414,0.051964677555572526,0.604938566727201,7.233720769289803e-05,0.0,1.0,indeterminate
1415,3.2016174265253046,2.0965434580235285,0.7849595149892987,0.7845586645926922,0.7850697935542976,underresolved
1416,2.9745884877320745,0.4781180896228706,0.36734776214034537,0.3645444165197371,0.36831801926580215,underresolved
1417,27.660695209254545,0.35704953271640044,0.3356002914215022,0.3316319479612484,0.33807458764873954,underresolved
1418,0.04740331299468775,24.95969990230002,0.00010607562797969441,0.0,1.0,indeterminate
1419,0.10648964661785564,3.904547952942946,0.0011502192776057223,0.0,0.46895233974033845,underresolved
1420,5.978485493981712,9.256312789001782,0.9539035996190941,0.9537289741379686,0.9540272399983314,resolved
1421,1.2349903997890688,20.779153043575594,0.46886131741870996,0.46850005296867464,0.4696576437744014,underresolved
1422,11.149956728935123,16.346122235927922,0.9862109363053622,0.9861026482986206,0.9863784712191616,resolved
1423,0.03352163549459547,0.08311001712044344,3.114602418019289e-06,0.0,1.0,indeterminate
1424,3.272943593260173,0.07360506486785462,0.06420879435885501,0.0,0.087668309968162,underresolved
1425,18.476115383411837,0.32749829433817373,0.3098700824610748,0.3049437024249558,0.31258275367873706,underresolved
1426,0.1246533985357624,0.09908543756737324,0.00018661910200493465,0.0,1.0,indeterminate
1427,1.2779545586779164,0.0517464736712267,0.025242275347043475,0.0,0.11678383683415015,underresolved
1428,0.06765005518653999,1.7831684369066945,0.000268194750881451,0.0,1.0,indeterminate
1429,8.265103443510984,0.76910166447485,0.5965006286425537,0.5958440730657849,0.5973853402174475,underresolved
1430,4.020513431623378,0.71967262851381,0.5338337711712648,0.5328282794544392,0.534602944269031,underresolved
1431,0.18285409246544423,0.051199329635496976,0.00029756696186573987,0.0,0.9921653952641419,indeterminate
1432,0.052509382172284215,17.8275031143875,0.0001439576841257668,0.0,1.0,indeterminate
1433,0.9456731848108703,0.6442744888967651,0.17568303017309514,0.17345854622597182,0.17730447462051982,underresolved
1434,0.24122968516838256,27.35555502449865,0.012887114966364991,0.0,0.018216830295833885,underresolved
1435,0.0938087317891612,0.053627194572296935,4.3629839881519365e-05,0.0,1.0,indeterminate
1436,0.07523681837965475,5.348624350132947,0.00041510052480513333,0.0,0.9171617662706802,indeterminate
1437,12.868821349888247,0.5670540119206013,0.48883325664586763,0.4876088198333235,0.4902638703586715,underresolved
1438,0.37470393944857033,14.46699550633673,0.04309651719121349,0.03230200907039228,0.04779770844677516,underresolved
1439,0.7579565080602685,15.715672283127638,0.21995925214511164,0.21883239338192995,0.22212659721408867,underresolved
1440,19.209200528477542,8.278353849436831,0.9887607877658643,0.9886427231106715,0.9889209372403682,resolved
1441,0.6443440734861947,0.9258542806970139,0.10795652660847406,0.10719588793192494,0.11281590513347088,underresolved
1442,1.2173908795499966,24.547667917888322,0.4610168114567189,0.46020370593412707,0.4613942537066949,underresolved
1443,0.0973667287631518,7.680178648847228,0.0009024734779416002,0.0,1.0,indeterminate
1444,10.22286476179212,0.9651879062091103,0.68462194231674,0.6837236652123261,0.6847827824496825,underresolved
1445,1.305303944300114,7.972397447249619,0.4963394696307494,0.49559195455873917,0.49664258590683447,underresolved
1446,0.13651071490252029,25.441500314969215,0.0024725039649517474,0.0,0.27143074233458714,underresolved
1447,0.654297390860365,4.357042184080104,0.1599697508723338,0.1589819548015358,0.16359805706546077,underresolved
1448,15.687456197613384,0.049816281433892204,0.04945285285355576,0.04083772044750238,0.18234281682014022,underresolved
1449,0.35399823055253643,0.04615731995452048,0.0017134471079085876,0.0,0.09083600437455686,underresolved
1450,2.4315815979068542,2.1351822735039536,0.7163774743465791,0.7161179854795063,0.716702153369032,underresolved
1451,0.7618520993200787,0.10168685927570341,0.02251566674892139,0.0,0.04952654232281781,underresolved
1452,0.32156962198123445,9.801686948475123,0.028541242940001512,0.01686404308959433,0.038268561424224995,underresolved
1453,8.619856351682275,18.77312367651753,0.9787588684603805,0.978656302042331,0.9789361978739204,resolved
1454,1.0618466800830895,0.2913027499365041,0.10790305484476727,0.10325645481431192,0.11403893301046188,underresolved
1455,2.125016491933575,4.929667319276812,0.7259889117118388,0.7257392629132593,0.7262659127918031,underresolved
1456,0.24032252338291044,0.18486097273581573,0.0023192863015163503,0.0,0.14385407875091336,underresolved
1457,21.610210510594246,1.8284283739898897,0.8745448095315546,0.8744086558496287,0.8748805082280595,underresolved
1458,0.10746444644573462,5.123154343951616,0.001197277124994507,0.0,1.0,indeterminate
1459,4.494082863617978,18.643894094502095,0.9287408499615767,0.9285640555032398,0.9288765215613385,resolved
1460,0.1497620658805886,0.12683132403143527,0.0004088059302021078,0.0,0.9696347306543229,indeterminate
1461,12.652614294976113,0.03228998371414883,0.03197311409070192,0.0,0.1667074972849144,underresolved
1462,0.5215121543348399,1.5889356861255501,0.08367961892049193,0.0825446650170005,0.09046805592610603,underresolved
1463,0.2180409161844358,0.17104370411594294,0.001630055257313873,0.0,0.23628982046898997,underresolved
1464,0.03316571809321388,1.759235574572077,3.166313217871547e-05,0.0,1.0,indeterminate
1465,0.5201925464759786,9.866370291910567,0.09778216325256267,0.09542701322883888,0.10311889829701319,underresolved
1466,2.9474633657207727,0.6964507313669249,0.4853396341843855,0.4842973283631445,0.48622829437794957,underresolved
1467,0.10194524374487911,20.266315125276968,0.0010419274229742717,0.0,0.25389832196788614,underresolved
1468,0.1928825337597166,0.8634559943834124,0.0044397234938123725,0.0,0.011089508386979575,underresolved
1469,26.211384670995876,0.059028456720920545,0.05879746793166743,0.0,0.1250625728012213,underresolved
1470,0.059392765389605605,0.4348006077615178,8.309913836904358e-05,0.0,1.0,indeterminate
1471,0.9817294055057231,0.041023369030467924,0.014092827998973672,0.0,0.08010860682761334,underresolved
1472,0.25698547933059657,3.6205590605558626,0.014862798194411454,0.0007002588083222544,0.03283615941072419,underresolved
1473,4.1464156707943,0.17160189759130584,0.15537837208963054,0.15398408656239385,0.17943170597283434,underresolved
1474,1.0155527810009546,3.093380289122489,0.34422904414777583,0.34313937844283204,0.3449342352927413,underresolved
1475,4.71383860730783,6.816258928399536,0.9261876325647836,0.9260332625026245,0.9263534166952503,resolved
1476,20.711578865406842,2.129596076334787,0.9020166053555599,0.9019141362378464,0.9023306222049916,resolved
1477,1.316924430290737,1.2834642094409447,0.3984735553606889,0.3981311474851728,0.39958302259848266,underresolved
1478,11.932797911021296,6.088519599946304,0.9764743878817176,0.9762983713728007,0.9765881937756883,resolved
1479,0.1576974857064956,0.06204096307413642,0.0002340541842854029,0.0,1.0,indeterminate
1480,31.070265453357187,0.07628999239366038,0.07595090196811523,0.022986727895693372,0.14605361627013572,underresolved
1481,0.0636031835113615,4.744388226485797,0.00025024630331179666,0.0,1.0,indeterminate
1482,19.71770192776077,4.272973684558634,0.9699464941435472,0.9698540872092876,0.970158215554039,resolved
1483,0.15821628386000028,1.1550305395778135,0.002885235761658409,0.0,0.10236292699258097,underresolved
1484,0.08339563174113165,1.413119569789034,0.000468551364973543,0.0,0.9923670955167192,indeterminate
1485,0.059116079802325916,0.035858475100892837,7.364733403257082e-06,0.0,1.0,indeterminate
1486,2.490861550546826,0.11277000855208179,0.08955758568875195,0.0,0.10181014535818268,underresolved
1487,11.602488072662933,5.062000884644628,0.9702093417871702,0.9700927220204727,0.9703906962313626,resolved
1488,16.92077961255312,0.05411379736959978,0.05375288167890672,0.0,0.08833836927037327,underresolved
1489,22.07562959773991,0.34245487233568345,0.32298909912634427,0.31926662695555486,0.32624158509033485,underresolved
1490,17.98505249240679,0.046689312027361554,0.046423060976325335,0.0,0.18326276774681,underresolved
1491,0.8836016372462508,2.3044582691442614,0.2663179444786166,0.26456029438054346,0.2670258030933548,underresolved
1492,0.4147528588590369,0.10564264497651865,0.00590738007327017,0.0,0.027673585964444525,underresolved
1493,1.184630148266362,8.781265873227628,0.44332808873581,0.442381221191561,0.4436453889875319,underresolved
1494,0.39445999434371615,0.08017810756598184,0.003948777511529481,0.0,0.02936306672875079,underresolved
1495,0.06416551468240839,14.80144688632014,0.0002619627365110039,0.0,1.0,indeterminate
1496,0.13422135404203092,0.18076996656807617,0.0004187715840221087,0.0,0.9877394759788607,indeterminate
1497,0.18643309557435858,0.11533151552497373,0.0007053261260807515,0.0,0.6197080014667548,underresolved
1498,0.05904386544345151,14.998423104595606,0.00020431210136649861,0.0,1.0,indeterminate
1499,0.18887127182417635,4.845425868752772,0.0062604676883796125,0.0,0.026365660259612005,underresolved
1500,10.53657238136923,0.0950778298454775,0.09338638448960071,0.007706037266977531,0.12903166465958457,underresolved
1501,0.6852751706631753,1.5240529402624012,0.15102450015796426,0.14980750451791625,0.15424174905632707,underresolved
1502,0.03687803617690339,1.842523014106789,4.3990294569505924e-05,0.0,1.0,indeterminate
1503,0.8284698239475797,11.823994155648819,0.25873555302877493,0.2565919307440352,0.2592964246264564,underresolved
1504,13.225125698390915,0.3885320347426819,0.35907345051778267,0.35670223766017595,0.3621457898973448,underresolved
1505,17.25083269222631,30.494835657678543,0.9944460759938326,0.9943573981459906,0.9946275358831143,resolved
1506,18.28145050068397,30.758511379731793,0.9950028379110529,0.9949066529086008,0.9951764851469883,resolved
1507,15.161241415663618,3.5727273731657223,0.9567393640011563,0.9565296902083794,0.9568508701980286,resolved
1508,3.5006284494875026,0.2069730887702341,0.18017870171740114,0.17255951823668614,0.19125025931978143,underresolved
1509,2.4370717355282836,0.39980104420618107,0.2939506416246316,0.2909547039325503,0.29628277651439333,underresolved
1510,23.87650035085612,11.562858003158452,0.9936654687762241,0.9935358647689754,0.9938087337715591,resolved
1511,6.063672888388858,14.773567380516536,0.9583550874310266,0.9581292941017145,0.9584223751461489,resolved
1512,0.4132362553842539,0.39677432227186943,0.02054410928648414,0.01024931517842809,0.02700549318747707,underresolved
1513,26.389321009051287,0.17523022955826045,0.17222925744011,0.1538343767026743,0.1808457829205361,underresolved
1514,1.5302459458920816,0.4824367173492937,0.254885688155084,0.25328122073939213,0.2573801651250013,underresolved
1515,0.08394975036783611,0.22802895915832713,0.000130156531343475,0.0,1.0,indeterminate
1516,2.9769058844450336,0.11414773444925162,0.09660644336553198,0.08476655223519557,0.1380328308329814,underresolved
1517,0.12191088745610928,0.04275059195878873,7.569417419264429e-05,0.0,1.0,indeterminate
1518,0.04942144857890708,10.906487481098619,0.00011976759768736468,0.0,1.0,indeterminate
1519,0.047920446926662835,11.4221813787085,0.0001092471951825567,0.0,1.0,indeterminate
1520,0.41605468087922953,13.90118463297674,0.05653625671392607,0.04557820854444963,0.05793266472858833,underresolved
1521,3.0022600332782843,0.5832964551935232,0.430289463851532,0.4289765043006713,0.43159536518635216,underresolved
1522,2.8228366036486574,15.378081213742526,0.8357338702163574,0.8355632612473992,0.8359537527491284,underresolved
1523,1.646127466898344,1.701608450260228,0.5382147176794653,0.5376848150722406,0.5386214036530204,underresolved
1524,0.4469305385739212,0.07334625869928506,0.004969338146782222,0.0,0.08879327978632706,underresolved
1525,1.3921278224966305,0.7351772529256341,0.3173353738537025,0.3163096657516222,0.3186223070927264,underresolved
1526,1.4202024398305102,29.68191529384593,0.5463197093616576,0.5459256753975941,0.5468185098073746,underresolved
1527,4.609502014155555,0.7316671725355017,0.5511269887089564,0.5501084188657066,0.5518191606652859,underresolved
1528,0.10095570437009092,0.03272799009782051,3.314923693974536e-05,0.0,1.0,indeterminate
1529,15.024191349916348,9.81291810883387,0.9882730744315984,0.9880777806012904,0.9883547592445376,resolved
1530,0.04848086010428259,3.3443242008340173,0.00010878926385058151,0.0,1.0,indeterminate
1531,0.04206211240025126,28.64568006163715,7.417494714357476e-05,0.0,1.0,indeterminate
1532,2.2955217831229064,8.302658626588531,0.7650252022936884,0.7648196466202618,0.7652903320666959,underresolved
1533,3.3563817859221987,13.96964908301511,0.877984808184624,0.8776510755013899,0.8780035014569294,underresolved
1534,0.04339009792404909,0.19934499397137148,1.5925382079173117e-05,0.0,1.0,indeterminate
1535,0.6625896287384268,0.2564093852147866,0.041854146832572464,0.03498031374403564,0.05108714683302777,underresolved
1536,25.39706596753369,12.651101560109767,0.9945767208490294,0.994399680720572,0.9946715925419499,resolved
1537,1.4172298639168601,2.525564665518001,0.5071801264118645,0.5068280993688212,0.5078273646415654,underresolved
1538,17.92662669742556,0.11889250298806091,0.11751208316878596,0.08805300059781435,0.14524292809014966,underresolved
1539,0.46812188407202315,0.17971895870591545,0.013479961083945441,0.0,0.03456689603494993,underresolved
1540,4.228040973043886,0.3132692815731493,0.2755057235647818,0.26981554613635395,0.27820959467927814,underresolved
1541,2.9834549215336224,21.259210354912604,0.8514510837232548,0.8512111440603347,0.8515862424454476,underresolved
1542,1.5879887336426965,0.32195128322356314,0.18568898994733146,0.18136798869889514,0.18969460025193896,underresolved
1543,0.03446010067597922,0.0438321664703197,1.7887623269715799e-06,0.0,1.0,indeterminate
1544,1.1898833764317995,0.21841881367999605,0.09573832820538415,0.07979809236732843,0.09881704337762735,underresolved
1545,21.016932527126112,2.9572392821472318,0.9440967712255312,0.9440301822011695,0.9443736043282428,resolved
1546,0.7556929610471735,17.765653634896953,0.21880394185263682,0.21653548231356357,0.21985315834861743,underresolved
1547,13.482701472357487,0.17040731771615492,0.16660905416054306,0.1622971478921413,0.18855522734435448,underresolved
1548,0.9204787917954415,2.5337005590299264,0.28893872742577986,0.2869566520574491,0.28919713681347403,underresolved
1549,5.040099650608449,6.29937883088204,0.9320578458843746,0.9318721024162469,0.9321894115360555,resolved
1550,0.07891945425962855,21.599220184796494,0.0004864547899693643,0.0,1.0,indeterminate
1551,0.33426835529963,0.12062537843908548,0.003815799428300785,0.0,0.09774036072755907,underresolved
1552,3.857618299591944,0.602482499106954,0.4680916370326125,0.46735864539717187,0.46978375080658735,underresolved
1553,11.937943535437542,1.2014177736341318,0.7605736227933355,0.7602771995420894,0.7610429834212674,underresolved
1554,14.68585750565067,0.696627346071886,0.5676510348497129,0.566654021888037,0.5684782296999258,underresolved
1555,0.258773030706878,2.702379127361655,0.014745697101282016,0.012814596578413072,0.05362691372736585,underresolved
1556,17.57222359318519,0.032920767944536564,0.03274375239864293,0.0,0.12788111969972948,underresolved
1557,4.609914220855558,0.4827464601148463,0.40576535877812897,0.4040052319445145,0.40763417387645823,underresolved
1558,0.39415616378258106,19.337924100771858,0.04924357695857313,0.04382636430963211,0.05794301862878443,underresolved
1559,2.048472051507429,18.993452665000568,0.7246954107064953,0.7244389046379586,0.724962104881288,underresolved
1560,0.054052550574755005,0.0415005995167884,6.519717032091753e-06,0.0,1.0,indeterminate
1561,3.1906839469446555,0.9018783110083052,0.5819217802846101,0.5811639005144202,0.5824273075450024,underresolved
1562,5.207425576377247,0.5819830361913158,0.4764060133285264,0.4750726354020442,0.47762896220512613,underresolved
1563,21.182276785769464,29.683152360040626,0.9961011089780651,0.9959398370861383,0.9962090729706141,resolved
1564,7.9987395357614535,0.03314561597283243,0.032365657012689744,0.0,0.16482521967102692,underresolved
1565,0.054575548698275356,21.79503653683054,0.0001616591363599021,0.0,1.0,indeterminate
1566,3.407069695186844,12.697440502889325,0.8806932176780601,0.8805901200464512,0.8809404642973335,underresolved
1567,1.1010953939224801,0.31743728085865636,0.12274009276462267,0.11714846697452826,0.12652689550718152,underresolved
1568,10.198046391473282,0.22538521282599278,0.2167363562041048,0.2057936190000957,0.22191893187761336,underresolved
1569,0.044962713851804274,22.257860684282313,9.053239717054058e-05,0.0,1.0,indeterminate
1570,8.197519224730632,0.08592870904874352,0.08373712952011608,0.0,0.10408124141359347,underresolved
1571,0.11588487444714135,0.3049703362365732,0.0004449756254311958,0.0,1.0,indeterminate
1572,2.3124882453538476,1.5936055472990736,0.6549816469202945,0.6544630044611263,0.6551930186163073,underresolved
1573,0.04584892019238925,0.17158622120225928,1.624803575448708e-05,0.0,1.0,indeterminate
1574,2.000925945755423,7.575337589838471,0.7095845428206514,0.7092874287047276,0.7098348046504807,underresolved
1575,0.3544477300303569,0.03206664639999676,0.0011950652898795656,0.0,0.26208878835896804,underresolved
1576,16.379711513718995,0.5143355922557106,0.4548377863333415,0.45323236704409564,0.45641634410657816,underresolved
1577,1.0824735500776188,0.8641810044104578,0.25913105776779094,0.2576703795383711,0.26016733911917933,underresolved
1578,0.29179769980399894,0.16651575969017152,0.003610187412241277,0.0,0.05592190045090213,underresolved
1579,0.5430953381338077,0.06482281680451436,0.007031772348682921,0.0,0.03009645424935084,underresolved
1580,1.5509749358421074,22.143113801141105,0.593056601118224,0.592830161250915,0.5936000879567294,underresolved
1581,19.836048183833935,17.603900942005875,0.9945964021711641,0.9944169305660475,0.9946877704425423,resolved
1582,6.679382225540448,0.9983663867676762,0.6834224505955064,0.6829405347736863,0.6839557715340976,underresolved
1583,0.18399628072545465,6.142106541995702,0.005848667038296805,0.0,0.09920536679118953,underresolved
1584,0.9797134102982427,5.93621243278223,0.337979528360344,0.3372947968823369,0.3391771843289349,underresolved
1585,0.7797564612643678,18.80494418740032,0.23218092039109106,0.2296053225025077,0.23270060108297436,underresolved
1586,0.5673256842592078,0.43325092281009964,0.04776446011829266,0.04357484852237698,0.05416224134263956,underresolved
1587,12.08269829258701,0.05597093448256424,0.055314167526958564,0.0,0.12329504533170693,underresolved
1588,0.11805525952338398,1.3907498850116757,0.0013084128590849673,0.0,0.38551456543820567,underresolved
1589,0.21710626518484397,0.2858907674417273,0.0026251429566235265,0.0,0.008410406386469844,underresolved
1590,4.624794447529839,7.091320923964221,0.9246076915820497,0.9245522962135218,0.9248729544446695,resolved
1591,0.5256813387001745,2.4807735530855486,0.09343790994963343,0.08865865990628771,0.0962440267015253,underresolved
1592,29.55039576828705,14.647526418269017,0.9959663268936543,0.9958078308281094,0.9960784310528504,resolved
1593,0.04425754516448687,3.8278568129516555,8.362790366814561e-05,0.0,1.0,indeterminate
1594,0.05188347623095585,14.91867524677053,0.0001387913750263457,0.0,1.0,indeterminate
1595,0.0939470401541261,1.9314824199065326,0.0007267020827329176,0.0,1.0,indeterminate
1596,0.44214835340568504,0.19816707818123083,0.01285433369736574,0.0,0.03606642316790417,underresolved
1597,19.729599120638422,0.07130856456719781,0.0708547405684938,0.0,0.1333489751491567,underresolved
1598,0.33294118816315255,28.626173793690352,0.03150320328738384,0.024603395542527128,0.045020638247846294,underresolved
1599,19.99156857981172,1.367643137645525,0.8042110295488936,0.8040481691510031,0.804691784219807,underresolved
1600,19.30748686262383,1.2276636923327624,0.7722241152314878,0.7720312243124334,0.7727710974384719,underresolved
1601,12.320246705500239,0.03166476788243503,0.03133870136712869,0.0,0.09838866626819281,underresolved
1602,11.003860531758228,0.036513235011526236,0.03604151651817316,0.0,0.1707782419857023,underresolved
1603,1.9724767629730404,0.2772957567542499,0.1896010897421551,0.18215160549109344,0.19309927096468008,underresolved
1604,12.093550480806009,0.03274949714995818,0.03239909213141629,0.0,0.19601859830495402,underresolved
1605,6.175178654124131,2.809421802899607,0.9062189011453927,0.9059493634917936,0.9063219931994912,resolved
1606,8.903149528683656,0.05027521991785319,0.049276380629218845,0.0,0.0759366757826263,underresolved
1607,14.724584515676709,0.13177536930556255,0.1297472578035231,0.10610522283443276,0.15249809744926793,underresolved
1608,0.04996371780471956,1.1142999989256437,9.248192255647318e-05,0.0,1.0,indeterminate
1609,0.4183842906993113,0.5332090276061678,0.027052435872977777,0.01812088024631951,0.03281883945647626,underresolved
1610,0.10278862928666797,0.17269482471829586,0.00018192251212580696,0.0,1.0,indeterminate
1611,15.493733640349724,14.72710145156546,0.9915007118680448,0.9913699156672844,0.9916429966244377,resolved
1612,24.29730146209266,28.858350646280368,0.9968662217078103,0.9967835912559849,0.997052398131541,resolved
1613,0.051714536462188425,0.21279960480937493,2.8671588629301562e-05,0.0,1.0,indeterminate
1614,0.31087194045111644,0.055109685880223074,0.0014395179351344323,0.0,0.1821002770754654,underresolved
1615,0.4912016427352882,3.4216908264802104,0.08225797208889028,0.07615165015010586,0.08489352603331372,underresolved
1616,1.2066524934338998,1.0133737988397784,0.3249017569090312,0.3235223201042787,0.32543932205273013,underresolved
1617,0.06493902276618829,0.05354690898583523,1.4550855239288466e-05,0.0,1.0,indeterminate
1618,0.04630835803416333,4.41731709112131,9.654502822166976e-05,0.0,1.0,indeterminate
1619,0.24793631675853411,11.720001745363938,0.01388616151096746,0.0091287843968112,0.0533685685034306,underresolved
1620,10.495477794508183,0.09089959363277599,0.08930749418753539,0.07374087891756315,0.1506956097089886,underresolved
1621,1.2828825708818503,0.3713444368362381,0.17078657617310022,0.1686557112785741,0.17537414834558865,underresolved
1622,7.241595852734024,0.07457261666866044,0.07228857619636954,0.05736522747046769,0.15490982185736593,underresolved
1623,0.06242008714916777,0.8391707841209902,0.0001554278926842055,0.0,1.0,indeterminate
1624,0.08166158866043344,0.5420697631566858,0.0002569440935249998,0.0,1.0,indeterminate
1625,19.065956200577443,0.13996379355924096,0.13804266238116286,0.11995635442601896,0.16032257316812246,underresolved
1626,5.353298875673664,16.45303457553568,0.9481022895429111,0.947998603386155,0.9482980432420753,resolved
1627,5.518696593613012,0.16940307534495652,0.15912247619162545,0.15724415353642066,0.18337118237244915,underresolved
1628,12.677541336908796,1.6216582372622728,0.8432934781660143,0.8430233533912147,0.8435569942143529,underresolved
1629,0.08863502270928991,0.9215390499130661,0.000466375821082568,0.0,1.0,indeterminate
1630,0.050758389723232544,1.7378118734761157,0.00011291133714453845,0.0,1.0,indeterminate
1631,0.12941857419821148,0.07576229846614914,0.00015972738837665944,0.0,1.0,indeterminate
1632,0.4676107380305295,0.7994557842604798,0.04745888237459499,0.042880597758119976,0.0537763381794703,underresolved
1633,0.31793576235714816,0.5505799592497033,0.013415693139463714,0.002793040891293836,0.02585573950654765,underresolved
1634,7.049263097971317,0.07308250700517702,0.0707419997365335,0.04417009536071333,0.1518190352331387,underresolved
1635,0.16706900253708287,0.036104583812516064,0.0001614481858850249,0.0,1.0,indeterminate
1636,7.4459371670516346,14.060795314783366,0.9710893050815785,0.970937626702051,0.9712229092406388,resolved
1637,29.690380854634775,0.05681046166439659,0.05662263023871941,0.0,0.14527361682818776,underresolved
1638,0.7843858207139066,0.05868166934810147,0.013771494883001752,0.0,0.045135154650439435,underresolved
1639,0.14943450271208744,0.08640161054211049,0.00027788964608451604,0.0,1.0,indeterminate
1640,23.621605227487716,0.08194249152169382,0.08144970818614815,0.0,0.13047901149871105,underresolved
1641,0.3098486423877662,2.538013091449139,0.024120849421157654,0.01506042217822479,0.039099596675019804,underresolved
1642,19.294601533930447,1.5638984934316473,0.8391070431002251,0.8387147839009271,0.8392665750390359,underresolved
1643,3.6969158563457305,0.5030863494762543,0.4042488975773026,0.40229168385469627,0.405678753895482,underresolved
1644,17.352513535285997,0.10635206126289126,0.10523100361754492,0.06338378085902997,0.13753903742563314,underresolved
1645,6.331867198932201,1.5365999596653614,0.8077341235863746,0.807555570307568,0.8081369640712145,underresolved
1646,0.3697848019189778,2.9198366882736577,0.03947034264207687,0.02669551669346503,0.0424400167311614,underresolved
1647,7.495566868251832,0.24406630227946138,0.23091408321910112,0.22572969660518735,0.23921998686982102,underresolved
1648,1.4653416507804862,0.7377612639749541,0.3345614808662983,0.3333570032827554,0.33558049549726454,underresolved
1649,0.037708239472108204,0.8875157583656211,3.551516236373904e-05,0.0,1.0,indeterminate
1650,4.776394172482174,0.35694015994652223,0.3152163609783613,0.3112153160518683,0.31769409987690583,underresolved
1651,26.837229058748523,7.131531258464692,0.9882525929806296,0.9880846817831371,0.9883650492201125,resolved
1652,0.4098670463840689,2.0081168967490495,0.048827604557742633,0.04587888468463607,0.059100710341892314,underresolved
1653,8.428344153065986,23.147551335200166,0.9783372670939345,0.9782611484832273,0.9785409454996926,resolved
1654,0.038240773730616476,4.14226252231153,5.4240992812931526e-05,0.0,1.0,indeterminate
1655,9.087523498669768,2.223523154213276,0.8956932415822466,0.8954593469773935,0.8958714801561546,underresolved
1656,0.16253227590837308,0.23243899245444638,0.0009347945981389085,0.0,0.43752480767157226,underresolved
1657,0.04341534738350348,8.091272699865703,8.0986264050485e-05,0.0,1.0,indeterminate
1658,0.7673111082394424,1.8571910718296951,0.19862872374613932,0.19743444084960107,0.2008326679615109,underresolved
1659,1.6309771196599705,0.057428787861616655,0.035523951461934135,0.0,0.07990532038540217,underresolved
1660,4.235285842173889,1.2589932628272325,0.7218499586205398,0.7213781107809389,0.7221414813953124,underresolved
1661,1.974463500266358,8.603652337103641,0.7052416763742544,0.704921185586641,0.7054747784897019,underresolved
1662,7.07309170524009,0.5595629509694042,0.4740294606610966,0.47190184087844794,0.47463985742138276,underresolved
1663,23.102714984213875,0.172796790795091,0.16979599950685004,0.15620021916416915,0.1831664547143315,underresolved
1664,29.525698436133375,2.3241580216784166,0.9170030909126692,0.9167229243676912,0.9171139536473939,resolved
1665,1.067885574694017,5.23590542488,0.38199543065946717,0.3815639535971673,0.38313915434348184,underresolved
1666,6.093013166801305,0.6379668954524802,0.5168156429850173,0.5161421764933846,0.5182954827280721,underresolved
1667,1.5398387223035295,0.2214154389947892,0.12752127430327023,0.12089687775810636,0.1376027632594337,underresolved
1668,0.13516170641381137,0.5691677925510208,0.0011886982290275634,0.0,0.4568991984086839,underresolved
1669,0.9505910626181063,3.8448463649582822,0.31651624424355174,0.31566890440443734,0.31770400838366264,underresolved
1670,31.097606967662944,0.035098208029294,0.03502227274037693,0.0,0.1021756860524235,underresolved
1671,0.0729322875001823,9.180911036237083,0.0003825978600259434,0.0,0.9679808415902671,indeterminate
1672,0.7995434666555256,19.637697086499212,0.24321381620371538,0.24176526002286217,0.24468700729741233,underresolved
1673,4.97860200560218,5.711500381864283,0.9282769279355995,0.9281704687766452,0.9284921493759323,resolved
1674,15.713935964328131,5.302209859274774,0.9767363945951039,0.9765512118201407,0.9768440843508899,resolved
1675,0.5502383250584778,0.2105395170752276,0.023081826454455296,0.0,0.0312479399000422,underresolved
1676,0.20073039908317747,0.11384095880488435,0.000862201093685395,0.0,0.44565752002832787,underresolved
1677,0.24859635151034043,0.10819880800742883,0.0015104807091126948,0.0,0.01737581147746117,underresolved
1678,0.2579255349087562,20.637700472134362,0.015560260542241657,0.0,0.02152648052997152,underresolved
1679,0.15104094402883983,0.04856105852552631,0.0001615720211567055,0.0,1.0,indeterminate
1680,0.25895988907080203,0.2616550439591081,0.0039880757408105386,0.0,0.053282725476642326,underresolved
1681,2.0498003081562346,0.15604054954366559,0.11192642247825497,0.07505670397439458,0.11443955446521674,underresolved
1682,24.067172322961643,4.492081929230716,0.9735836956704582,0.9735208472643311,0.9738208231106802,resolved
1683,22.213422965755004,0.4120320293768548,0.37980596905713915,0.37548678041958944,0.38037854200969234,underresolved
1684,11.124492004580674,1.4556614642131926,0.8143541620344156,0.8143064106379879,0.8149083882772347,underresolved
1685,11.428275120031408,1.6859425898300229,0.8503006231689797,0.8499537393966855,0.8504683332451788,underresolved
1686,0.5248342482686416,3.35121558191574,0.0961719696884911,0.09123644745359104,0.09879431120099438,underresolved
1687,0.9275529120150413,3.0480734045794438,0.2988301589798957,0.29744108953024695,0.2996126627182534,underresolved
1688,0.38762237782820447,8.619255599580402,0.0468958190354122,0.04075464786626349,0.05541886837537542,underresolved
1689,9.819583789130728,0.9484762671635097,0.6775999378348727,0.6771870890218056,0.6782749529130597,underresolved
1690,13.925689825734942,0.23037008568576678,0.2227649034477307,0.2158272638310942,0.230990706305705,underresolved
1691,6.803363459054777,0.07100528855688974,0.0685921129880075,0.0,0.13290578077719042,underresolved
1692,11.239888940763393,0.19299504802980214,0.18727029551539764,0.17088602959878307,0.19315235200511605,underresolved
1693,2.4180564562040106,0.09364055112210486,0.0735728016116985,0.0,0.10225530657108768,underresolved
1694,13.910651096998764,3.370759683927493,0.9513168916223721,0.9511779317204485,0.9515062369770441,resolved
1695,0.17095554656068737,22.481403586444465,0.004780291422144064,0.0,0.02825235355335734,underresolved
1696,9.541090934071997,0.041181958091929795,0.040478266141346704,0.0,0.11887975373492445,underresolved
1697,0.5650892927608453,0.060297776382026026,0.007166982078198659,0.0,0.07830337974546092,underresolved
1698,0.11526885962613773,2.491239982079659,0.0013934694166250117,0.0,0.31634423992369826,underresolved
1699,0.04162548194974179,9.937074129151037,7.157511598118342e-05,0.0,1.0,indeterminate
1700,0.08541280944398151,2.15559875795873,0.0005591237765846786,0.0,1.0,indeterminate
1701,3.146245963624275,1.3703256778505923,0.6991981083685856,0.6990215091751869,0.6997567156401949,underresolved
1702,0.5741245814761693,8.946063251270802,0.12266796120959235,0.11986812001827192,0.126030514760821,underresolved
1703,4.30460464318072,0.2937340161903983,0.2604608773502232,0.2560873029963731,0.2655373426551452,underresolved
1704,0.34496628018359626,0.9737626933968623,0.024194609868474843,0.018806261008595546,0.03892259328618648,underresolved
1705,0.8700253425502354,7.088272292606217,0.2800137473164651,0.2793989128161788,0.281829706488991,underresolved
1706,14.816161297722346,2.3559977208753047,0.9142591600455656,0.9141949300048904,0.9145851895188608,resolved
1707,0.15740207521760335,1.6944047207795563,0.0032373784412087062,0.0004901893157303396,0.19228319020257165,underresolved
1708,0.4256808250893277,1.0976837331233207,0.04441673642356135,0.03715751608476635,0.049608750380418905,underresolved
1709,10.60317876334567,8.074429593536063,0.9793228950166859,0.9792273956352454,0.9795113424463009,resolved
1710,0.10055428834162262,8.438658135206346,0.0009945345921519775,0.0,0.5496470314360364,underresolved
1711,0.21417381495580892,3.1268304640057565,0.008748554536963575,0.0010435247292012132,0.06448803940878711,underresolved
1712,24.972875388185432,9.32765923775862,0.9919155595987977,0.9918118948655555,0.9920871837765505,resolved
1713,2.330706068360441,0.6584830560300459,0.4268298297165817,0.4251704110269065,0.4273755172194035,underresolved
1714,3.3024450139091623,0.9435892912131512,0.6016733812034015,0.601236635091844,0.6024101487732283,underresolved
1715,13.089751849999146,0.965470416467292,0.6885405054872338,0.688170796237203,0.6892250948524623,underresolved
1716,8.782623369251978,0.3305313086387196,0.3078268110955586,0.3048921847897062,0.3123463291047176,underresolved
1717,0.12559769215700806,0.043344862977121944,8.380672798051069e-05,0.0,1.0,indeterminate
1718,1.2514261783901808,18.059048056535236,0.47604585119281123,0.47532788491823974,0.47645706320715303,underresolved
1719,1.3648309279733768,0.19805656781979064,0.10197472202496968,0.08310464991673037,0.10598567255669301,underresolved
1720,7.359844115533105,0.37857023719089017,0.34446620935709243,0.3430485909594328,0.34876531205153377,underresolved
1721,0.16937156150821764,3.9813420266563226,0.004516607310203297,0.0,0.05581959979256431,underresolved
1722,1.046214445833359,0.054766295236721885,0.020657821264606736,0.0,0.07796870374536634,underresolved
1723,23.250890241131216,1.2589476902948624,0.7808682394564206,0.7804148930316239,0.7811300512188268,underresolved
1724,0.5503916666307099,14.59811883458347,0.11184506993332048,0.1075410650609359,0.11429951995693616,underresolved
1725,0.12607560005396978,15.303917663302068,0.0019529660176874685,0.0,0.18188406546979688,underresolved
1726,0.2683879795295444,0.3581036252941778,0.005871996796384955,0.0,0.01906145193062633,underresolved
1727,0.06072014301340441,0.17481212202389163,3.833857850165847e-05,0.0,1.0,indeterminate
1728,10.402635258479306,4.075773995853977,0.9578870991261876,0.9577314132697745,0.9580447619614624,resolved
1729,0.11096415935553923,3.0447847106846027,0.0012744775972733356,0.0,1.0,indeterminate
1730,1.0217980898967602,25.320260127367654,0.36476465449166723,0.3642601704018308,0.3659639657334037,underresolved
1731,0.1279187299922896,1.1192590305331898,0.0015233651463695786,0.0,0.20916849083369576,underresolved
1732,0.13186570525538288,0.10451364885659693,0.00023226258621824079,0.0,1.0,indeterminate
1733,0.272407929553235,5.2885635775176025,0.01784019178611618,0.006058562193152462,0.03723502137661516,underresolved
1734,0.04236197833404816,0.042367902188783904,3.2092846212902896e-06,0.0,1.0,indeterminate
1735,0.11756488323035937,0.5018194120783712,0.0007139481062339824,0.0,0.324562441925647,underresolved
1736,0.0694238130862574,0.7479981379705176,0.000198976074777875,0.0,1.0,indeterminate
1737,0.18955404983320867,0.22403519789096457,0.0014121637967398908,0.0,0.14531011365043148,underresolved
1738,1.5332572419352266,5.915327401201842,0.5794132623638342,0.5790763970895572,0.5798781017257026,underresolved
1739,1.190820554282866,0.18183256974010603,0.08034305449497292,0.062326560846005664,0.08914299137386647,underresolved
1740,2.8296323596677837,0.533323527504576,0.3944279797983863,0.3925153240519066,0.3956101825646434,underresolved
1741,0.26436531556924675,9.650647210001916,0.016606810379276308,0.010379388007270968,0.04671442778327609,underresolved
1742,0.16369900295597467,17.138394006395906,0.0042089421086882245,0.0,0.12047123690277829,underresolved
1743,0.8043752239279107,4.285040449674104,0.23977978448917522,0.2380270377907762,0.24094456563998087,underresolved
1744,2.0223979577067834,0.5108023185993175,0.3276577753106816,0.32521306075731277,0.32870848714166906,underresolved
1745,2.4551695856749345,0.03916150942023636,0.031083985918349495,0.0,0.12255202882831656,underresolved
1746,0.24409691279356735,0.06547937039454244,0.00087128383606864,0.0,0.4522255016405761,underresolved
1747,0.9774092688542513,0.03488812928424429,0.01190729665904895,0.0,0.09056871789289302,underresolved
1748,0.06321486883181116,3.8664609718909633,0.00024310813287519112,0.0,1.0,indeterminate
1749,0.8790747860827037,0.6165937547681213,0.15105252508646494,0.1475009468156751,0.15186242871624392,underresolved
1750,0.05709956031161943,0.6586760391795323,0.00010190539879524228,0.0,1.0,indeterminate
1751,0.1043303946910213,0.3136909900990252,0.000334427060410958,0.0,1.0,indeterminate
1752,0.08188934108616226,12.221643827802927,0.0005418502887037104,0.0,1.0,indeterminate
1753,3.6207636252901008,3.6571511529120357,0.8638850515131401,0.8637569864550664,0.864141978702813,underresolved
1754,0.25533523728261603,20.1615502316179,0.015123571761493098,0.00594130075997247,0.04385200834107861,underresolved
1755,0.37544842662489847,0.2741774790900814,0.01148251217345873,0.006253716952721797,0.03728560528370161,underresolved
1756,3.9324369244355895,5.607433227939541,0.896151486172059,0.8960104769142235,0.8963559564702224,underresolved
1757,0.15338310202985775,0.0494023903960873,0.0001719501789911157,0.0,1.0,indeterminate
1758,0.09411909363651307,2.2453848726318686,0.0007516180237899002,0.0,1.0,indeterminate
1759,6.808639910205188,0.11554411708519385,0.11116418518535692,0.0862979393532063,0.14414493745551,underresolved
1760,0.11579365477281099,1.2832967754014803,0.0012004389287084843,0.0,0.3036558571877976,underresolved
1761,6.4048694914324065,0.03593026676452737,0.034633038053154125,0.0,0.19165623168930312,underresolved
1762,26.159384113504313,14.88514124337491,0.9955679005379475,0.9955414490271198,0.9958121625544042,resolved
1763,0.0743025008651803,0.05080802402869494,2.0644108729508874e-05,0.0,1.0,indeterminate
1764,0.7932820960295545,0.06134387650636187,0.014697328031962735,0.0,0.049367147784235864,underresolved
1765,0.07148068603126781,22.623670702803892,0.00036209475526581634,0.0,1.0,indeterminate
1766,0.07236994234515984,0.1465417153143138,5.452795729030876e-05,0.0,1.0,indeterminate
1767,10.372143200838023,1.9269618027813358,0.8753639152584576,0.8750597957944469,0.8755166752282285,underresolved
1768,0.1634690200019751,0.04550967949538555,0.00019088926266802575,0.0,1.0,indeterminate
1769,0.24581189591651179,6.132276521031272,0.013424269795807837,0.0,0.031581607987233626,underresolved
1770,0.38316756817622916,0.14638107859806973,0.006634466610273866,0.0,0.029776091575902934,underresolved
1771,3.579089005400987,8.376157702176851,0.8870733848016984,0.8868136600596465,0.8871610703754407,underresolved
1772,0.7964714653541234,0.20888746909879055,0.04944525851330136,0.03388282112106987,0.05667018390173805,underresolved
1773,0.06960221052582208,5.594959331816399,0.00032952813764531604,0.0,1.0,indeterminate
1774,5.075338430669036,2.4323183373906905,0.8735268165784492,0.8732612440602877,0.8736742121096203,underresolved
1775,2.644022788947778,0.3096327192753295,0.24203180077048012,0.23390606305245612,0.24267498986956743,underresolved
1776,11.671861154662043,27.190868890785524,0.9884213489253425,0.9883041438134256,0.9885778565365462,resolved
1777,25.63914533652346,0.19632489778549533,0.1922085958536508,0.17835306092820008,0.19962263792708773,underresolved
1778,3.8413339869708327,21.168044069070547,0.9053145739145125,0.9052333181205157,0.9055628277741912,resolved
1779,0.0558487258962032,0.18316348957881326,3.1238090206966884e-05,0.0,1.0,indeterminate
1780,0.7989311446937618,3.0995756783758828,0.23144078566218124,0.23054100183460352,0.23353162607256642,underresolved
1781,1.1963027254000136,0.05311588691145019,0.02395636546308699,0.0,0.0668960132183201,underresolved
1782,8.816580802795135,1.7562101759162596,0.8524951017606335,0.8522637585103171,0.8527627812019368,underresolved
1783,8.336268232480556,0.07822346413515212,0.07633171823373994,0.031151398003989517,0.14440439906144684,underresolved
1784,6.918974858884811,0.7977158795119033,0.6045640282544766,0.6039303501843815,0.6053848344546213,underresolved
1785,24.146346141931343,0.04194070047729921,0.0417962865366862,0.0,0.18010448840260326,underresolved
1786,0.3792400631027663,0.23321828679775375,0.010126658894427716,0.0,0.026754976913423763,underresolved
1787,0.7662081642247397,3.927500738484765,0.21802399427713398,0.21767582646896827,0.2209303192750776,underresolved
1788,5.0560023391896305,0.5920905601564774,0.4809850630359259,0.48046427159911315,0.48293894019948025,underresolved
1789,16.837558760908323,1.5745326522239294,0.8396941334457414,0.8394821588132688,0.8400302837209018,underresolved
1790,0.09915194466332737,30.089644496201917,0.0009600434406605526,0.0,0.42912488491989276,underresolved
1791,0.09302964302602236,23.19830956050638,0.0007940489661839121,0.0,1.0,indeterminate
1792,0.0905556107535648,0.6444096695579596,0.00039734631753316233,0.0,1.0,indeterminate
1793,1.0785175410277414,0.45624264769040906,0.1636706206604201,0.1616554739432543,0.1668858843275262,underresolved
1794,0.19590457156469773,1.4482243083458846,0.005847100425017883,0.0,0.015312685258925526,underresolved
1795,0.03655819432469239,1.2882986686707765,3.851973333028025e-05,0.0,1.0,indeterminate
1796,0.5512906931532465,1.232963529411876,0.08739722759220485,0.08445956725296064,0.09168931632110472,underresolved
1797,1.9427325624665688,25.106627085252953,0.7023322154375782,0.702067385090368,0.7026243929166868,underresolved
1798,3.0924441547730517,2.5593875624452287,0.8023445154319755,0.8020462804173809,0.8025127869421467,underresolved
1799,0.38262666280020574,0.16458328800206032,0.007411423073095521,0.0,0.047007350105365324,underresolved
1800,9.95463681266329,1.3370034063604659,0.7888201841908844,0.7883710328710399,0.7890399281473889,underresolved
1801,0.25191133158667756,0.17877006511547439,0.0025652247479571,0.0,0.12474838168337256,underresolved
1802,0.1388799543762779,0.6595108570264081,0.0014330997852713455,0.0,0.2786710580756269,underresolved
1803,30.088559111315398,12.460886972594723,0.9951460674370481,0.9950424198566039,0.9953140773296351,resolved
1804,0.04814715055270621,0.720413353603132,6.501400249364953e-05,0.0,1.0,indeterminate
1805,0.8924363044452829,1.65197321498182,0.2525326825168971,0.2514457737152643,0.25398462928826376,underresolved
1806,17.593820350830956,0.0432319006112203,0.04298309874702814,0.0,0.10017460372541892,underresolved
1807,28.895481970089566,2.41037313230084,0.9220069681465423,0.9218215267775756,0.9222035789744103,resolved
1808,0.16670672323561977,0.9812651697969914,0.0031141634823170805,0.0,0.15946447110993425,underresolved
1809,3.9420077053621614,0.6685986991679607,0.5061735330648361,0.5051937634067301,0.5072100777457058,underresolved
1810,4.03832557174298,0.10186534373065427,0.092686337249388,0.05501891549668933,0.13161683067371027,underresolved
1811,17.84833139092421,0.11846977289914089,0.11709526364407441,0.04048524379201315,0.12273959019078072,underresolved
1812,1.516797130954633,3.830268843019867,0.563067037010945,0.5626867538268635,0.5635282968403051,underresolved
1813,0.9210540254287086,0.259175122085196,0.07801147547737214,0.07148981123946821,0.0853589674034256,underresolved
1814,19.13002744343768,1.0097842889375916,0.7076383179682231,0.7071916068495813,0.7081726851514728,underresolved
1815,0.03731286717826884,4.800597057804844,5.075113741811033e-05,0.0,1.0,indeterminate
1816,0.5642405812533093,2.362697018883221,0.10928390997972365,0.10666241935670445,0.11318671507904905,underresolved
1817,1.3851011596667486,0.09657695683924172,0.051234359837179264,0.03675600016438315,0.10173557533732101,underresolved
1818,1.368276998661286,2.488514906856735,0.4883129434647748,0.48762118085894646,0.4886820747061939,underresolved
1819,0.15595785625055225,0.2318393535224042,0.0008263897974855424,0.0,0.19195965267659126,underresolved
1820,0.03895059598799233,19.25557198885794,5.888028052970259e-05,0.0,1.0,indeterminate
1821,0.35149668917252275,1.272550025088014,0.02867150363000393,0.012682493625442022,0.02961551645008594,underresolved
1822,8.41729517120772,15.294198766863959,0.9771098356571171,0.976992381069291,0.9772737103929994,resolved
1823,0.033634293130036394,0.04613384736970276,1.7505252582057305e-06,0.0,1.0,indeterminate
1824,0.10914434857940215,1.577439186213145,0.0010787831174179205,0.0,0.45710017982531836,underresolved
1825,3.475373577408278,11.56659331668647,0.8842282681794671,0.8841113368947283,0.8844590975465934,underresolved
1826,0.26671971555747814,27.053513371857488,0.01710408602344536,0.002663904238259368,0.03308253639078479,underresolved
1827,0.3965201577582037,9.183715351936355,0.04978606210612696,0.045535783499595306,0.059544246547667205,underresolved
1828,0.10186550636770905,1.0479122046856952,0.0007529502392962348,0.0,0.4750157736470013,underresolved
1829,0.06783550618496575,0.07398818637409428,2.2874798684185863e-05,0.0,1.0,indeterminate
1830,0.17288762734953045,0.03866025668970187,0.00019100547735391432,0.0,1.0,indeterminate
1831,0.13585450882470218,0.22268828546871688,0.0005302686981643549,0.0,0.7864790227637435,underresolved
1832,27.73442756063058,0.2116304066975129,0.2066415912756977,0.19467269270912896,0.21292691142446984,underresolved
1833,17.49794588446988,22.865889986484802,0.9941705455873158,0.9939592958722625,0.9942299309687763,resolved
1834,0.08214108136241381,0.145617204902857,7.906003240199518e-05,0.0,1.0,indeterminate
1835,21.9211063918069,1.0670454881362015,0.7273866326633937,0.7268718224920745,0.7277744352321591,underresolved
1836,2.71145255095752,13.601913360346744,0.8236671040179769,0.8234729333882927,0.8238757690716959,underresolved
1837,1.0012525015811033,0.9272180495963407,0.24083880269051347,0.23889527344084757,0.24152633243725063,underresolved
1838,17.06282736553448,9.935183564804037,0.9898683778620163,0.9896792935305847,0.9899552658592485,resolved
1839,0.9417224260069833,25.745268548965985,0.3219870256807436,0.3212770106687496,0.32330939749389165,underresolved
1840,0.11572589274146472,0.3620564842775597,0.0005171944191824199,0.0,0.9318002836028483,indeterminate
1841,0.07681585706297787,0.9590651688149964,0.00031098499731420555,0.0,1.0,indeterminate
1842,0.12943908984516528,0.47401592777975854,0.0009060493747769723,0.0,0.3657541808548047,underresolved
1843,3.4087747788093523,0.8219231858435049,0.561009949903056,0.5605351571568946,0.56197925575819,underresolved
1844,11.401084336291316,0.11187218953719517,0.10990787794482855,0.07864910422522683,0.14227347567390275,underresolved
1845,0.26196755964703916,0.0480969945041479,0.0007818429338133163,0.0,0.8132973988373737,underresolved
1846,8.685943400221614,8.995056793691525,0.974439337746993,0.974248271063016,0.9745340727893372,resolved
1847,6.368186507426593,1.223294723391721,0.7464502753173563,0.7461225798921783,0.7468852622413729,underresolved
1848,0.12485870914009174,2.7096601911655602,0.0017842352099858474,0.0,0.1400351685970362,underresolved
1849,0.04767230474093115,4.255189812151997,0.00010511057230261467,0.0,1.0,indeterminate
1850,0.723030445709926,10.086804577564632,0.20016731061211926,0.19666693165761018,0.20033784049220635,underresolved
1851,1.003292926152817,0.053960397957175464,0.01914418582732021,0.0,0.07944410996157708,underresolved
1852,0.0645307954264781,0.565882183768618,0.00013152138410448095,0.0,1.0,indeterminate
1853,1.8379697201673884,6.172524499547096,0.6690457164943469,0.6689493422939641,0.6695634597637171,underresolved
1854,0.33414584609416226,1.156065748446443,0.024074364242830944,0.01239669678624114,0.03219173512498359,underresolved
1855,23.222478939226495,0.3233411261331707,0.30680434108976823,0.30492576493417545,0.31267006942021036,underresolved
1856,6.642473138281905,6.1331881385933436,0.9543399034397277,0.9542021616957967,0.9545052470860805,resolved
1857,0.17135154359624558,4.104513122834061,0.004680486234185688,0.0,0.12621911399341681,underresolved
1858,0.23253405943139538,0.21306001067010902,0.002421118656830087,0.0,0.062232247422629165,underresolved
1859,2.8593733133430677,0.16724264521321408,0.13873567122288244,0.12452207273513687,0.15328587705066465,underresolved
1860,23.076233650148787,0.10662365444522214,0.10572474373002899,0.02351923057800892,0.12451041859545177,underresolved
1861,0.696707903585628,5.867229669395097,0.1841484989921691,0.18132567605860386,0.1853282787603164,underresolved
1862,7.64409572052246,0.06845127262758391,0.06657514020398322,0.0,0.10896794657521632,underresolved
1863,0.08349385063806938,0.9889560240516774,0.00040504006563140294,0.0,1.0,indeterminate
1864,0.23857569024218733,16.02121951257894,0.012473032712798177,0.0,0.022684498685940496,underresolved
1865,0.040133385767182825,0.0695723902492017,4.475662928527212e-06,0.0,1.0,indeterminate
1866,0.3052823921137914,5.539527484427896,0.024495929996905735,0.013401172991005631,0.037663324305171546,underresolved
1867,5.516921250141831,0.09388414679201858,0.08904866076850343,0.05669635258234133,0.13906437478861317,underresolved
1868,0.13788811688873795,0.36608557832823924,0.0008761598986784008,0.0,0.9204180473021116,indeterminate
1869,1.8302829852662896,0.03717488027545094,0.025106151761899093,0.0,0.14839513192377823,underresolved
1870,7.447330636069663,0.08954360216509302,0.08682793274572025,0.0,0.10921182701110464,underresolved
1871,7.544014050706095,0.126923532588792,0.12266617775808303,0.0864730098067756,0.1404172230765301,underresolved
1872,0.14080607263347145,0.9192184581749301,0.0018344241897568178,0.0,0.03852735913850502,underresolved
1873,4.25496419790257,0.04140546275428665,0.03816474680991267,0.0,0.14923816857580754,underresolved
1874,0.2898321817422541,29.890793273192017,0.021560129795875398,0.011687711160887487,0.039170403763777714,underresolved
1875,28.30764781767765,17.42898924182606,0.9964921488250964,0.996293157431908,0.9965629805416816,resolved
1876,7.615475023402071,0.47012773995578444,0.4146842882290396,0.41314406009695037,0.4169273135826781,underresolved
1877,0.43089991972149055,0.13828323854147603,0.008488623803864396,0.0,0.051970495151161505,underresolved
1878,3.8909147343014894,0.048276321622389144,0.04380867394507905,0.0,0.15354786567632522,underresolved
1879,0.10752177238738866,2.2916359984258516,0.0011198281271006826,0.0,0.34193910309350833,underresolved
1880,0.4696058309608257,12.626213506403195,0.07656320509240001,0.06744947915011021,0.07699593331377354,underresolved
1881,6.22110611212132,0.22063320848198825,0.20736296597434153,0.19224516432847708,0.2094164519840481,underresolved
1882,0.03421949160337153,0.3666264745584644,1.3768801281399675e-05,0.0,1.0,indeterminate
1883,4.711288262347305,3.828732078516697,0.9056555722312551,0.9054840156722662,0.9058346509481183,resolved
1884,24.324756775374844,1.8317870517792474,0.8755051983716116,0.8752493676251297,0.875720256154535,underresolved
1885,2.582399814759134,0.34670053225614517,0.2656358945259612,0.25993601377322473,0.266947751693282,underresolved
1886,0.06189205740152624,2.4710475716166433,0.00021851450737545567,0.0,1.0,indeterminate
1887,2.4406006796155593,0.048832497552455674,0.038644952184541316,0.0,0.12123634748925434,underresolved
1888,2.7469232992558625,22.044964155287577,0.8288583913263526,0.8286648402518447,0.8290616420596882,underresolved
1889,0.03460137153778672,0.6669275641762371,2.294438454416372e-05,0.0,1.0,indeterminate
1890,29.662568543394638,0.21000307742596983,0.20517024496045425,0.19616118143756253,0.21441568503061567,underresolved
1891,0.07228204711389721,21.46989105764898,0.00037430535319375155,0.0,1.0,indeterminate
1892,25.564779764365703,0.4981627903180567,0.4448761075088321,0.4425432071936787,0.44593000665772836,underresolved
1893,0.8318796320965526,20.62223024346803,0.2612533082317618,0.26012238044260794,0.26279485803589814,underresolved
1894,20.40189993316089,0.2109458055881898,0.20566191023096914,0.20134188044694257,0.21904086200105222,underresolved
1895,5.0272392977973706,0.22806468476718525,0.20978199648132645,0.20873006824438914,0.22379358608483407,underresolved
1896,0.20946615397599277,0.20633024786576062,0.0017413176383615616,0.0,0.18374708687764044,underresolved
1897,0.061606072860597154,8.334105447615745,0.00023083347213384456,0.0,1.0,indeterminate
1898,7.202216748335997,4.632591928223034,0.9498854947052524,0.9497658028638977,0.9500788833733937,resolved
1899,0.7335252008070907,1.3185124857855919,0.1648600294729806,0.1631859394849839,0.16713634053918716,underresolved
1900,5.28595355034871,0.07018181171828615,0.06641260392739981,0.0,0.14372224785833093,underresolved
1901,0.5360627897604537,0.0762502393169051,0.008018214026247389,0.0,0.05756395645658239,underresolved
1902,8.876303210086432,0.8372022800797897,0.6299032639376867,0.6295392160988228,0.6308726724397992,underresolved
1903,7.948766566046636,0.036110467426321013,0.03524686291718472,0.0,0.16671905198768064,underresolved
1904,0.2398140309722137,8.188512927103567,0.012588731719920558,0.00019415170303239146,0.040180753555801044,underresolved
1905,0.3238973072162079,0.4424292711573709,0.011837412447545511,0.00573931125728038,0.033895447618526225,underresolved
1906,6.889743810449123,28.635376269406855,0.9686218370767609,0.9684566414780789,0.9687421230281711,resolved
1907,29.10858028576236,1.1519073607000303,0.7538087798896453,0.7535552141828407,0.7543617266199084,underresolved
1908,8.755985647762351,1.6990064246795427,0.8452141565551169,0.8449479277024878,0.8454630578638221,underresolved
1909,0.33164712341858854,0.19947825995188187,0.006102006103018652,0.0,0.024582289742064778,underresolved
1910,3.1407587945075255,0.20206939646385688,0.17135919031305968,0.15897137009813572,0.17907405871294374,underresolved
1911,0.1804663336673658,7.800178273011482,0.0055561064069515505,0.0,0.0422543342197809,underresolved
1912,5.079324710746453,18.629499645016086,0.9431964428755512,0.9430289045329473,0.9433313699427578,resolved
1913,23.66028955134053,9.741122075165654,0.9921124603657719,0.9919901194332877,0.9922649774489887,resolved
1914,0.06689813765059094,1.9196575749437554,0.00026375346342500907,0.0,1.0,indeterminate
1915,0.5635050008694504,2.6507487011548636,0.11070186945926887,0.10520753125896562,0.11172081187963623,underresolved
1916,0.8331691535380182,8.782026334776717,0.2605951218755602,0.25900911707010477,0.2616816293185291,underresolved
1917,0.039001550926696375,0.03724083655829856,2.202794295693771e-06,0.0,1.0,indeterminate
1918,22.755042411175225,0.6075295879458867,0.51771909604375,0.5170585664963326,0.5193887996977831,underresolved
1919,9.220377004728007,14.342983570850803,0.9802324946851427,0.9800780678340867,0.9803578015623318,resolved
1920,3.7257034662830137,0.2225468114131477,0.19570732724140072,0.1934840278570816,0.20935970621697753,underresolved
1921,0.911935284503037,23.284392130258507,0.3056586715816714,0.30406536125097733,0.3062486354088697,underresolved
1922,0.08597082669517751,0.06203709905451124,3.891110750897215e-05,0.0,1.0,indeterminate
1923,18.956815899322105,2.2418536731806844,0.9094645113821691,0.9093034491402777,0.909705294089223,resolved
1924,0.5192574076606782,0.1141084849161787,0.011095375463735164,0.0,0.03980937884013299,underresolved
1925,0.4274421188824546,0.665150470983025,0.03362711279957999,0.029177008773032535,0.0429205626853815,underresolved
1926,1.1593971659186018,1.9564512867176211,0.3866366702074888,0.3856597970797484,0.38714751322029983,underresolved
1927,3.6088815020793734,0.4370658522673428,0.3584222583315917,0.35596436953184096,0.36037852575535473,underresolved
1928,0.2627582180374725,2.1092713463318145,0.014830297824895436,0.0,0.021005899378157222,underresolved
1929,10.955167431938234,22.409853531168984,0.9866487201828149,0.9865613528752216,0.9868362901205912,resolved
1930,0.649193931428535,0.14753007607144472,0.02356295406053434,0.0,0.03619880542898852,underresolved
1931,0.12912901806075439,3.9209312673444066,0.0020352350048957763,0.0,0.1711727487818315,underresolved
1932,0.13162728882887706,0.13126954516745032,0.0002892689344068798,0.0,1.0,indeterminate
1933,1.5370374352639957,7.833668323035758,0.584188446371188,0.5839683480796448,0.584758812150937,underresolved
1934,6.426400131333475,10.895935444303316,0.9607106889364616,0.9606187009732535,0.9609115455714186,resolved
1935,1.9217715261443225,0.7429606911731633,0.41631509699807295,0.4162120368363608,0.4181303585749963,underresolved
1936,0.5790811156427917,1.404697918386465,0.10251926899171696,0.09949623412813141,0.10590094392438243,underresolved
1937,0.13615484691401114,0.2583796268807614,0.0006142685378909823,0.0,0.6403496883995997,underresolved
1938,3.573295448939244,1.460026539909389,0.7368038582572428,0.7363314786150145,0.7369968954015647,underresolved
1939,0.6579351304367195,6.264029801215742,0.16397225345459526,0.16088769668539002,0.16543676985162226,underresolved
1940,20.166798652718384,0.7020399239988055,0.5724696304290835,0.5720257437844989,0.5738209107109672,underresolved
1941,31.518581477247825,0.10010331839837583,0.09945529652217112,0.08445117370730039,0.151608576416654,underresolved
1942,0.07420458285932223,18.88170607626344,0.00040467535201665976,0.0,1.0,indeterminate
1943,2.8413161408381176,0.052240642969068364,0.043786825292126214,0.0,0.07154127235433075,underresolved
1944,0.04512278538745654,0.1112013554451015,1.012287868805517e-05,0.0,1.0,indeterminate
1945,0.054657166918683615,4.069147723889387,0.00015785724542792575,0.0,1.0,indeterminate
1946,0.5715297883513827,18.034902607914642,0.1219880520247098,0.11775729535384157,0.12397805465181343,underresolved
1947,9.327757090182743,0.6075473982495622,0.5104060994200741,0.5092871711889893,0.5116291753576797,underresolved
1948,3.5420672274380434,1.984524109606081,0.7959912669148811,0.7957712105451792,0.7962825270614616,underresolved
1949,2.3073115977778444,0.04077151876513851,0.03146729705431722,0.0,0.15244594779784051,underresolved
1950,3.6483994591939672,26.640579786829306,0.8964058580093042,0.8962761697187596,0.8966124440261268,underresolved
1951,4.359156136864941,1.061469111646038,0.673971906697232,0.6735521105259299,0.6745066747025519,underresolved
1952,0.2912301370911264,12.76961260218095,0.02179454544268866,0.004041579660879265,0.027672478104123495,underresolved
1953,13.117278885364499,0.24663205138392874,0.23738433249072965,0.23482704632804813,0.2478887419965469,underresolved
1954,0.0985049628484304,0.4370348749312664,0.0003772628368438544,0.0,1.0,indeterminate
1955,0.5497750400660482,1.0489521840112705,0.0809332842090217,0.07808939039431677,0.08552777058914178,underresolved
1956,6.2434103235495355,0.06180465098249708,0.05938707231001594,0.0,0.12969667883541872,underresolved
1957,7.322584145471047,26.653420663761818,0.9719798727270634,0.9718027053597146,0.9720862116206712,resolved
1958,0.09722771672797785,4.1389042867325365,0.0008808888397266899,0.0,0.4898854840332463,underresolved
1959,0.03895510753099027,0.20173661773713225,1.166347208842315e-05,0.0,1.0,indeterminate
1960,0.07109011262641425,1.708968999107137,0.000307753455923427,0.0,0.9844401354054756,indeterminate
1961,1.1046271859173644,4.376920703633948,0.39720044198561966,0.39623301652042736,0.39771359385044286,underresolved
1962,23.199201327952736,3.955871081684971,0.9668071867697045,0.9666023111114567,0.9669118444884904,resolved
1963,0.04546432355336114,10.078070328654034,9.32265374555144e-05,0.0,1.0,indeterminate
1964,0.8775841454279305,1.2787771457955903,0.22606429788567028,0.22556225362062585,0.22836688025531407,underresolved
1965,17.654469662708845,24.036480902141054,0.9943464475615512,0.9942683295590269,0.9945387435202196,resolved
1966,1.2894255592791326,0.052793377314657795,0.026013604274968224,0.0,0.06910020730378649,underresolved
1967,2.1858871045574464,27.929458317050287,0.7514967951046098,0.751366994305964,0.7518528985624887,underresolved
1968,4.290924619034175,4.904222273233416,0.905107713249759,0.9048499904413747,0.9051918922458307,resolved
1969,31.52924906717231,0.2739508444842576,0.2638174496647965,0.2558614309198469,0.26677828722426344,underresolved
1970,0.07589925449866286,1.5374792902612069,0.00036338080584022583,0.0,1.0,indeterminate
1971,0.07387557479051374,4.801670182277882,0.00039150495698000347,0.0,1.0,indeterminate
1972,7.7419022296772875,2.2864073747544458,0.8937418984400823,0.8934221316668909,0.8938306715382505,underresolved
1973,1.1560254403069248,24.227074827268623,0.43222828125100876,0.4318139168777358,0.433133433372427,underresolved
1974,16.842660535701953,0.45701229197491255,0.4134732695503278,0.4125311984707456,0.41650430126716304,underresolved
1975,2.447963198014548,21.81307567543651,0.7925156135301918,0.7923087386899176,0.7927444809714566,underresolved
1976,18.476435828585977,0.20971854154412795,0.2043548143009497,0.19054379868794177,0.20930375638661644,underresolved
1977,0.7004372455709107,5.67944625462056,0.1859648654119597,0.1834080942395936,0.18736108938189655,underresolved
1978,0.7510790201472237,0.4640606538437734,0.09117495803596701,0.09002596218695248,0.09701112896614313,underresolved
1979,5.79420954690567,0.0715538750758661,0.06829733546907754,0.0,0.13383001561948263,underresolved
1980,0.917874124016763,0.08804481033322042,0.027118620584581758,0.0,0.07145759664386986,underresolved
1981,10.34209420618384,24.05802449222607,0.9852872536754225,0.9851664986997815,0.9854421331628072,resolved
1982,0.3341877744884612,0.875536039759464,0.020975414124317183,0.005639951613905191,0.024429264709594434,underresolved
1983,5.195891985915395,28.579673218297952,0.9463255754805621,0.9462901158450135,0.9465898906975637,resolved
1984,11.06056665524441,0.2904902590187365,0.27557291886630225,0.2688625181756558,0.27856928358463,underresolved
1985,0.1058044701546381,0.47048500218561834,0.0004958891097711541,0.0,0.6709299190559129,underresolved
1986,0.03385280763948099,0.06287706534961576,2.430375657286319e-06,0.0,1.0,indeterminate
1987,6.356479752411687,0.2608793759722361,0.24334125147336924,0.23530682245350784,0.2473350959256478,underresolved
1988,0.03320140710317892,0.6313031155705081,1.950525727049082e-05,0.0,1.0,indeterminate
1989,8.583548302055764,0.2747739944155369,0.2596497514169311,0.2510211033874883,0.2619211306315123,underresolved
1990,0.49033307049233443,15.217601325126642,0.08514934559142855,0.08377806966726305,0.09254271797657332,underresolved
1991,2.7035871665922095,0.19350356021172951,0.15673811690509742,0.1450377665208883,0.166831721754392,underresolved
1992,0.8160839114736237,0.08256763883500172,0.020798365937675107,0.0,0.049898281793874066,underresolved
1993,6.292639980159491,0.1734242151161285,0.16459921279708983,0.15191264064163987,0.1785667093785739,underresolved
1994,0.08164613634652372,0.1920109445555156,0.00010161152265900876,0.0,1.0,indeterminate
1995,0.09454196580913471,16.985852543858066,0.0008323878305916669,0.0,0.5969987658955638,underresolved
1996,0.839388724880072,1.1183365816106856,0.19809877686660707,0.1968481936829593,0.200041784867422,underresolved
1997,10.801733668302688,20.672575087861937,0.9861273295467368,0.9859578258257504,0.9862332239346894,resolved
1998,3.5206729905074376,0.05568207400503497,0.049487947686862856,0.0,0.09041882742548064,underresolved
1999,3.7320642426804977,0.08652109150633835,0.0776844597628679,0.0,0.12324528712799812,underresolved
2000,28.45962884003289,0.5408571109580571,0.4748528274152577,0.4726358937620745,0.47553657298936014,underresolved
2001,12.050802123356398,0.8940237321697472,0.6596740429623009,0.6589545915913222,0.660148167084222,underresolved
2002,2.550339979747656,1.3323115085777673,0.6453640179120866,0.6450075181606434,0.6458230872001661,underresolved
2003,2.0339297214705327,1.6038055106870917,0.6132594492937836,0.6127192103212986,0.6135132700717228,underresolved
2004,20.08952485246601,1.9574888191548308,0.8872262376144586,0.8868251706336312,0.8872704689203744,underresolved
2005,0.5879089263914904,0.060871805038177906,0.007909542848392027,0.0,0.033356647820316325,underresolved
2006,2.907086250619026,1.015607035706742,0.6025159515159335,0.6020920810523372,0.6031755196956051,underresolved
2007,1.6050527140277937,6.549001333352866,0.6044096951711154,0.6039019908098742,0.6046448133007024,underresolved
2008,0.2480076960483885,14.690800512125717,0.013915757455397882,0.0,0.017809158119673887,underresolved
2009,1.4513388959403022,8.393616285557956,0.5544510004160206,0.5540410768986499,0.5549093002924009,underresolved
2010,0.41578505265915794,3.9209438131359,0.054833209811289696,0.04536261973545391,0.05782095357244293,underresolved
2011,0.10135632527024721,5.080356830506245,0.0010060973054685442,0.0,0.4830575689685036,underresolved
2012,1.2492276682985402,0.3454560718870653,0.1553573132549481,0.14839227686598577,0.15621987374268193,underresolved
2013,0.2078493407130577,0.3556620408124058,0.0028240119637906913,0.0,0.04623223548101479,underresolved
2014,9.34927883346755,0.12715477621259216,0.1240050466414876,0.07467915311619938,0.1338252817627712,underresolved
2015,0.6808483633624841,0.032550914005490324,0.005799239912632417,0.0,0.03977035636435852,underresolved
2016,0.9353519952427436,0.5665285605125485,0.15712370535940018,0.15484597813292314,0.15928358102150098,underresolved
2017,1.2316472322461378,5.2776859309424875,0.45971282244780026,0.45914510893013033,0.4603308565751639,underresolved
2018,25.022105612016695,0.7938794691934884,0.6202810994683434,0.6193438647915536,0.620794364204825,underresolved
2019,1.101652423071494,1.205264390979271,0.3124189108464544,0.31102344014776656,0.31296857699777175,underresolved
2020,0.06645729730107881,0.06365184282210962,1.852209878241654e-05,0.0,1.0,indeterminate
2021,0.2129975711397295,24.83031921094175,0.009033753946399058,0.0,0.02849940194724526,underresolved
2022,0.7780847684597972,0.05139613782948616,0.011886583129339425,0.0,0.0889936129448967,underresolved
2023,0.1861560830281225,0.16968454346625944,0.0010254565112637626,0.0,0.26251132934516336,underresolved
2024,29.293326417002966,0.0339901385078018,0.03391122481281441,0.0,0.1437543988250909,underresolved
2025,0.6179875138353795,0.9485309176771047,0.099983393143761,0.09664361121337867,0.10268204368746986,underresolved
2026,3.3778316363246,0.04454805055246246,0.039234473069790325,0.0,0.09690184292216947,underresolved
2027,0.22365929335227347,1.5803842873851732,0.008786968361977234,0.0063413692866600485,0.07103075428359755,underresolved
2028,6.071904746317296,7.8149547830939365,0.9528819866959287,0.9526141849730028,0.9529147478035153,resolved
2029,0.07737288111945961,5.9824127831545075,0.00045278691811104953,0.0,1.0,indeterminate
2030,0.03259573219877355,0.04609224087019579,1.5920526633187617e-06,0.0,1.0,indeterminate
2031,28.930611710987893,0.333759090621088,0.31602467935845296,0.3107228819249219,0.3180939556843637,underresolved
2032,1.3846357591512914,0.7382663075618101,0.316444313156015,0.31522729321321163,0.3175362164609843,underresolved
2033,0.8828202247732808,0.19424367929293618,0.05527406962135047,0.048585675091804344,0.07083793510835215,underresolved
2034,8.03890482463887,0.40599515510292794,0.3676087979140608,0.36526245561212983,0.37027490461735535,underresolved
2035,0.03257211862066913,0.135417298102442,4.629940922642801e-06,0.0,1.0,indeterminate
2036,19.180328507137926,0.19019018337593246,0.18608172946995102,0.17658586064457443,0.198649196106113,underresolved
2037,0.05770111520553994,7.139816996765921,0.00018930794117752027,0.0,1.0,indeterminate
2038,1.0025190977506946,0.7056481220089403,0.20461290114274852,0.2030063795007697,0.20629880914320461,underresolved
2039,0.0577038295253794,3.3179813514124925,0.00018304964851015353,0.0,1.0,indeterminate
2040,7.166464376415674,0.037209754925887135,0.036123847107442125,0.0,0.13554002725251865,underresolved
2041,0.03517360576784671,0.041104032084648655,1.7838694868307968e-06,0.0,1.0,indeterminate
2042,9.26611466364568,1.5933405760539376,0.8324177083237236,0.8320270979518712,0.8325754978356662,underresolved
2043,0.15450756498944554,2.362279535241622,0.0032785867534220934,0.0,0.013640817523709325,underresolved
2044,0.04356625714271562,0.16549867084983824,1.3463015880143828e-05,0.0,1.0,indeterminate
2045,26.619169531365817,17.953155563680987,0.9963424161923194,0.9962446207429934,0.9965144118113208,resolved
2046,0.12934770301219017,13.246335144312273,0.0021049080903554804,0.0,0.060653144860202485,underresolved
2047,0.36005526553705125,0.07405017501614423,0.002871019589054742,0.0,0.14556899946653515,underresolved
2048,8.826930339655702,0.044139211093112855,0.04326076113323501,0.0,0.15536737930204095,underresolved
2049,0.09376148651588917,0.7101885736509699,0.000471051269724077,0.0,0.893417550434979,underresolved
2050,0.1611745174601101,0.09885573829376473,0.00039634435694686245,0.0,1.0,indeterminate
2051,4.0237508387226,1.1613509873343748,0.6926345874941499,0.6920975030761728,0.6929499536777911,underresolved
2052,1.3071473005304661,0.07535908511154114,0.03764904940611658,0.0,0.0944190269893975,underresolved
2053,0.16534297734057565,0.8294154757709506,0.002771289884555174,0.0,0.03459418660391579,underresolved
2054,0.1981955264847905,0.19478809376935402,0.0014049392631416933,0.0,0.18887837167348667,underresolved
2055,12.954499909887842,8.263700604544379,0.9839497688150941,0.9837969743313246,0.9840779886485899,resolved
2056,1.2776960887300999,0.09543822532765946,0.04639612966776286,0.021611667310576697,0.09407668138901967,underresolved
2057,30.82242520221997,9.024752249698421,0.9923496897570558,0.992269026157124,0.9925443512751739,resolved
2058,0.08084917706562164,2.1227775311361623,0.0004734363126299738,0.0,1.0,indeterminate
2059,0.05854325004136145,0.7923214458509276,0.0001239669921248163,0.0,1.0,indeterminate
2060,0.11217517359168977,8.06763183655226,0.0013747800524068028,0.0,1.0,indeterminate
2061,11.636174631474269,2.4385137798785244,0.9150679845413936,0.9149240093590841,0.9153084969451274,resolved
2062,0.596069297667861,12.39799928858142,0.1337918447209464,0.12949745265513513,0.1351587207091204,underresolved
2063,0.05783248197063344,0.0580887003525972,1.1160932807612033e-05,0.0,1.0,indeterminate
2064,0.09779488497233639,0.056894197683071746,5.237378469321993e-05,0.0,1.0,indeterminate
2065,1.7526582191775195,23.21254377977078,0.6546477525346106,0.6544330570308516,0.6550723245920319,underresolved
2066,2.7683666314997737,0.5555963171240627,0.4040597251607297,0.4021119369693253,0.40499453339298586,underresolved
2067,0.22692062922287617,0.07119968759540399,0.0007696485219052523,0.0,0.42619677456673444,underresolved
2068,0.06515392253696883,0.49723627802402026,0.00012236276227018173,0.0,1.0,indeterminate
2069,0.6123835432764023,0.6461510421624739,0.07730024060144641,0.0729847859568105,0.08010506697103899,underresolved
2070,0.04535486192509329,2.173566063739464,8.44969680868531e-05,0.0,1.0,indeterminate
2071,1.2829518940275153,3.462145457571793,0.4713623629495267,0.47073861922358984,0.47186762240075397,underresolved
2072,6.307869385577651,0.2701830701160899,0.25129771046145016,0.2487053898245389,0.2596940443628476,underresolved
2073,0.06949923191763396,0.04574941090044482,1.523114395655634e-05,0.0,1.0,indeterminate
2074,0.6862620140530485,0.038097756585262474,0.006896917197973456,0.0,0.05873751681890761,underresolved
2075,0.03620378000110191,0.18691563131490746,8.70155815372267e-06,0.0,1.0,indeterminate
2076,2.8877516455182297,0.17317856032890536,0.1439788708873633,0.13627142168193027,0.16223156844156622,underresolved
2077,0.03925547517900113,0.7293193289135921,3.556306556878928e-05,0.0,1.0,indeterminate
2078,0.15992498874081515,2.1428393338175185,0.0035687205655372165,0.0,0.009748185763394276,underresolved
2079,0.5011989366273355,0.1104628526025989,0.009876948155294604,0.0,0.037657227641308195,underresolved
2080,0.44628044083555257,0.18381314953579508,0.012236732330315922,0.0013844672796388638,0.030949156459220174,underresolved
2081,1.5580917449146665,0.04620771155102721,0.02751285819489694,0.0,0.0841656417761284,underresolved
2082,20.446031582987995,4.255910889415663,0.9700054220322237,0.9698222177511282,0.97012652951896,resolved
2083,12.907229167204127,0.6566553934521369,0.5439879835630756,0.54349651290704,0.5455225935074387,underresolved
2084,0.25311187582152894,0.9163091850238643,0.009980737421757258,0.0002499575111087636,0.039125272875267854,underresolved
2085,0.6297888533097328,0.14470615402561646,0.021674441346540407,0.010680298717851179,0.04850958667223464,underresolved
2086,0.2628477948188945,4.882236550049305,0.01609415548860748,0.004501836253758716,0.03876166948244486,underresolved
2087,1.4270712008522097,19.820086663996126,0.5485522753226056,0.5482713205300296,0.5491575395771006,underresolved
2088,2.7938869973409743,10.518139029256687,0.8308429943135264,0.8305731857379893,0.8309696288238605,underresolved
2089,0.7044656452349023,1.6292944286939475,0.16279584918618767,0.16068076575723,0.16482553113966258,underresolved
2090,0.035639280937412046,0.5119612583669612,2.0589668747408066e-05,0.0,1.0,indeterminate
2091,0.14832750815049422,13.66116862299192,0.0031501240981315465,0.0,0.18834436347875477,underresolved
2092,0.13093958990389362,8.263761342395563,0.0021726100181486633,0.0,0.12734398301466734,underresolved
2093,7.648276806809645,0.06889607663034629,0.06700756422400798,0.0,0.14848089683888238,underresolved
2094,5.309169532789428,0.8085545702006808,0.5967086706034523,0.596095014857202,0.5975299181483484,underresolved
2095,0.1964337774053743,5.76142589091364,0.007055690326504805,0.0,0.050533502576367025,underresolved
2096,10.74015645533222,0.9390831692387586,0.67574879556392,0.6756525402455246,0.6767553540760525,underresolved
2097,0.5663542084070666,13.193302717330164,0.11933999648955908,0.11761830232859441,0.12396644368719525,underresolved
2098,0.04472274758881512,12.082036287304069,8.887943429148782e-05,0.0,1.0,indeterminate
2099,2.1060805024538674,1.3088627415768694,0.5857551607022109,0.5853669658412937,0.5862836204178921,underresolved
2100,0.08826846928025232,0.19506341632008442,0.00013014503625762111,0.0,1.0,indeterminate
2101,0.03532531238510169,9.928600616320386,4.3777796925934976e-05,0.0,1.0,indeterminate
2102,0.25576057604153246,0.4131815992046254,0.005809492034152373,0.0,0.012406841181394202,underresolved
2103,21.141370184199598,0.3739614623289339,0.3490982415638117,0.34762256750635057,0.3534638992540024,underresolved
2104,11.002651174279313,0.11579110085656406,0.11361194407790694,0.06852141719755303,0.1352747974834137,underresolved
2105,0.22288946338343602,3.377843128218577,0.009872793928351829,0.004091181496715117,0.06332247461046206,underresolved
2106,0.1295341285513763,0.17480593938396569,0.00036503361933521827,0.0,0.9076143429369731,indeterminate
2107,4.502709287602392,0.09072818307806149,0.08406168322402328,0.0,0.12780409305300547,underresolved
2108,6.540819669336485,0.3753732609986911,0.33945867946441427,0.3376833179472862,0.34350832014829363,underresolved
2109,0.10064143345904637,0.31728128854351106,0.0003036559411963498,0.0,0.9185781155823751,indeterminate
2110,14.401857843234202,0.10024570303788244,0.09902874175207112,0.03522439658338556,0.13059049143282658,underresolved
2111,0.6311378448073671,27.93120141164402,0.15194194224798344,0.14987291222117033,0.1548442719826671,underresolved
2112,3.8946769701140838,0.04302088488795539,0.03905594906138538,0.0,0.16989211454477052,underresolved
2113,5.093195077399292,1.6871679769566628,0.8127979485875306,0.8124560363763208,0.8129974187751102,underresolved
2114,0.08748558952500743,0.07053657810483625,4.657783129471452e-05,0.0,1.0,indeterminate
2115,0.6515896687455897,7.233918584597093,0.16117097519524495,0.15767159317208407,0.16231612018168393,underresolved
2116,0.18624578278269527,0.7156713201861297,0.0035723716355965792,0.0,0.12925376429638158,underresolved
2117,9.638937183402144,10.346509334136673,0.979505362220578,0.9793810337867395,0.9796627284342683,resolved
2118,2.8165654146556798,0.03774748644767503,0.031567443062580434,0.0,0.10369662692832812,underresolved
2119,17.128145600011532,0.6003165155826355,0.512074842690144,0.5108844708452428,0.5132717133428749,underresolved
2120,0.08977512053131458,8.694680402526682,0.0007102072668728926,0.0,0.584889450555223,underresolved
2121,0.6760624078068928,0.06308826309955812,0.011061908259976622,0.0,0.025606093947570442,underresolved
2122,6.651674583850917,0.1992444447419885,0.1889613057542479,0.18158157072902206,0.20160487301118213,underresolved
2123,12.39675911440198,1.2969020671783826,0.7842530460366985,0.7840270056306335,0.7847187699627035,underresolved
2124,0.13843495197366296,0.37439500805901926,0.0009040988900581309,0.0,0.7660752635960367,underresolved
2125,2.79695316407724,5.666129575438201,0.8221946042034308,0.8220623744787436,0.822472695947998,underresolved
2126,0.16232775532329208,0.21544495965525243,0.0008664010532724699,0.0,0.5696537513329517,underresolved
2127,8.42993989280346,8.193379142255417,0.972044418767208,0.9720172244891916,0.972305271344906,resolved
2128,14.349416287026084,0.12948393066592534,0.12748210320782583,0.10377423216958284,0.1515969331333351,underresolved
2129,3.848502181926403,0.3625636959811331,0.3090321360357842,0.30631282389849546,0.3125941721831022,underresolved
2130,12.313411850972408,15.57705699229194,0.9881536707499775,0.9879860185430317,0.9882608609071079,resolved
2131,0.08499559201841747,1.199921293302734,0.0004666320959129383,0.0,0.9938768877620284,indeterminate
2132,2.166679734546346,1.6682060068410163,0.6420032814783856,0.6416469660163575,0.6423833549960429,underresolved
2133,0.3025927282715485,4.665690080042935,0.023754710841826773,0.017057157284835183,0.042907661660887816,underresolved
2134,0.5470989318614224,3.6647044416452172,0.10666690773486455,0.10425634649438907,0.11116099014527674,underresolved
2135,0.2770525374266199,23.36013086326142,0.01901566889199224,0.00857014730128907,0.03888678316525745,underresolved
2136,1.0531498174830036,0.6561600910908844,0.20920690883359225,0.20716082627979007,0.21052095548211525,underresolved
2137,20.93340140069079,12.49953557442251,0.9934126151064073,0.9933350775794686,0.9936077038849095,resolved
2138,0.8263643735268025,18.66557461466718,0.25811509657911536,0.2560224768820595,0.25873802332406454,underresolved
2139,1.502487185010685,2.3012162542378167,0.5291163030537019,0.5284947065815193,0.5294308434761197,underresolved
2140,12.274579570034753,0.09507184630936674,0.09371056240421344,0.0,0.11830584780727033,underresolved
2141,27.197592016120403,0.20233351137042938,0.1979133689257074,0.1867409961086812,0.2065606473659866,underresolved
2142,0.7218020974349966,7.783885788885958,0.19884132518166583,0.19701211357562146,0.2006976809236946,underresolved
2143,6.350838952196775,1.2236318346063892,0.7463852568498132,0.7458179360751044,0.7465808437506345,underresolved
2144,0.8128736122760438,0.44536684478721833,0.10210173782419128,0.09654222566944108,0.10328749266968694,underresolved
2145,0.08728809245207633,0.633473264453783,0.0003518721382529126,0.0,1.0,indeterminate
2146,0.34278024309907756,1.3226127218047312,0.02719557995658766,0.02042734630262181,0.040075111562517515,underresolved
2147,4.286263165580468,28.612882886287597,0.9230133581057147,0.9228683775356372,0.923184431828653,resolved
2148,16.134846733015948,4.698798552860368,0.972486403123224,0.9724189494570928,0.9727179018408298,resolved
2149,0.07277760709973274,1.8891623928859722,0.00033799776752086786,0.0,1.0,indeterminate
2150,0.06113323360267346,5.429455650285023,0.00022343851752973373,0.0,1.0,indeterminate
2151,0.11088453752845254,13.380530338151017,0.0013348811759381265,0.0,0.4159149354670178,underresolved
2152,1.105988346712358,4.5064415331212855,0.3984218042812405,0.39828426791279536,0.39975828743728453,underresolved
2153,0.0879794726258336,0.13678623055319358,9.12300815204562e-05,0.0,1.0,indeterminate
2154,0.8463437079799243,0.04845546935734322,0.013049231765587834,0.0,0.05890599073114771,underresolved
2155,30.25761803627228,0.519560360601933,0.4602912698630051,0.4578084432176309,0.46093879172344604,underresolved
2156,3.377516599862331,0.7232642494306424,0.516643573631528,0.516080140848448,0.5178627107212797,underresolved
2157,1.2653586399057524,0.17140166961488792,0.08158769975562023,0.055545597510275,0.08766033457685678,underresolved
2158,0.6881879446126766,4.305838853438797,0.17747750968685222,0.17681023348782368,0.18093596802391615,underresolved
2159,0.33275584615346593,0.13576985836085734,0.004234512766393571,0.0,0.053697577972488794,underresolved
2160,0.18152657079486179,3.0302030908961983,0.005410692669675425,0.0,0.04414047553485903,underresolved
2161,16.553487484416,0.1478404702311718,0.1454538674839587,0.13870716989387388,0.17292601921881154,underresolved
2162,4.26521923728753,0.7964301827173668,0.5749395416869857,0.5743092508861752,0.5757981190128207,underresolved
2163,0.04637982742773383,28.26484404044394,9.93838791306914e-05,0.0,1.0,indeterminate
2164,4.850737330900962,3.0172073459329543,0.8917734670274259,0.8915296897320844,0.8919057290236472,underresolved
2165,0.6853794711719229,3.70363396159457,0.17444161636265426,0.17388959097676962,0.17806548887635398,underresolved
2166,6.318963112373615,3.94231770661778,0.9339968264319637,0.9337779451595863,0.934107811974671,resolved
2167,0.040247236679250564,3.6880433179822023,6.276950020106946e-05,0.0,1.0,indeterminate
2168,0.0712113061152748,1.1417705646705085,0.0002696020830717338,0.0,1.0,indeterminate
2169,0.3639506474567121,1.2968595805502061,0.0316788404210405,0.02273730710623652,0.03980796610065984,underresolved
2170,0.10371681922366324,1.5276520088100713,0.0009186226486633861,0.0,0.9371429623920708,indeterminate
2171,0.2376045425728477,7.743223584401178,0.012251671176851107,0.0,0.02770132625960708,underresolved
2172,3.0089335417699665,0.09535124898012354,0.08111686652352992,0.06133751790847924,0.13431207259117156,underresolved
2173,1.387149043108936,15.773407968753787,0.5327109806223308,0.5322280464236173,0.5331611170182408,underresolved
2174,16.416152674529556,0.04341628360117723,0.04313510656319644,0.0,0.16820533124992143,underresolved
2175,1.1908732053834652,4.942309131078456,0.4402011850242737,0.43989162481439303,0.44115962373059975,underresolved
2176,8.518011798058426,9.652130708618847,0.9744611087623357,0.9742444463142942,0.9745296692012456,resolved
2177,14.847146576216234,0.07133708943066534,0.0706748010806955,0.0,0.1482000032185772,underresolved
2178,0.10473183890517931,0.22451399896337043,0.0002475678828501624,0.0,1.0,indeterminate
2179,0.5521164233934485,2.872697966099281,0.10664064041308265,0.10127033318733708,0.10806134280314382,underresolved
2180,0.668332165838076,0.17706712903715408,0.029912875046994473,0.0,0.03966161356820009,underresolved
2181,25.257083091398915,0.052513001684009374,0.05231767823826158,0.02064598764228665,0.1746728223871991,underresolved
2182,21.65473345884093,0.16897876593869376,0.1660851815215215,0.15529974415513487,0.1829526361873223,underresolved
2183,0.08313642231257577,2.92206071633254,0.0005380684426681153,0.0,1.0,indeterminate
2184,0.7005040463349473,2.054887408403723,0.1698205326944268,0.16671543407307596,0.17080951984682693,underresolved
2185,1.9337066532533662,0.16781328624013356,0.11598637907793605,0.1046556574167001,0.13285033864070345,underresolved
2186,0.22608768218334857,20.308847622094532,0.010710977630028058,0.000985379562726477,0.052196813409043176,underresolved
2187,0.0992496509874439,0.3051060007374113,0.0002811410067808731,0.0,1.0,indeterminate
2188,0.06873940827956351,0.09453751099692918,3.035418328536298e-05,0.0,1.0,indeterminate
2189,0.9752582414721586,1.2947435452772105,0.26936517850963015,0.2683065115001703,0.27061146886061294,underresolved
2190,0.27887720941008665,0.7830086117682629,0.011950442440183081,0.0028289199794297192,0.03555803763052172,underresolved
2191,0.04985463489714239,9.478818200137168,0.00012277105910214194,0.0,1.0,indeterminate
2192,0.884655184796358,0.09187063251491617,0.026612608790588944,0.0,0.0510638080335719,underresolved
2193,0.12378665185452387,0.05308101474696937,9.82750492783203e-05,0.0,1.0,indeterminate
2194,0.05223976420468469,11.941419762968284,0.00014148512467169824,0.0,1.0,indeterminate
2195,10.41629148240556,0.12620991700095996,0.12350518632654653,0.11530155012106214,0.16032697656794317,underresolved
2196,0.40995651231775904,0.07970741818326917,0.004336473834834748,0.0,0.039677019604474735,underresolved
2197,0.07760222808147396,0.4544156962478115,0.00019160290744144095,0.0,1.0,indeterminate
2198,0.07557963962381811,0.26359306647696884,0.0001091066454872183,0.0,1.0,indeterminate
2199,21.76238277628503,0.03554434054781384,0.03540969891630915,0.0,0.18039215828429822,underresolved
2200,10.854468716433152,0.19263276076322094,0.18677230058623315,0.18029026516557414,0.20149020621021993,underresolved
2201,3.448028088056176,0.06712168781432977,0.059330152943447484,0.0,0.10774993926917993,underresolved
2202,8.442421624296337,0.20940243658181934,0.20071805269824394,0.19804079274534053,0.21584793349561807,underresolved
2203,0.0923956856869428,0.2945931597425171,0.00022007370945543132,0.0,1.0,indeterminate
2204,8.250213830351388,0.5428420385957006,0.46675778218408864,0.46642553526254854,0.4693038811075599,underresolved
2205,0.08390532825844108,29.63007321411696,0.0005841861778037622,0.0,0.6399013481073343,underresolved
2206,0.07085553507528643,0.09050301603347514,3.1823698352765126e-05,0.0,1.0,indeterminate
2207,5.4620404954531825,6.1345414963595974,0.9393501063508105,0.9391173324500016,0.9394301684182906,resolved
2208,1.1560885134869454,9.057722408323814,0.43001388274060537,0.42893443544268134,0.4302612839112132,underresolved
2209,0.04424559245575015,3.136114812063698,8.228281595980036e-05,0.0,1.0,indeterminate
2210,10.477575980523607,0.03806529778307796,0.03752386778990038,0.0,0.11981231565454492,underresolved
2211,0.08988434390325652,18.466467631556558,0.0007164309450111092,0.0,0.7047915969077504,underresolved
2212,12.748210007469712,3.009581628067555,0.9402929306124487,0.9400229779196261,0.9403671318484079,resolved
2213,3.4623897528923253,3.899700612334733,0.8589706437893109,0.8587005119281405,0.8590867716964843,underresolved
2214,1.899252101812856,6.77356185240363,0.6853558567926571,0.6850890595345711,0.685675132743359,underresolved
2215,0.19747461739475616,16.807147304832846,0.007258477414329577,0.0,0.01649524756904951,underresolved
2216,0.24537123913191178,2.674649697479284,0.01267573429758588,0.0027092679950427583,0.04496401608695635,underresolved
2217,7.902575795125201,1.0669568749114737,0.7124494258817814,0.7119317589500278,0.7128462125172819,underresolved
2218,2.009756249258961,26.20855347344267,0.7171040692690661,0.7169244211698712,0.717458686173455,underresolved
2219,0.8534499465094667,14.454842830154172,0.27292274529105115,0.2724367207802582,0.2749628024549652,underresolved
2220,0.8915903520541115,17.742078155085057,0.2942624501375691,0.2928209079033159,0.2951142630625798,underresolved
2221,0.3195258809891976,4.428434027352201,0.027503557409300772,0.009066781338060182,0.02882237356071292,underresolved
2222,0.2732916510283663,10.635269608318184,0.018240801897618498,3.4547032798526724e-06,0.02350037405927325,underresolved
2223,16.920664302664793,1.8040688302106638,0.8700598029397069,0.8697465639845335,0.8702255084990045,underresolved
2224,0.03634217539506637,5.019243473582579,4.698077660094875e-05,0.0,1.0,indeterminate
2225,0.31075472238195856,26.103436246318385,0.02611446386613541,0.019941087919058038,0.04415147248877463,underresolved
2226,0.42427301324000405,0.08936621942568797,0.005303408628161639,0.0,0.03224077165082691,underresolved
2227,0.1165305628503261,0.20723449712039735,0.00031467627387132726,0.0,1.0,indeterminate
2228,0.5379509621844213,0.0696096296382891,0.007383642672104904,0.0,0.01531344381315307,underresolved
2229,15.595584714177237,0.06940692259653537,0.06881551162918284,0.0,0.10024088280935091,underresolved
2230,3.721420533377041,0.24294577998349023,0.2126368129696998,0.2092548420958116,0.22278583933124813,underresolved
2231,0.057886151537895864,3.4433818400011305,0.00018533704753827856,0.0,1.0,indeterminate
2232,2.064474336469415,2.110479966988643,0.6587401621608935,0.6582226686542476,0.6588903851366034,underresolved
2233,5.2082493926036655,4.061232423818196,0.9196756735065553,0.919653324433837,0.9199912987628878,resolved
2234,0.2195655645331623,0.03653551035591643,0.0003601192613816398,0.0,1.0,indeterminate
2235,0.059512500554373404,3.249525824031793,0.00020038879923993286,0.0,1.0,indeterminate
2236,0.07492044677226554,2.0894402305314674,0.0003761568897898481,0.0,1.0,indeterminate
2237,27.996233591245918,18.67968881093679,0.9966621232566695,0.996523877397704,0.9967934400007469,resolved
2238,4.401917731967133,7.699313254239982,0.9195739987676751,0.9193254783033816,0.9196488650689826,resolved
2239,0.05674178332403942,13.406853000359794,0.00018130516041715828,0.0,1.0,indeterminate
2240,0.8805022810748133,0.046333448703337325,0.013357296218998779,0.0,0.08209082135681899,underresolved
2241,7.190548651519223,0.03775273683074462,0.03665726114844251,0.0,0.1306236384015798,underresolved
2242,2.4790738449660266,6.098827740713247,0.7871012217264464,0.7868386945808841,0.7872854942911436,underresolved
2243,12.34072400873211,30.264694811699325,0.9896907176414184,0.989593311318452,0.9898661756987142,resolved
2244,4.6636494118254435,0.03394794529140173,0.03171609290825012,0.0,0.174418613706356,underresolved
2245,4.400550029518532,24.346804412905502,0.9264742375504229,0.9262725824893142,0.9265862728639767,resolved
2246,4.691050879549111,0.33665883440418676,0.29848754019162155,0.29273329050374886,0.3000339139061934,underresolved
2247,3.5354812484670344,17.87890814977199,0.8895793089646753,0.8894790020583656,0.8898212170550005,underresolved
2248,0.03545586094527552,0.3400286945174533,1.4321984476231468e-05,0.0,1.0,indeterminate
2249,0.19632919241371397,0.035043994532939764,0.00025041691411788934,0.0,1.0,indeterminate
2250,12.011443618155866,25.870536585146375,0.988953989515379,0.9889158930426847,0.9891892935148037,resolved
2251,31.087683608437366,0.10836511525268233,0.10756740248666259,0.0729642008495687,0.14141358475927635,underresolved
2252,0.1024152723081439,3.5066059449133,0.0010169946352039246,0.0,1.0,indeterminate
2253,0.7785117580546375,0.41919528816429075,0.08962065524435203,0.08667784993075091,0.09416945677654817,underresolved
2254,4.004918321250331,14.743967660382145,0.911179715106242,0.9109769556247409,0.9113027475904377,resolved
2255,28.520275253006083,0.888298697511381,0.6628944971753864,0.662048410363697,0.6632501580358917,underresolved
2256,0.5454684964675398,0.2657522968203833,0.028202553810758438,0.021463790194769225,0.039502643008884085,underresolved
2257,0.21092991378242368,0.8639406065370839,0.005747381883552236,0.0,0.01122915312341874,underresolved
2258,25.942671130601294,0.2947316437965235,0.28207941865512853,0.2778760640871884,0.28720716244842615,underresolved
2259,0.1396571068574698,0.7066513230287689,0.0015270682059490873,0.0,0.3239115349470512,underresolved
2260,1.1545220960162668,9.912372306191317,0.4296924859410276,0.4287953497176607,0.43012399321558703,underresolved
2261,0.08211661095291252,0.2156340988853452,0.00011554821961318507,0.0,1.0,indeterminate
2262,1.3196397175664605,0.471175801874251,0.21579534785750754,0.21395589155686975,0.21846501764493736,underresolved
2263,0.05079979879379551,0.29303827901472784,3.672333968165253e-05,0.0,1.0,indeterminate
2264,6.74040976494263,0.08799326172196258,0.0848382312926301,0.020109764391771777,0.13389690022596296,underresolved
2265,3.3401317067710505,2.002492677894287,0.7865604404399433,0.7862035258381277,0.786721763454396,underresolved
2266,0.7409452314106449,0.1202669979049832,0.025194711076592578,0.0,0.03845642185633,underresolved
2267,0.7112450410585617,1.8924808888256652,0.17214926164506655,0.16939433283603267,0.17338826453831405,underresolved
2268,1.9248075777843439,0.25257911746251044,0.17112236414576504,0.16559480934403467,0.1785066229596799,underresolved
2269,1.038679449114437,0.7775347173222493,0.22948277699673283,0.228804030768351,0.23168259771769784,underresolved
2270,0.16558889991585135,0.18073656881596245,0.0007754217804727314,0.0,0.28459900647560504,underresolved
2271,7.959944711797562,0.10649210188228124,0.10343499541022011,0.09857006789519604,0.15579914575778464,underresolved
2272,3.1725016663746946,0.4927866863995364,0.38348091616018404,0.3819386811582436,0.38547875617167165,underresolved
2273,3.800959663963463,0.03793883291225903,0.03429041871286395,0.0,0.186345307660879,underresolved
2274,4.885424873075292,0.281859104305734,0.25509031413141936,0.24710948003755706,0.2574834980953433,underresolved
2275,5.381074955614705,1.6600298298181178,0.814052839680381,0.8138043887615006,0.814350383760052,underresolved
2276,15.24945838502794,1.3442725173123975,0.7971966533595239,0.796938363522147,0.7975975004952005,underresolved
2277,0.30110621699249135,13.217777019580707,0.023899167338488386,0.0194307773813204,0.04588070222065635,underresolved
2278,12.736356800088599,0.10907310300291592,0.10743503602548156,0.07215277061874495,0.1402732302373721,underresolved
2279,0.043332144983006075,8.864902792711876,8.062371104631885e-05,0.0,1.0,indeterminate
2280,0.9059220567542848,0.3306070952825859,0.09499576414352744,0.08944573987837884,0.09881730353572135,underresolved
2281,0.03562373064376755,3.6920069548977112,4.3553069528550114e-05,0.0,1.0,indeterminate
2282,4.573672043047315,0.11440073033925542,0.10597046576137488,0.08613294462645357,0.1427714035454136,underresolved
2283,0.3346313351968785,0.03306845048376926,0.0010561654818151028,0.0,0.4432284512944774,underresolved
2284,0.09283962169430854,9.695905051383912,0.000785799275305986,0.0,1.0,indeterminate
2285,0.06981927930309022,0.0863470457865642,2.9066495734334556e-05,0.0,1.0,indeterminate
2286,0.3640154964037707,23.350299170894452,0.03998528671816012,0.033880144331548755,0.0506770836823348,underresolved
2287,10.190674735280307,1.8133673791032816,0.8631777671716392,0.8628997833795228,0.8633817215551407,underresolved
2288,22.60310591331778,5.88204627649875,0.98296700692996,0.9828444358969286,0.9831312233629331,resolved
2289,4.848499281137636,0.9848326962818467,0.6591777276604766,0.658884672879905,0.6599388175534301,underresolved
2290,1.2708296556307126,0.09751280778941442,0.04710414278007649,0.0,0.06145230500668899,underresolved
2291,0.12617197395611585,0.2934097530673232,0.0005522574906356567,0.0,0.5990744618977241,underresolved
2292,0.17836440271068632,12.91914737403997,0.005397906648766536,0.0,0.08681714758306514,underresolved
2293,0.035825579199378406,0.2958755056450323,1.3020570740717795e-05,0.0,1.0,indeterminate
2294,18.36766034888195,0.12826658410820904,0.12666071758658043,0.09901884426801848,0.148863926733542,underresolved
2295,1.3749120172201486,0.8600465548415561,0.34488863659675484,0.3439092281639269,0.3458541593241958,underresolved
2296,1.5197059138616915,11.970782367184244,0.5809300131056657,0.5804621054589552,0.5812613745631775,underresolved
2297,11.24285355107718,0.18878615632525683,0.1833294483657154,0.16596708345151215,0.18932472588960944,underresolved
2298,0.3762812139926106,0.04151332992769295,0.001811704836617981,0.0,0.22595819708864737,underresolved
2299,0.10838218039696429,1.1316461477265696,0.0009374537646786473,0.0,0.9335863953976095,indeterminate
2300,2.9503165957892294,16.742049536036927,0.8479722739498156,0.8477980445431689,0.8481766706590531,underresolved
2301,1.881369647627435,7.040315708244624,0.6816565034777727,0.6812707502379967,0.6818629874161924,underresolved
2302,1.1072630019898484,1.0620703809136043,0.2975936083465149,0.2963393725693158,0.2984197776954459,underresolved
2303,1.5839210584469927,1.1027974369115878,0.4478747264113052,0.4473932845846588,0.4487278816174411,underresolved
2304,6.33741324673134,7.533802243128853,0.9554018841260488,0.9552483180999136,0.9555476367498513,resolved
2305,5.499234048752977,0.39296132589459015,0.3483175689569706,0.3447421138300209,0.35011579032980533,underresolved
2306,0.09156895383541928,0.11487352432464416,8.653235073171982e-05,0.0,1.0,indeterminate
2307,0.18541884950039605,1.8223173519887987,0.005312283831364452,0.0,0.038394078361897815,underresolved
2308,4.708411813864425,3.4795491000624055,0.8995501504324217,0.8993853745353767,0.8997454981247193,underresolved
2309,1.466908845331932,1.5306678348611633,0.4722623816680137,0.471815257515524,0.4729545467157603,underresolved
2310,1.7749179017925578,0.7573151377403242,0.3992546219504521,0.3987016682025749,0.4006318981294736,underresolved
2311,0.5459978670627257,13.023955779866956,0.10973049524224601,0.10361337302065154,0.11049157641742798,underresolved
2312,2.888637887644044,18.868401771989927,0.8426651433411565,0.8424852338452078,0.8428686934606673,underresolved
2313,1.5988583589591994,10.39650759302645,0.6066299215734077,0.6061467460308979,0.6068851338950182,underresolved
2314,0.0908802364876077,0.03834250864573357,2.8406096889781116e-05,0.0,1.0,indeterminate
2315,3.2752063553094817,0.07983999339961738,0.06962698811343163,0.0,0.11482884170861193,underresolved
2316,2.7526338258108907,0.06442264998176699,0.05338041849322073,0.0,0.1151358116350784,underresolved
2317,0.4244148615669253,1.8574853487460987,0.05250627327858791,0.042334512192592155,0.054342400432133064,underresolved
2318,0.12338570630703491,28.030430631390388,0.0018351667117790969,0.0,0.1940212759439907,underresolved
2319,5.513904533889225,9.095773796807334,0.9469108915968628,0.9468254742787406,0.9471284153816362,resolved
2320,0.09389896248155281,3.3675055170644597,0.0007832724932027463,0.0,0.6163841195473759,underresolved
2321,0.718566609468927,0.2909050040000147,0.05550323841186715,0.05446363584028994,0.06716392602538833,underresolved
2322,0.04572840567610513,9.03091721992973,9.474385801021465e-05,0.0,1.0,indeterminate
2323,12.241026832270649,0.2411380615663328,0.23209168786559828,0.22131680971831746,0.23546217036640915,underresolved
2324,5.0397655899894955,4.791451089689515,0.9238164482232522,0.9236964821417364,0.924025635608841,resolved
2325,2.0487077463822487,16.70213526075437,0.7244500262493622,0.7241590778906727,0.7246828410785947,underresolved
2326,0.6369529675046757,2.204532322288135,0.14120431296722,0.13970860588205333,0.14472005173878935,underresolved
2327,21.834570328421496,0.061423617324609596,0.06111568291296365,0.0,0.11304059371809563,underresolved
2328,4.788513108430775,0.05176424971149326,0.048488719228319245,0.0,0.05951092418278697,underresolved
2329,0.4268189490213141,7.564584728336234,0.05997175527473604,0.052153831344642285,0.06394217573921135,underresolved
2330,19.42844071866182,12.573044434452669,0.9929037030508792,0.9927735918003012,0.9930464938109661,resolved
2331,31.46894401161931,0.050347300764297394,0.05020754176733766,0.0,0.12631077618675465,underresolved
2332,0.9825589050932051,0.33417972525388523,0.10911464234203132,0.10341518909596134,0.11235626568792201,underresolved
2333,0.08216236857442624,0.3990489527530752,0.00020350517357141571,0.0,1.0,indeterminate
2334,1.5985029631188148,0.08609137610100684,0.05226347493808001,0.0,0.06929338483678772,underresolved
2335,9.311204888282251,0.03774030985467422,0.03707025067130972,0.0,0.15186964248045814,underresolved
2336,3.4658988597846014,0.6863622510438963,0.5019287867044482,0.5012054503933995,0.5031498618062665,underresolved
2337,4.334858184555757,8.22055894512723,0.9184033582125098,0.9182749739912057,0.9185984867233828,resolved
2338,5.880721762615786,15.432171995404389,0.9561371764066254,0.9559351838920133,0.9562295443861459,resolved
2339,26.2959750159359,0.5100295327117584,0.453363140270683,0.45106681817672906,0.45430683153450335,underresolved
2340,0.18305227852752526,0.361235411700951,0.0019834046428209625,0.0,0.20622524188180133,underresolved
2341,0.14378301479090347,4.609226831895382,0.0028171152340209955,0.0,0.09382856985233567,underresolved
2342,2.520150724698469,2.4656788314878457,0.7441813211536265,0.7438053680899783,0.7443380012061341,underresolved
2343,0.07325882338364754,1.2889557376755614,0.00030815934171936295,0.0,1.0,indeterminate
2344,0.03370106077655393,2.964788026648221,3.620714333779555e-05,0.0,1.0,indeterminate
2345,0.14225848508389055,0.36516938962553147,0.0009582861764282371,0.0,0.8405556854041837,underresolved
2346,0.38068369091756254,0.8066959677323958,0.028274712014233774,0.021505115597170187,0.03794328817647331,underresolved
2347,0.3613371743018747,7.837332889910918,0.03893033339147095,0.02688008418469739,0.04351119929421326,underresolved
2348,0.04084395815970105,14.41504304605563,6.780396814817537e-05,0.0,1.0,indeterminate
2349,3.501197268742814,8.60673315780392,0.8830842294685254,0.8828859613162493,0.8832363882488397,underresolved
2350,0.8777736560275545,0.07674994598610911,0.0219690551055951,0.0,0.04368576966093638,underresolved
2351,1.5881601248779025,0.2504271445855452,0.14720595174281068,0.13834496510638386,0.15188527383433295,underresolved
2352,20.508919010036294,0.19459239405497278,0.19033043230936697,0.17540043129179442,0.19714486035758785,underresolved
2353,0.7759434380323488,6.172611465855814,0.22742323253503152,0.22658480979999007,0.22972379988041125,underresolved
2354,0.08614160728896703,0.07460073026060449,4.7028460556738875e-05,0.0,1.0,indeterminate
2355,7.197685421327341,0.15959601248147923,0.1531460198011909,0.14297661394943317,0.1735120254253984,underresolved
2356,0.25201418065030157,18.4141610097334,0.014572108993616472,0.0005482661101483033,0.03412958200113356,underresolved
2357,9.86108145908157,1.6262841160990376,0.8388697335505392,0.8384337166228476,0.8389695425267977,underresolved
2358,0.8128585033289135,2.5045209397397645,0.23306221501822755,0.2304058679072986,0.2333279492744037,underresolved
2359,0.2713759276611955,0.06057752903267685,0.001086273362313959,0.0,0.18684339394370983,underresolved
2360,2.9652714243095586,1.3727988535849547,0.6876961446478862,0.687220410926367,0.6879677721155225,underresolved
2361,0.07263146459528076,1.186908776848259,0.00029071545821407653,0.0,0.9031640361310794,indeterminate
2362,1.347726091491788,4.722580152821666,0.5066954258167153,0.5059222142204051,0.5069317757026693,underresolved
2363,0.05503581004397798,0.05575758257080171,9.238379230604649e-06,0.0,1.0,indeterminate
2364,3.580842068201545,12.105985882032066,0.8904350766843985,0.8903546398168957,0.8906971595658304,underresolved
2365,0.06470823550350108,3.4622969293895762,0.00025867723427149816,0.0,1.0,indeterminate
2366,4.905260216117357,0.12282661689914617,0.11468708889907214,0.07970987033479163,0.13632251411886867,underresolved
2367,14.849989799415622,0.4255818828247006,0.3889454738410925,0.3875806301279209,0.39214026555595566,underresolved
2368,7.777714943295238,0.2988932499870363,0.2794178079459742,0.2742670395556691,0.2834061826507017,underresolved
2369,20.048378249859343,0.15693576305404813,0.15446137472108548,0.14110869179910818,0.1731405121116657,underresolved
2370,0.4029667939416581,0.12293980454528462,0.006371173044313473,0.0,0.06569961939763208,underresolved
2371,0.19841319855583178,0.07078630835705042,0.0005205011698081531,0.0,0.6807044788777449,underresolved
2372,13.75845810201687,3.155296513932968,0.9457663903960191,0.9456103579232725,0.9459470464999958,resolved
2373,13.331908515843274,0.5331915005693965,0.4665479218177897,0.46455238439614427,0.46753395805798165,underresolved
2374,19.020904746256946,0.6065452023729668,0.5164619857774859,0.514850354141303,0.5171950845666389,underresolved
2375,0.03322262184357681,22.329720828477402,3.657194160857983e-05,0.0,1.0,indeterminate
2376,11.895480605450972,1.6769284472932724,0.8498562215866643,0.8495080608556397,0.8500248370710815,underresolved
2377,2.7984738024279,0.16089140884399528,0.13264735480952386,0.12058872371254639,0.1509646561826052,underresolved
2378,0.03327192061619047,0.06912091787630967,2.5356386056134853e-06,0.0,1.0,indeterminate
2379,5.129694617295176,3.3850840406370675,0.9068461008864279,0.9066311672027255,0.9069879345237749,resolved
2380,0.3334092408677401,0.1103964051189362,0.0034720939278914944,0.0,0.07210109035583821,underresolved
2381,18.17127421121781,5.272808601734127,0.9780406769799602,0.9777913490397321,0.9780836453976101,resolved
2382,0.5727969303508152,0.11982938002350157,0.014609156308177334,0.0,0.03695716402802252,underresolved
2383,7.311724164275443,0.5265395430200286,0.45312846458005734,0.45214163882213015,0.45519702300325615,underresolved
2384,0.29931963813254053,0.26729739681338427,0.006088619430190046,0.0,0.04252807701984976,underresolved
2385,0.22097594496943634,0.7603509291388065,0.006080220447105858,0.0,0.04063702585184932,underresolved
2386,0.03273707304352968,0.12464799174474303,4.332705194205231e-06,0.0,1.0,indeterminate
2387,14.000166635258484,0.5990564413553939,0.5099925758360501,0.5094722202572356,0.5118652183648129,underresolved
2388,0.4932519769427234,3.2365538116236143,0.08270753588438821,0.07511826491369414,0.0837625579464335,underresolved
2389,3.7395601300562658,0.06026051289712075,0.05423156768951684,0.0,0.14467630196079528,underresolved
2390,0.06011025790256277,0.22805040264942636,4.803056885601824e-05,0.0,1.0,indeterminate
2391,0.4458149755464402,1.0469349215147974,0.048818788956672916,0.04561022569372761,0.05716617857791908,underresolved
2392,6.229028974608948,2.7250846942529745,0.9036294243146542,0.9034664349868504,0.9038440231137885,resolved
2393,2.7805987864806507,3.34407378978401,0.7983003820182452,0.7980702137597736,0.7985204734788924,underresolved
2394,26.304092906823136,0.0358246895551067,0.03572424727894944,0.0,0.13078348103269322,underresolved
2395,5.719074541480194,3.981037386769106,0.9270325547786958,0.9268696656414165,0.927203615633603,resolved
2396,8.161823604010914,18.570087694164013,0.9764831291411246,0.9763524893865787,0.9766337525075283,resolved
2397,6.072679901179915,10.092148675540923,0.9559795868034465,0.955903881209925,0.9562001634470053,resolved
2398,0.1066992154675218,27.73548410606361,0.00119351256742827,0.0,0.3697135039473681,underresolved
2399,9.563043694656317,3.2981215247457434,0.9414939518069046,0.9412507521386074,0.9415866094184656,resolved
2400,0.591916347946344,15.52423370807831,0.13188794695810593,0.13023705469928284,0.13598523499354528,underresolved
2401,0.11492343096403373,0.6042145948959163,0.0007696462079529714,0.0,0.49826972351346105,underresolved
2402,1.3036037551906454,3.222938920928752,0.4770689231415785,0.47666320052622013,0.47776874869899455,underresolved
2403,16.069609957335725,4.948610581669649,0.9745210285806376,0.974390996153249,0.9746871133422066,resolved
2404,12.821887098927359,0.7558903391556173,0.5975428010854399,0.5967975817210106,0.59837924962899,underresolved
2405,0.04700158482547149,0.5803627234143054,5.194728562449563e-05,0.0,1.0,indeterminate
2406,0.17785136153120293,11.022025828388765,0.00534693390689185,0.0,0.07964056092436161,underresolved
2407,0.8020139038955707,9.829863093841926,0.24364857925986977,0.2422560893953433,0.24516250436989548,underresolved
2408,12.833700313285405,9.758638460922654,0.9857990649884073,0.9857183358428886,0.9859967475275359,resolved
2409,0.03724773586251658,0.3733252736677303,1.8036452546329767e-05,0.0,1.0,indeterminate
2410,0.04852112633360649,24.534982587463826,0.00011373661623203852,0.0,1.0,indeterminate
2411,2.256982930334434,0.17255194237159413,0.12995201027627698,0.11222638977322243,0.1401885061111542,underresolved
2412,1.5336655186141241,14.286825062518446,0.586339885187664,0.5858840103556534,0.5866703159218809,underresolved
2413,7.140018371870171,0.1373309271429469,0.13214673646108693,0.12508880868166058,0.16390036419441095,underresolved
2414,5.7199664936150665,2.046411463231431,0.8587935522264017,0.8586426052772035,0.8590965142663259,underresolved
2415,1.120354178496645,0.5211980769834685,0.19191536534716286,0.18859586808851292,0.1928413637418257,underresolved
2416,0.13532468277041593,9.441694168892091,0.0023982086066335916,0.0,0.22275352852493502,underresolved
2417,0.19462573552190576,0.553564673919274,0.0033767993691006617,0.0,0.017400395112594006,underresolved
2418,0.4590105951281676,23.00122002491577,0.07252842585696352,0.06708656401556903,0.07716539660299956,underresolved
2419,4.858922942168108,24.607314158973352,0.9388955268061709,0.9387040197072871,0.9390090225500125,resolved
2420,0.2625490704054191,0.6845434467888178,0.009250295862876021,0.0,0.026931848493900193,underresolved
2421,4.802383878993143,0.034304523784016876,0.03216954511959512,0.0,0.08175651606358955,underresolved
2422,0.1488299363554093,1.1423684931088922,0.0024003187820382365,0.0,0.21414370399659746,underresolved
2423,0.036390693807135985,0.20389859179418054,9.608993808608678e-06,0.0,1.0,indeterminate
2424,23.78690795795248,1.9293786570615912,0.8854847406145016,0.8850933749172715,0.8855435326737786,underresolved
2425,0.04641855085259265,7.785775396905502,9.888254021587536e-05,0.0,1.0,indeterminate
2426,0.2055377862518064,1.769728342558891,0.00710476130345808,0.0,0.07203209293704942,underresolved
2427,0.06996580113592724,26.146395008423998,0.00033974952882020456,0.0,1.0,indeterminate
2428,2.9564978175553636,6.502258842823485,0.8401546409160274,0.8400854266098745,0.8404763693927779,underresolved
2429,0.14851654094403482,0.12972009363414413,0.0004078451964254992,0.0,0.8241346236799338,underresolved
2430,0.9198987630173252,0.416466842147288,0.1193015997580514,0.11596840978793967,0.12264063959457969,underresolved
2431,23.70608222079232,0.8060443019440743,0.6258889515132989,0.6247182882922371,0.6261327246223769,underresolved
2432,12.5197210358582,2.525058492385719,0.9209168757651267,0.9206806020849452,0.9210565049535505,resolved
2433,1.045192526467397,0.04421564463178635,0.016663458018859368,0.0,0.08209815272833909,underresolved
2434,11.669536497074594,3.243419883708613,0.9451809347626517,0.945006751342564,0.9453415895401718,resolved
2435,0.32278019051318335,0.07195064418263408,0.002080032322616236,0.0,0.02724119157098807,underresolved
2436,0.18748977743583708,2.7806910417243187,0.005888655796405575,0.0,0.0932765411704247,underresolved
2437,11.11922705143395,7.305023834806992,0.9788601649258901,0.9787176534324102,0.9790030544297824,resolved
2438,0.14206289505129302,1.2572237898557024,0.0021775936719222724,0.0,0.030599568238350822,underresolved
2439,4.538990777005576,10.26680489773144,0.9269864887709858,0.9267788996190541,0.9270946495433116,resolved
2440,4.27843715508586,0.40852528103634966,0.3491832266627532,0.3459735644024211,0.35097874902800646,underresolved
2441,5.697003316537131,5.074261164039097,0.9374702827076469,0.9373222554628335,0.9376405306640371,resolved
2442,4.334463841589397,0.17289616637266467,0.15761825894598205,0.14891466079022486,0.17510594359387943,underresolved
2443,0.3706793038318091,2.980830784574407,0.03980747473468003,0.03913337259876309,0.055805574829015075,underresolved
2444,8.454530911897676,0.06324884353718979,0.06182086357226766,0.0,0.12399096046259526,underresolved
2445,9.720599079294962,6.642971354948282,0.9733659105651103,0.9733000737012965,0.9735901235701263,resolved
2446,26.967566152420048,0.5800079695342975,0.5006901870629058,0.498989177144175,0.5015341059710482,underresolved
2447,20.39322017854728,0.06958242771995299,0.06916497509078764,0.0,0.1081189290300427,underresolved
2448,0.16562514408805598,0.13399038885627446,0.0005793740863600577,0.0,0.6833262467216872,underresolved
2449,0.7280081060814815,0.15278899676195465,0.030793172879422695,0.0,0.042407157963686964,underresolved
2450,0.7886754152603356,16.69404857932983,0.23704853880943236,0.23448694172739865,0.23750355507493848,underresolved
2451,0.09467328743201364,13.42460953298056,0.0008349643310295155,0.0,0.6188062577846443,underresolved
2452,0.33073372914278326,0.06787091920047393,0.0020965146140435524,0.0,0.07597807418811718,underresolved
2453,0.4167813004762861,28.551807680677705,0.05690089785728494,0.05404717396220693,0.0665724122161768,underresolved
2454,0.6566451920022127,3.5406559151386006,0.15914178536531243,0.1580512907107068,0.16265274232926266,underresolved
2455,0.6852569691627975,0.03508701739365417,0.006333606828759786,0.0,0.0908933850086181,underresolved
2456,0.7476115998701592,6.4891554161444445,0.212175170299417,0.21048975681792056,0.21390065021249435,underresolved
2457,2.237265292724689,11.351466918683071,0.7579937600184511,0.7577390904463588,0.7582175576879857,underresolved
2458,4.3672789248431885,0.07199713897481576,0.06651243438864701,0.0,0.10888353785423689,underresolved
2459,31.519130188571136,0.04071313991235866,0.040618095636357376,0.0,0.16988734664025754,underresolved
2460,2.9454435366689538,2.4177865051310485,0.7845886080104171,0.7843797166420571,0.7848700328297593,underresolved
2461,0.8086346155143678,6.917829753268215,0.24604036060952697,0.2438157887304558,0.24667980879333487,underresolved
2462,14.896509400141507,0.8559196487269728,0.6458846535453571,0.6456387331143961,0.6469169701831046,underresolved
2463,1.2463875032428644,6.526366338613985,0.4690518956905876,0.4683416009211797,0.46949294649345213,underresolved
2464,0.9975922575474131,26.91429226918696,0.35203282034515315,0.3519231132340888,0.3537165165761847,underresolved
2465,13.03627955938686,0.09287668926354634,0.09166838994752471,0.05125438643198745,0.14003574287703027,underresolved
2466,2.632461065712711,2.366916709470853,0.7525300212510908,0.7521501830051416,0.7526775589286512,underresolved
2467,0.7815926628262942,0.15873961256819052,0.036612143382616064,0.0,0.046118229632273904,underresolved
2468,0.22167482484422746,4.413786882854272,0.009886201253206037,2.6675730780600348e-05,0.05303005453899714,underresolved
2469,3.951850029891883,0.12775987931826216,0.11546397050794373,0.11151428614479038,0.15417041565090475,underresolved
2470,1.3371307529650716,0.19283243211181017,0.09724193410487575,0.08802363583974147,0.11016157549677102,underresolved
2471,0.6094897732125039,0.08291832168089473,0.011648734070038741,0.0,0.027470268357775558,underresolved
2472,0.2193929567918418,0.22502160130824145,0.0021604370692775037,0.0,0.20745819397669832,underresolved
2473,0.3108331134357995,1.2836088769251899,0.020630108993926085,0.003309780675697906,0.023585971266680626,underresolved
2474,6.813801102253572,4.48317008064123,0.9453092482440257,0.945199943355583,0.9455170665559257,resolved
2475,0.994132378030384,22.12481542827823,0.35007967977824445,0.3494760563542469,0.35128406538109264,underresolved
2476,0.6463825475701186,23.354981669390472,0.15982469777168304,0.15622836941329338,0.16094461083728306,underresolved
2477,6.316762252608541,0.0427685211225302,0.041172039083234115,0.0,0.15136439432490392,underresolved
2478,1.6963908393994696,2.4284055561254383,0.5911472597229865,0.5909985104791226,0.5917799281883737,underresolved
2479,0.0358186005759928,15.80919977547147,4.577448853182038e-05,0.0,1.0,indeterminate
2480,0.10881341112605643,0.5096899043197923,0.0005748271868233455,0.0,0.6189050911629893,underresolved
2481,2.890728470472432,10.208486454538457,0.8400229865278905,0.8399057602269361,0.8402933524168371,underresolved
2482,0.12831159837889455,0.051862182762353146,0.00010676461674371337,0.0,1.0,indeterminate
2483,1.5361803997482268,0.30498106992101,0.1717144775487136,0.1656446599190453,0.1749728295737171,underresolved
2484,9.059637179334537,0.14350385223005807,0.13949164532906885,0.1368786356923082,0.17199252086876768,underresolved
2485,0.6908868796423429,4.984341495723152,0.18006847434678877,0.1794276307540655,0.18351041840602522,underresolved
2486,0.44611789345321273,21.144556768366904,0.06754971231629933,0.06131750649865057,0.07204529108863081,underresolved
2487,0.29045021402287713,0.1593624021741309,0.003415026284173781,0.0,0.07752987604934226,underresolved
2488,5.925615528341751,0.5798032921358411,0.48090138544721256,0.480626133999917,0.4831860283830976,underresolved
2489,13.238303226649675,2.239362757872294,0.9053348302663672,0.9050918658628271,0.9054966282936455,resolved
2490,0.2961178505140785,5.875073976182404,0.02256508021723469,0.00391201985829922,0.026434054708010263,underresolved
2491,2.451896625952506,23.231201552841718,0.793159401732773,0.7930142770997433,0.793449203399105,underresolved
2492,2.837066876687777,3.6076964497875124,0.80842111242055,0.8080512813890126,0.808487664672691,underresolved
2493,0.07793701721679445,0.17272974428315072,7.984900794282083e-05,0.0,1.0,indeterminate
2494,0.540187240233228,0.047180740410297795,0.0050596540335273886,0.0,0.08575750134567027,underresolved
2495,31.252471600724235,0.844969269653542,0.6444248637172513,0.6437036723029823,0.6450084503303276,underresolved
2496,0.39535784212615244,0.07519507410583669,0.0037267126831739147,0.0,0.0744705413541904,underresolved
2497,0.10715258483958304,0.12521141830161972,0.0001502577426636912,0.0,1.0,indeterminate
2498,0.472833833833207,2.3883514610756893,0.07204526589671745,0.06644689119891732,0.07600971180223742,underresolved
2499,18.85793877071721,23.098938410108232,0.9948649624413253,0.9947846889730779,0.995054870292645,resolved
2500,0.18201167916860828,15.743120633635597,0.005730493666526815,0.0,0.03464552565467425,underresolved
2501,1.205742550428822,8.853375749107482,0.4531564562400202,0.452326271659953,0.45354691044676504,underresolved
2502,0.03199093096922938,1.9183157288873705,2.898774584602516e-05,0.0,1.0,indeterminate
2503,0.10019232464897858,0.09846855184067721,9.709540707891266e-05,0.0,1.0,indeterminate
2504,0.08794508047709429,2.01555098349096,0.0006023226058231718,0.0,0.6645062046368628,underresolved
2505,0.8629143305378676,0.13789440893235658,0.03808971691608152,0.0,0.05181911721665037,underresolved
2506,1.8947361133823937,0.03662058545888321,0.025313832360751236,0.0,0.16235617027295413,underresolved
2507,2.5964341621785514,3.785581188326243,0.785686691045673,0.7855085780517517,0.785966865245395,underresolved
2508,16.175356212809373,0.2647974187685164,0.2545147202811122,0.24847270456860254,0.26004318097469364,underresolved
2509,0.561997876821168,0.14640845930733914,0.017035673552200804,0.0,0.03057642097534724,underresolved
2510,0.5052988439888066,22.413639296465902,0.09163847111442719,0.08796956046115002,0.09615626008481784,underresolved
2511,0.03648056450392821,2.960354853455729,4.590445199504388e-05,0.0,1.0,indeterminate
2512,26.076555328624696,3.134974736578969,0.9506075708353413,0.9503763149468988,0.9507107340021561,resolved
2513,29.19742623912714,0.040561042093801125,0.040456511522090705,0.0,0.1299738252463943,underresolved
2514,0.9663876058145355,0.05823857591738402,0.019510879018427827,0.0,0.05762072122296157,underresolved
2515,0.7066381537451069,11.78918400660713,0.19150731402487267,0.18861023252398662,0.19247471358100995,underresolved
2516,0.7931188873131817,1.0499559172091828,0.17375241544664263,0.17194219901775162,0.1755726891634996,underresolved
2517,1.273550198310897,0.32613334939445415,0.1508561202134964,0.1433349725198508,0.1520119438885771,underresolved
2518,7.204821451909625,0.8872394877797124,0.644948141659161,0.644569364442163,0.6457874000097157,underresolved
2519,3.1679546875506683,0.628828258607301,0.4616383432543722,0.4607914736291707,0.46307349364891737,underresolved
2520,19.3080299900341,1.5143982228196364,0.831137026868503,0.830911677870559,0.8314830684923645,underresolved
2521,21.82218703046187,2.9231515113484874,0.9431940025696108,0.942961184551916,0.9433064092379778,resolved
2522,0.04743047837455536,6.389396280448309,0.00010506394120790143,0.0,1.0,indeterminate
2523,0.04192268126979992,1.9547959544748648,6.542230991541839e-05,0.0,1.0,indeterminate
2524,0.42557233258794724,25.078836773950513,0.059998260395388234,0.05396103227662033,0.06584644643061348,underresolved
2525,0.09557073085781198,0.5770128798191803,0.0004303593005256987,0.0,1.0,indeterminate
2526,2.2008623853017486,21.675125459804704,0.7538318253568337,0.753545742715697,0.7540287597919549,underresolved
2527,0.8010000296027695,1.1134729311619047,0.18178961894721649,0.18086793825785338,0.18435392355619526,underresolved
2528,17.094652697699008,11.157369464745145,0.9909168319684549,0.9907398444954054,0.9910145097258864,resolved
2529,0.03484640500107017,18.599552417194136,4.217514667707326e-05,0.0,1.0,indeterminate
2530,0.042814265761835675,13.149222715430609,7.804052504423734e-05,0.0,1.0,indeterminate
2531,17.254464732129023,1.3969427414181532,0.8090521223065159,0.80873495207139,0.8093632205570518,underresolved
2532,30.854008192121913,15.785772338302126,0.9964290569682484,0.9962490634717127,0.9965191592973242,resolved
2533,1.2848948075085458,0.37282192974710265,0.17168785898327255,0.16680940531092733,0.17356636383313995,underresolved
2534,0.05940865813480643,11.65731445204343,0.0002078078783495045,0.0,1.0,indeterminate
2535,1.2438592919333196,0.19220381604184425,0.08935266304096055,0.08386700503532822,0.10543064741223983,underresolved
2536,0.698025193364089,9.310858320937069,0.1864453669398292,0.18440773206498207,0.18837960420877312,underresolved
2537,0.5918840298991005,1.9221092676052065,0.11722892854618243,0.1141609738455537,0.1200963464527058,underresolved
2538,4.000449578365017,2.7163089776787133,0.8568711618244279,0.8566728384862375,0.8570850625278827,underresolved
2539,14.61971825608314,0.6427244477422283,0.5369061931728736,0.5352090357746984,0.5373205869863399,underresolved
2540,0.18524618483048125,0.0491918673630156,0.0002969178732988525,0.0,1.0,indeterminate
2541,1.7584145997832192,1.248841547038445,0.5127170549707245,0.5119210021043156,0.5130111298190917,underresolved
2542,0.0412556153661017,25.490143727765798,6.9985397637961e-05,0.0,1.0,indeterminate
2543,0.1020620266786855,1.5849996242390356,0.0008852784460202593,0.0,0.8748620744259102,underresolved
2544,0.8063214811437042,3.0178588049080775,0.23475534695957478,0.2333309054723095,0.23626825659009815,underresolved
2545,3.704500895212202,0.2683069323776271,0.2331937944840948,0.2275201801659031,0.23883708191709055,underresolved
2546,3.8388182852735806,0.4069825223039028,0.34160473957252413,0.34018646112135387,0.34520571591230825,underresolved
2547,0.06512341154249927,4.788053620168749,0.00026864783783554,0.0,1.0,indeterminate
2548,17.597800119067255,0.3312554434400979,0.31293499867762936,0.3116596565949868,0.31903144440384845,underresolved
2549,0.5768798641345755,4.131159281142085,0.12126865800435158,0.11684977290105854,0.12297405678769548,underresolved
2550,1.3153920662821397,0.06871231497634837,0.03458376634933484,0.0,0.06623854200317532,underresolved
2551,1.8328757919875582,20.924287952226972,0.6757072722888002,0.675275707119999,0.6758769018652879,underresolved
2552,0.15930623634413082,0.3004808527808919,0.001120516034253631,0.0,0.1891549485221682,underresolved
2553,2.024744596889979,6.179028133297773,0.7115305807743398,0.7112270687164658,0.7117725785685968,underresolved
2554,0.23149343190783034,0.03250892743756555,0.0003727196794629655,0.0,1.0,indeterminate
2555,7.472182822714561,0.061224940537377995,0.059504744997112724,0.0,0.14031735647326365,underresolved
2556,0.6225651558819835,29.867226698202604,0.14754368748335303,0.14624425819413642,0.1513748956559584,underresolved
2557,21.320786079263815,0.03355695014700067,0.03342770768622677,0.0,0.1863523547775927,underresolved
2558,0.6329829639762318,7.527741997026327,0.1516613589704826,0.1490751314640929,0.15403193740760526,underresolved
2559,0.6978157649423573,1.0215480846801008,0.13391962704481097,0.13087985109584208,0.13553875600653426,underresolved
2560,10.985108801328463,1.9184089460295666,0.8758475075403983,0.8756909137740604,0.8761484568847618,underresolved
2561,3.1529741891064735,0.8389754662608424,0.5566610548892337,0.5557651667368599,0.5571797223227987,underresolved
2562,1.2088180075410453,2.809613871111206,0.43097426747828804,0.43031735522391795,0.43160671533947176,underresolved
2563,12.88709456814653,0.3644350689372985,0.3393362872100566,0.3346794512238386,0.34088886715455996,underresolved
2564,0.26565882765784476,17.795935875505478,0.016899068209980172,0.0,0.024221867631146064,underresolved
2565,0.2496779827667667,0.9543761497536415,0.009814182066532761,0.0,0.02983487656311514,underresolved
2566,0.07003155008573178,5.089647111941603,0.0003345563142075343,0.0,1.0,indeterminate
2567,2.775987114127731,6.975860859810582,0.8243268738894918,0.8241034682566365,0.8245090675536582,underresolved
2568,0.059278678152256424,0.04964859646893394,1.0275022318280324e-05,0.0,1.0,indeterminate
2569,0.25533906804598205,0.08044419303114249,0.0012142280957352742,0.0,0.2665659335946153,underresolved
2570,0.5417572477716692,0.4755749083382321,0.04642024251281415,0.04030270100876208,0.0506718495830481,underresolved
2571,0.811261811888516,14.268971239596075,0.2494509405114901,0.2475134429704661,0.2503455261013684,underresolved
2572,0.1916009656250218,12.523416996155893,0.00664242118246608,0.0,0.05882862778145522,underresolved
2573,0.1212934491323967,4.698557608623943,0.0017075675584356785,0.0,0.29337842933221747,underresolved
2574,12.088245428857777,0.1177173767910866,0.11572021588186748,0.04921900472757667,0.12594789586018484,underresolved
2575,0.9173861454580257,0.5909092234620512,0.1571633750323022,0.15631780969256706,0.16066433488550713,underresolved
2576,0.06085142493459053,5.582295420054839,0.00022056958903321234,0.0,1.0,indeterminate
2577,0.15782734344664667,0.04225799626231815,0.00015997052071184346,0.0,1.0,indeterminate
2578,7.354308377124326,14.450249762721871,0.9705724510708017,0.9704286630979738,0.9707141563055276,resolved
2579,15.621923859103093,0.2771421418103732,0.26544196101113154,0.2567393065001591,0.26744442611457464,underresolved
2580,7.7473288173006996,3.3084682988980214,0.9337965873014086,0.933640412506262,0.933980804288856,resolved
2581,0.03260663922899423,1.6688632412946396,2.9689828262321304e-05,0.0,1.0,indeterminate
2582,0.8318556599071489,7.0040153544347215,0.25892120997400336,0.2578603997940955,0.26054556243592525,underresolved
2583,0.26838968951958236,0.03501694717431441,0.0006095332733326508,0.0,0.7793796840862771,underresolved
2584,5.642309097414888,5.154921370278435,0.9371961665786968,0.9370881983749743,0.9374062753065456,resolved
2585,15.710875801707928,0.1916051316288558,0.18704412857964114,0.17052859357257694,0.19312024539765582,underresolved
2586,0.0694266080512927,0.32325980252414693,0.0001021915189672564,0.0,1.0,indeterminate
2587,0.08029864666146128,0.06800406742400932,3.4791306934646013e-05,0.0,1.0,indeterminate
2588,0.36611493944447826,5.8896209516749485,0.040062511169264875,0.034927005696675756,0.051630260169552133,underresolved
2589,1.3800471779482255,0.08619217445802962,0.04559618906751629,0.0,0.0872468229846492,underresolved
2590,8.233884661367492,0.05750638901610599,0.05616433543988927,0.0,0.1611223944550412,underresolved
2591,3.917778946656793,0.30618810910186983,0.26632526945752344,0.25979662320207614,0.2686082174465801,underresolved
2592,0.1329981049662161,2.583638136536191,0.0021369841073634235,0.0,0.04889127989414472,underresolved
2593,2.0059555772298934,0.04649792090420928,0.0332944991013931,0.0,0.08677497539550386,underresolved
2594,2.0761112043877366,0.18565932153733078,0.13348695562599236,0.12012933028654088,0.14400666538223306,underresolved
2595,3.8360096194366577,3.4048250769361874,0.8693643069192258,0.8692874434266298,0.8696717970264584,underresolved
2596,0.20674497714709794,0.032125651544231484,0.00026648123055346597,0.0,1.0,indeterminate
2597,0.2890567195705317,0.1410395569600104,0.002990455240944462,0.0,0.028993706363381822,underresolved
2598,3.223792521636829,2.9726880052154994,0.825798580080196,0.8256031789410638,0.8260341183908954,underresolved
2599,0.3201896794958069,0.42127598215959494,0.011008612012851329,0.00048606144240460685,0.025645960697832867,underresolved
2600,0.27967111645715254,0.17697903783115856,0.003404936425221561,0.0,0.08309630827303906,underresolved
2601,1.6922208445420373,4.488064941124912,0.6228157651566377,0.622679560279924,0.6233828205592619,underresolved
2602,0.06690234496227548,0.39033056851292897,0.00010815673933899183,0.0,1.0,indeterminate
2603,0.27802186288240827,12.842451343501402,0.019161148777228056,0.0084806240492474,0.03854001856823882,underresolved
2604,4.106252011799379,0.09527174774623993,0.08698994171387192,0.0,0.11545465533581852,underresolved
2605,10.697459872190949,0.06153718797348774,0.06062461351243469,0.0,0.08630806477764118,underresolved
2606,0.3124537200740288,14.19465244918406,0.026460599607403858,0.01238763575824619,0.03447751571675952,underresolved
2607,0.371481133086978,0.8376459970540023,0.02711584843540705,0.015920626280696702,0.03232952743699851,underresolved
2608,0.04192224971899381,0.12691159749347303,9.251699937541659e-06,0.0,1.0,indeterminate
2609,0.09715092084735513,0.5627070447135415,0.0004433738286103837,0.0,0.7098192192473777,underresolved
2610,0.3168492121151935,13.345421650203644,0.027480212342063114,0.026767326193488886,0.05082361741275794,underresolved
2611,1.3858029926172337,3.5474918985951667,0.5132467905427248,0.5129563705224298,0.5139399809481088,underresolved
2612,0.31707906720051,1.6763412635282544,0.02371305924947904,0.01260327262651115,0.034875737920240374,underresolved
2613,10.853237316331818,6.068216556857684,0.9742593324550353,0.9741505072190055,0.9744417077072374,resolved
2614,0.9762034461005141,19.893275491614673,0.3404305903967697,0.33929068924453387,0.34117154078778766,underresolved
2615,0.2546748276735177,7.231893162966029,0.014890421860562176,0.004822965112927065,0.04249630601935853,underresolved
2616,0.1448085939516131,2.5313947803329135,0.00273762790283524,0.0,0.07405329222261496,underresolved
2617,20.401530328334125,0.44907272896851125,0.4081891784089208,0.4052264758830053,0.4093597838667468,underresolved
2618,0.2691146974879353,10.707303771321476,0.01747339895392253,0.0,0.023725134128908944,underresolved
2619,0.3296041130649178,1.3407211539017236,0.02458915196369742,0.008638252605608417,0.028013607712308403,underresolved
2620,0.18507736767365265,23.528521364914415,0.006021815730443432,0.0,0.014250249979555733,underresolved
2621,14.436211271888734,20.024992972548723,0.9916097282552914,0.9914415414557619,0.9917138210144562,resolved
2622,0.8334189923221867,0.10279979769859288,0.02683513736819735,0.0,0.04766853268733509,underresolved
2623,0.044474167031226045,0.9105295313166161,5.904944262043238e-05,0.0,1.0,indeterminate
2624,15.169586068452139,23.400769978400625,0.9926108663077016,0.9925102377916645,0.9927817013085263,resolved
2625,5.1251800969693635,19.020471813473886,0.944192852631739,0.9439912939083015,0.94429305838242,resolved
2626,0.03961080172354318,0.6830748778798627,3.497303635014525e-05,0.0,1.0,indeterminate
2627,3.0714675045135564,0.053437172581514085,0.0458766043279703,0.0,0.13784492103124094,underresolved
2628,6.837416916566713,4.991138804305896,0.9498741927106914,0.949738751902352,0.9500495058395586,resolved
2629,0.0539252968788618,20.708472482597035,0.00015594816258269372,0.0,1.0,indeterminate
2630,0.9259347395008465,2.608598402599615,0.2928366575584602,0.2918316896321669,0.29403620458269003,underresolved
2631,3.9536966910808604,0.8447194960312002,0.5879879071539844,0.5867303309672349,0.5880939374359606,underresolved
2632,2.0573693867193406,18.708555775622038,0.7264738438917762,0.7262195384140834,0.726740274829311,underresolved
2633,3.663637000572078,4.602893096364626,0.8773516105480972,0.8773223531142196,0.8776873933272855,underresolved
2634,0.2768202940317841,0.6884724384789793,0.010767950134822893,0.0,0.02296572909811093,underresolved
2635,0.6212308426754147,0.12542661606292277,0.01828724614207472,0.0,0.04429072295836022,underresolved
2636,31.42389653834178,1.7713229538454032,0.86949062936086,0.869391543142123,0.8698764127333407,underresolved
2637,0.2753371263634044,0.2633951983279769,0.00476467262367675,0.0,0.04661743556556926,underresolved
2638,0.7689794663748258,0.17221048018299634,0.038443019996999846,0.026856218404528197,0.0555366633467206,underresolved
2639,0.3896370425992435,0.324318210276737,0.014762497894837122,0.0033977555236362205,0.02357557682901463,underresolved
2640,0.2968919262604616,0.13926683961233594,0.0031801055389766093,0.0,0.08611995419294843,underresolved
2641,0.07280842298194198,1.5978160624051907,0.00032458530126409663,0.0,1.0,indeterminate
2642,14.445710196560182,0.08028282362487464,0.07945354009902952,0.05453800661120432,0.15037687041880562,underresolved
2643,2.2864869066173794,0.041935428706831215,0.032224075164550475,0.0,0.12788505111491102,underresolved
2644,0.6656925536877544,2.556261756531488,0.158465337803405,0.15682083695698024,0.16133198127382029,underresolved
2645,0.05107687219980513,23.36858506966144,0.00013261062102622875,0.0,1.0,indeterminate
2646,0.034884640119192685,0.24368727666866843,1.0032674294994481e-05,0.0,1.0,indeterminate
2647,0.14424801873572524,1.4749708139131164,0.002408732130979735,0.0,0.1600954955070722,underresolved
2648,1.5728771650654119,4.516729227615052,0.5867580890536207,0.5862496800626733,0.5870329780600131,underresolved
2649,0.04068737239017948,15.240468860294488,6.704532630320369e-05,0.0,1.0,indeterminate
2650,1.6138610425983304,0.23305906643575255,0.1394128438777482,0.1280927812387509,0.1438250800800855,underresolved
2651,0.2906137888270188,0.06487989461109946,0.0014071115093178199,0.0,0.2723468261087002,underresolved
2652,0.4153921593816428,0.609555852659176,0.02938216764906928,0.020732560395085736,0.035117610303875155,underresolved
2653,1.8513581279551128,0.2062051235290395,0.1375582477247235,0.1225357128999941,0.14258205427219786,underresolved
2654,0.7719236447459088,1.2190386860411897,0.17639669609048383,0.17429832882712237,0.1779374016428497,underresolved
2655,0.09623694728314336,2.6616340941229484,0.000822900202462792,0.0,1.0,indeterminate
2656,0.10573158793789791,28.251429276713324,0.0011617166072483652,0.0,0.25538275922830234,underresolved
2657,11.213400511136658,0.6651357043899793,0.5472757689670378,0.5462618337123055,0.5482463498005112,underresolved
2658,0.31268976390537995,0.07825291036045755,0.002073699886592355,0.0,0.17542791227198162,underresolved
2659,5.201425393950673,0.1903882693603145,0.1771185900575246,0.17636217798589648,0.19738888426950638,underresolved
2660,28.9986438797976,31.438095254884953,0.9977142822661037,0.9975700360196408,0.9978383219365535,resolved
2661,0.055769827949142176,0.08559573268345488,1.4724543951413882e-05,0.0,1.0,indeterminate
2662,0.3297863620122298,0.05082232591794551,0.0015593252117066087,0.0,0.12238187628158159,underresolved
2663,0.9647214466843892,0.06060455918782315,0.020246363425610234,0.0,0.09459735849563704,underresolved
2664,1.1477513147788114,1.0191676275721453,0.3059351525803691,0.30489591790260656,0.30693156443158054,underresolved
2665,3.344178562588295,6.526547286642057,0.8693000857402771,0.8690027580510159,0.8693675598189081,underresolved
2666,14.061573906622767,0.3914911047324612,0.3618019925114949,0.35917446389960395,0.36454774423201536,underresolved
2667,8.917065843587087,2.4820765218612038,0.9103232053464183,0.9100481244478468,0.9104330771581068,resolved
2668,6.3320714986889834,3.651251809807433,0.9294921880707925,0.9293804608103229,0.9297172633556517,resolved
2669,2.3732764600935004,6.206949512022562,0.7726280040274953,0.7724322583831396,0.7728957163446303,underresolved
2670,3.0206861365609274,20.614484751804593,0.8545611902844246,0.8543070371891287,0.8546793022535619,underresolved
2671,0.8028728103946569,23.76032589161055,0.24516792205550644,0.2435503817106555,0.24644614249786156,underresolved
2672,0.9132195914291025,0.04508879436526766,0.01381226562541257,0.0,0.07259295968021896,underresolved
2673,0.6625750987110807,1.908254727609071,0.14925252584361143,0.14670897464426239,0.1513524523399302,underresolved
2674,3.59746185355418,0.8999032726549467,0.598261339409382,0.5980256437643551,0.5992699936826353,underresolved
2675,14.581496488652068,12.781336659773732,0.9899610828423137,0.989801913095989,0.9900764250205569,resolved
2676,0.371635926023165,14.281869325415213,0.042170898341864015,0.0382179017495952,0.054437435999770696,underresolved
2677,0.037738504637659244,0.058968199263765494,3.1571196652943388e-06,0.0,1.0,indeterminate
2678,9.506896506115844,0.721517803283295,0.5755368572118981,0.5750038016570512,0.5767220313976764,underresolved
2679,0.1649166298821338,0.50441343345326,0.0019403288931941192,0.0,0.04306263553667378,underresolved
2680,0.05488443690009326,3.4158349437543327,0.00015795461776450058,0.0,1.0,indeterminate
2681,0.43045921503071777,0.10336452346120775,0.006355065603715241,0.0,0.04017690032432311,underresolved
2682,0.6603847635660895,8.714161568015562,0.166253020696328,0.1628602173040291,0.16736627280502997,underresolved
2683,21.750456125394884,0.05241545103465447,0.052178068334545524,0.0,0.12194753494725484,underresolved
2684,0.2883065138729923,15.340175581286998,0.02121423120146248,0.014686547972317256,0.04375330681970244,underresolved
2685,0.7662177088333304,0.03614079700782131,0.008125847706672658,0.0,0.10092354813034161,underresolved
2686,0.15158997914672062,0.43452047673663213,0.0013417309854868815,0.0,0.35584414101211337,underresolved
2687,29.11532248540036,12.463400480721669,0.9950354126221659,0.9949289040851951,0.9952006582608997,resolved
2688,4.767231475011884,0.7666965512387464,0.570388415852104,0.5693422621982248,0.5709201207096616,underresolved
2689,0.05684077832990676,19.8205475644607,0.0001825268145806347,0.0,1.0,indeterminate
2690,0.3858483410788002,6.012144231418304,0.04601639404629887,0.04363828738192627,0.05862827269290267,underresolved
2691,1.2088493254656745,0.8204380454159569,0.2901667874626243,0.2894557933463889,0.291762831074201,underresolved
2692,2.338443826334602,0.4310609119823791,0.30769757510235723,0.30570525750763106,0.3103441975191472,underresolved
2693,0.3410045799714758,3.846216913948868,0.0325397852360443,0.018257408734199985,0.03665641555764424,underresolved
2694,16.34402841163355,9.073964028741916,0.9884266396436067,0.9882976735286468,0.9885751976208805,resolved
2695,0.03177132767985682,0.09891747981788794,3.1521545543172746e-06,0.0,1.0,indeterminate
2696,0.04930314337127841,0.8317218139783833,7.635733970544952e-05,0.0,1.0,indeterminate
2697,25.873645132997257,2.1776241458583856,0.9067283080061024,0.9064739405345903,0.9068831043405395,resolved
2698,0.18331970257948987,0.31477820049361593,0.0017602881828297104,0.0,0.09935264279386623,underresolved
2699,0.6673188289784329,13.968002330239337,0.17058722344980667,0.16703352291597884,0.17142926470852551,underresolved
2700,0.799531528737797,2.6913209010191594,0.22827380612496947,0.2271188699784436,0.23013091551694884,underresolved
2701,18.4107928154266,0.08401622079421743,0.0833521246096862,0.0,0.10985845175196357,underresolved
2702,0.40533179293824834,0.2753294216222267,0.014070958428902654,0.005578689908762406,0.030377035832712444,underresolved
2703,1.385094566495921,0.09722557657317464,0.05157499060193764,0.0,0.0736387424152504,underresolved
2704,0.666164573659557,0.03625754722273784,0.006174593351419793,0.0,0.09694142128861012,underresolved
2705,3.515672485512944,0.05873223708464983,0.05217309752985285,0.0,0.10958229003564207,underresolved
2706,0.04796342980157894,0.13207073115610554,1.4397443617813058e-05,0.0,1.0,indeterminate
2707,14.518842845045425,0.39889994861119094,0.3678887362163751,0.364676701560805,0.3698658632141128,underresolved
2708,0.38545998401100406,0.4430741471239735,0.018847339509541657,0.011388888916058389,0.030678598922777568,underresolved
2709,0.08729896891891072,0.034261226345094084,2.2523175242048328e-05,0.0,1.0,indeterminate
2710,0.6764095244590147,17.513499013487486,0.175588532942081,0.174296490938185,0.178553393884063,underresolved
2711,0.56987583594369,15.298463825980157,0.12111831981836571,0.11841707252309212,0.12468057570258256,underresolved
2712,0.1551557046554021,4.256504072075401,0.003508653445682328,0.000572729489772777,0.19214636477012595,underresolved
2713,0.055937308481435515,0.13458107507041192,2.3235698408173515e-05,0.0,1.0,indeterminate
2714,0.3911881911205437,2.439236369373046,0.044736575192136634,0.040526983123531944,0.05510786166440903,underresolved
2715,0.9043437459606005,0.08809893755530122,0.026482549812549317,0.0,0.06803891406314772,underresolved
2716,4.103695933721665,6.635849592477017,0.9068707871394206,0.906733750455307,0.9070682623269198,resolved
2717,0.8712404173691283,14.558801377817424,0.282794555308462,0.281094234599725,0.2835099543393429,underresolved
2718,0.2582861944607111,19.699741040222246,0.015619751994720878,0.010437188147318626,0.049365470660792846,underresolved
2719,1.508833680665703,2.8266623958213466,0.5459925724739998,0.545791074525921,0.5466774952230394,underresolved
2720,1.9562431645489033,0.45366302524565577,0.2916498047174893,0.2896200757785489,0.2939427740492216,underresolved
2721,11.77292208631633,0.3309238294358046,0.31079862746880604,0.31000780783703163,0.3173843267419127,underresolved
2722,5.947274138405534,0.048659497179906065,0.0466113571710922,0.0,0.13820093003425493,underresolved
2723,11.418797311522246,4.839209448756744,0.9681502341929517,0.9679514975568033,0.9682520441669009,resolved
2724,0.3932633544738087,5.467798905997675,0.048219986449843454,0.04111758234489234,0.05530090702866441,underresolved
2725,0.057095353348372374,1.312317289271257,0.0001473203779777595,0.0,1.0,indeterminate
2726,16.882499959182176,0.5286178470759495,0.4648906251239837,0.463809553534013,0.46682909153596214,underresolved
2727,9.56862764653716,0.21365846726882334,0.20556562932847433,0.2016310400816805,0.2188885731771705,underresolved
2728,0.22952442224210814,0.6892985481717566,0.006353793512064721,0.0,0.05313358536501733,underresolved
2729,0.048338147616955644,1.1457433460657278,8.479587479794054e-05,0.0,1.0,indeterminate
2730,6.859660532681346,0.8149666340080983,0.6121272052109538,0.6114144425594257,0.6128179505662734,underresolved
2731,3.397723278336154,1.1538121473624492,0.6671452860643634,0.6665192376718123,0.6674038961481259,underresolved
2732,6.883776884205309,5.19538524219377,0.9516914738874425,0.9514788757330727,0.9517874080184674,resolved
2733,0.11319251891653408,3.3110786986430165,0.0013620862893550581,0.0,1.0,indeterminate
2734,10.38455383912982,0.1747610892774317,0.16978486533730275,0.1448705692375285,0.1730800816625777,underresolved
2735,1.5698964905880042,1.3864805775487052,0.48661712450707445,0.48617933974769906,0.4872975155333732,underresolved
2736,0.2102945879115002,0.08121657267928908,0.000705522596580489,0.0,0.8558381778764086,underresolved
2737,0.0603630240744626,26.689203799535314,0.00021859437999788663,0.0,1.0,indeterminate
2738,0.053533156111634915,19.799807863363846,0.00015256366690000525,0.0,1.0,indeterminate
2739,5.713104823427917,5.351477033826753,0.939480913280401,0.9393950344567978,0.9397106428637537,resolved
2740,0.15188111218085265,3.3494297694033004,0.003244242957554095,0.0,0.1098973093363939,underresolved
2741,1.8307634954361027,5.447909661950797,0.6648340688462845,0.6646354733334884,0.665257571416026,underresolved
2742,5.659008618553624,0.7230664203113255,0.5595285774226836,0.5587178373231065,0.5604489219413118,underresolved
2743,0.43285949615229735,9.858022118732974,0.06236488783889322,0.054715593961578914,0.06617561265373136,underresolved
2744,0.05444777635972494,0.4293608494088067,6.340074135962938e-05,0.0,1.0,indeterminate
2745,0.035450886204600504,0.11721261173133667,5.1769551493032645e-06,0.0,1.0,indeterminate
2746,0.6175481364155155,0.5278252829196517,0.06771304795142916,0.062316470448853675,0.07026539664497089,underresolved
2747,7.680096110670234,0.15682738850118821,0.15107548757255826,0.14713520188839943,0.17748301162060565,underresolved
2748,0.05835307292867803,0.7341571642689904,0.00011698989525913369,0.0,1.0,indeterminate
2749,0.06180518795091673,0.5484570350292325,0.00011288275439338757,0.0,1.0,indeterminate
2750,0.22558949267788284,20.330915349090418,0.0106437735008954,0.0,0.02671477475984739,underresolved
2751,0.11809059767586033,0.4199855512734715,0.0006245729870383356,0.0,0.6409022719441786,underresolved
2752,7.218163556766775,0.10196752604160185,0.0985895818808595,0.06556179546647509,0.13957891186190052,underresolved
2753,0.04401911348894909,2.428107365540041,7.863960937188069e-05,0.0,1.0,indeterminate
2754,12.203852594318795,8.32271590759945,0.982942469866513,0.9828082620980357,0.9830897893529625,resolved
2755,1.7286618342577527,0.04272021369353794,0.027681556092414936,0.0,0.08841158615521524,underresolved
2756,15.462670689774537,1.861949987702338,0.8754835861450246,0.8753001033211741,0.8757660702070429,underresolved
2757,7.184990330693861,1.37057390687984,0.7849158634527155,0.784726617768009,0.7853831147599346,underresolved
2758,0.04509982805194198,0.2903453284285132,2.5500048527872567e-05,0.0,1.0,indeterminate
2759,0.05982611724825191,0.13944106808959816,2.9413997614885226e-05,0.0,1.0,indeterminate
2760,3.0947756203707657,0.10277621366637797,0.08808774521793412,0.04681943674221143,0.12491051044228083,underresolved
2761,0.03970555775671129,0.9422498962859619,4.2826421841543006e-05,0.0,1.0,indeterminate
2762,0.5582236072012294,0.09019353312304956,0.010402358392939,0.0,0.05323339463528875,underresolved
2763,1.85295954812298,2.312670292587679,0.625552604651085,0.6252351992525895,0.6259507451342102,underresolved
2764,0.045511809808709905,0.9704358508626395,6.54477947201172e-05,0.0,1.0,indeterminate
2765,2.5344118571605003,0.6671972621665321,0.4467231735995027,0.4460626726417949,0.44818280570022356,underresolved
2766,0.045937771637702664,0.08715199069155605,8.390168961739933e-06,0.0,1.0,indeterminate
2767,3.443562454047878,7.661738621362567,0.8781922163143598,0.8779418357633507,0.8782973033436732,underresolved
2768,0.16066158516441484,0.2652491465491487,0.0010233496236055652,0.0,0.37642735114075,underresolved
2769,15.354996761952801,0.19035011459477702,0.18580922485423945,0.17131439495019748,0.193956892339969,underresolved
2770,21.977376919000285,0.7216787326001523,0.5833881989969976,0.5823163093534435,0.5840289907112453,underresolved
2771,7.931009993301112,6.285265367522551,0.9644872373050172,0.9643503150405037,0.9646466966434439,resolved
2772,0.16228272789676423,0.07927619028825657,0.00032483669902269526,0.0,1.0,indeterminate
2773,0.05382237854282649,0.11011851179139084,1.6992108929452907e-05,0.0,1.0,indeterminate
2774,1.1740108300247136,1.7280413502475802,0.3818515292256533,0.3811132830736564,0.3826202290331039,underresolved
2775,0.14296840962730606,5.747401649787499,0.002792948247378534,0.0,0.057281565620517776,underresolved
2776,0.2849878783162985,0.19719681204855755,0.003983135034205189,0.0,0.10217257529205732,underresolved
2777,0.33237839588943446,0.04656653202725027,0.0014596155609186015,0.0,0.0561583584047978,underresolved
2778,3.6657266017543817,0.3852397661300973,0.32279186551537037,0.3207811091990139,0.3263713451742167,underresolved
2779,0.948568660575047,5.958625774613014,0.3214542039237125,0.3212175243709057,0.32323464294162174,underresolved
2780,1.6960652047858482,10.90704390997114,0.636542203261764,0.6361512056996304,0.6368257054310437,underresolved
2781,22.643214141170837,0.1496485050814607,0.14756853248200194,0.13969645014084908,0.1734319712078021,underresolved
2782,17.903330171284583,4.102666423423263,0.9670268004734056,0.9668706541233367,0.967178325045163,resolved
2783,9.727454203897295,1.1449551424550342,0.7413910708397403,0.7409012539777545,0.7417232142171889,underresolved
2784,12.569150089981072,0.9341311935807645,0.6761993611964987,0.6757940212482414,0.6769050769242684,underresolved
2785,0.23405670477542959,0.055535476905855544,0.0006563276087079004,0.0,0.7096370381564496,underresolved
2786,0.03889647146460312,0.2128356188722821,1.2222774947278805e-05,0.0,1.0,indeterminate
2787,2.8309262018344823,10.328085836626556,0.8343970239076773,0.8341965352863313,0.8345895514335835,underresolved
2788,20.9592113423388,0.03174743472692436,0.03162340460547257,0.0,0.18785463336804256,underresolved
2789,0.08890157639977758,0.1310990844197444,9.026081001091077e-05,0.0,1.0,indeterminate
2790,0.4683709173320461,0.3461313653254697,0.02495945976255603,0.01998723303942591,0.037221887634556444,underresolved
2791,0.6653359658161547,0.036197045845662315,0.006148376064557914,0.0,0.08263071441685538,underresolved
2792,4.129550673068574,22.140243967521574,0.9171386165838316,0.9170086902444495,0.9173292804084492,resolved
2793,13.237593214211786,10.34539714856007,0.9869008753991694,0.9867669120673951,0.9870443234195831,resolved
2794,0.9775492379338898,1.5569368561885222,0.28740600939052746,0.2859371416501047,0.2880965901618329,underresolved
2795,14.723056749234557,0.11324189524775422,0.11174854147494885,0.06450001324392858,0.13475009081205272,underresolved
2796,0.3919764228229811,1.075716712498528,0.0355981435355689,0.02799283365570311,0.04270435812697815,underresolved
2797,3.774942802764144,0.4388057084904797,0.36295434391958076,0.3603421599726785,0.364718689636731,underresolved
2798,0.16323229744081602,0.04470791280465326,0.00018674060776001006,0.0,1.0,indeterminate
2799,0.10971622862216125,0.056952431437447874,7.37609808080418e-05,0.0,1.0,indeterminate
2800,0.9633140425010763,0.1067559593307651,0.03544730853851149,0.0,0.058482059116134855,underresolved
2801,7.8261800640613455,3.594967970648391,0.9402994256093001,0.9400923767782678,0.940423198868965,resolved
2802,2.295183614790499,0.31978055638313513,0.2346835602521597,0.22898689054796506,0.23720286152021078,underresolved
2803,7.672530465148565,2.155118395238141,0.8844713771760677,0.884171105721769,0.8845965528311,underresolved
2804,0.22848599017724933,27.28462193859461,0.011044248487576491,0.0,0.04355665896396637,underresolved
2805,6.992932298710316,0.056158254013142825,0.054392949700931933,0.0,0.10789441009059694,underresolved
2806,1.6803886422300935,9.98943973994443,0.631447489049665,0.6310026714317085,0.6316876018161881,underresolved
2807,0.4968128240404215,8.044716479759975,0.08740605958335122,0.0840548533767404,0.09255865639028626,underresolved
2808,0.20215664450178103,3.841614861401724,0.007528946609585416,8.692005689758731e-05,0.07666027615890424,underresolved
2809,0.3396017876571517,0.04249650194743727,0.001411778526159743,0.0,0.3367284054248911,underresolved
2810,16.91334481853449,2.020462459330324,0.8915560905820403,0.8913367807191601,0.8917715406322722,underresolved
2811,0.274633875374571,0.14731266205948387,0.002706892666927518,0.0,0.06955241176344618,underresolved
2812,15.679461286867417,2.639767815712959,0.9294722856274793,0.929232144009929,0.9295969921880693,resolved
2813,1.3713225346905988,0.9139347809914934,0.35585713107346845,0.3550441369600648,0.3568731591616861,underresolved
2814,0.10183779449072167,0.03893633290209044,4.046054982355477e-05,0.0,1.0,indeterminate
2815,26.22468273481014,0.1531381669581471,0.15104394236197025,0.12234067416585265,0.1591626942729023,underresolved
2816,0.10822750678808964,0.25358071688013917,0.0003062036665252606,0.0,0.9643266431694701,indeterminate
2817,18.9589297621055,15.479695946445318,0.9937698496073402,0.9935594717414681,0.9938311187133199,resolved
2818,1.0644572565121204,2.440629004257851,0.3582434980140423,0.3569193962945867,0.35859414106826315,underresolved
2819,1.811317257999344,1.2948786686671934,0.5310236183510142,0.5307583930934278,0.5317888900808361,underresolved
2820,0.039627336657487945,0.04852309464379221,3.008848361013164e-06,0.0,1.0,indeterminate
2821,30.055393398520856,0.06300122073204954,0.06277229688499783,0.01740947308439031,0.15966856820362293,underresolved
2822,1.0902075227260748,0.446708055835419,0.16323265329152967,0.16048850875053278,0.16588432294642078,underresolved
2823,0.11164541035682056,2.8851334493893077,0.001290677319419207,0.0,0.29462747631527736,underresolved
2824,0.2670325062850489,0.5006211712186279,0.007687199074826828,0.0,0.029847115964971752,underresolved
2825,2.6022731041349694,0.1128279052761773,0.09118926861092347,0.04403413790245883,0.11612622181374285,underresolved
2826,0.041620131479575856,8.35691759365803,7.139957452775317e-05,0.0,1.0,indeterminate
2827,0.08514301053336999,4.814201759712644,0.0005978176740751009,0.0,1.0,indeterminate
2828,0.3350132481256636,8.100925664701544,0.031813233549334845,0.018441369969439958,0.03778084755524527,underresolved
2829,5.631367181339304,0.3135338709354069,0.28556059084164565,0.2828528153588846,0.2911204229136454,underresolved
2830,0.35517794761572824,1.3842104559586432,0.030391232669732624,0.01889630309667633,0.03641388278560438,underresolved
2831,0.04405261399660297,1.416750287124284,6.9641090785441e-05,0.0,1.0,indeterminate
2832,0.09317262317105116,0.09965667313037485,7.917618186327607e-05,0.0,1.0,indeterminate
2833,1.6007074063287603,1.3620927734760613,0.4917311705568289,0.49120200853294654,0.4923110984421191,underresolved
2834,2.584887944625368,5.5913801128712635,0.79855865597669,0.7982989269245572,0.7987340873887584,underresolved
2835,0.06157506663045014,0.29685717097815884,6.60629133032275e-05,0.0,1.0,indeterminate
2836,24.144935789128656,19.584290025692468,0.9961347638724847,0.9960731069538652,0.996342819285602,resolved
2837,2.5063159368490657,0.08532911963068736,0.06812200151705065,0.0,0.10387126455825063,underresolved
2838,0.3580534305568462,0.6353335508418518,0.0205416650295541,0.01076256218776024,0.029305454768122033,underresolved
2839,0.6672541343308621,2.430378955040574,0.15812721320066314,0.15583968828892983,0.16034062729562198,underresolved
2840,0.16407016132754995,9.716639906442305,0.0042217901825517,0.0,0.11370877953831869,underresolved
2841,1.4344872476076527,0.843888427857129,0.35604160767713156,0.35539689511331285,0.35731212347821234,underresolved
2842,0.3486862167370409,2.0552435797020103,0.03209359576340906,0.020677582927992235,0.0387294970629507,underresolved
2843,5.3527960126070475,0.541438570496356,0.45224682796355287,0.4512062537766681,0.4541208707254834,underresolved
2844,1.7497395431501794,4.612290720360942,0.6395896968531867,0.6393033580308488,0.6399731098237721,underresolved
2845,1.1196524103217396,0.5962276837932089,0.2124675318760906,0.21060987484287713,0.21416889456603794,underresolved
2846,22.20747356367417,1.3974548399379778,0.810765566800165,0.810299147599971,0.8109261373121907,underresolved
2847,1.772579378401839,1.249869413175366,0.5158891360750855,0.5156633361873134,0.5167449186925291,underresolved
2848,26.497514074108494,0.2811543298521509,0.2700830190934034,0.2670518600094208,0.277227292498787,underresolved
2849,13.938512006408022,3.136730056833094,0.9454456210689611,0.9453894509810463,0.9457267561996598,resolved
2850,0.05484802103361434,0.11509208764794751,1.8780799311787514e-05,0.0,1.0,indeterminate
2851,0.30398476030716515,0.11034249659496284,0.002698322063039201,0.0,0.052372507211174806,underresolved
2852,1.0706599706340114,3.72692525474916,0.3769805351786274,0.3761261193205472,0.3777164744092744,underresolved
2853,0.3396477998297776,8.959572659294707,0.033057886556320616,0.015441362688414301,0.033341962215119106,underresolved
2854,3.320299294610353,0.06877509155975174,0.06023428351052097,0.0,0.1304398094735122,underresolved
2855,0.05566552296539598,0.5117760621976495,7.821830013624648e-05,0.0,1.0,indeterminate
2856,0.11542922182774239,0.04016080457835327,6.0503057705921415e-05,0.0,1.0,indeterminate
2857,0.426830798298641,14.248266196493185,0.06034931458951356,0.05287054595504062,0.06466177241699733,underresolved
2858,0.505757383540394,0.8736629832958933,0.060482999473063806,0.05853338631864533,0.06774097630653858,underresolved
2859,0.21048161432887694,5.202385208838139,0.00858073429049183,0.0,0.019029188689393135,underresolved
2860,0.3572571685843751,7.812245589018375,0.037771326292599675,0.024599977820433903,0.04151058652783054,underresolved
2861,1.7839302399056975,1.06613611935243,0.4841060324116996,0.4838649062520135,0.4851216569951524,underresolved
2862,0.07696234350145427,3.037199408688006,0.00042917871472285447,0.0,1.0,indeterminate
2863,1.3465298423286807,2.85057119284197,0.4882674646831659,0.48805420735638855,0.4891167835467406,underresolved
2864,0.04331692765684905,0.046628597631890874,3.7751349888039494e-06,0.0,1.0,indeterminate
2865,0.1886212050724597,2.9301691510933616,0.006026619752621138,0.0,0.059535927175130406,underresolved
2866,0.03528234471895061,12.195363949226962,4.36924828143747e-05,0.0,1.0,indeterminate
2867,0.06855205455558255,4.664929109154851,0.0003127888219549391,0.0,1.0,indeterminate
2868,0.33292719750659266,0.19123684916329442,0.005920279314795611,0.0,0.029875556708326326,underresolved
2869,20.101461361784597,5.8241602903360965,0.9819304895461056,0.9818757066105374,0.9821632582245683,resolved
2870,23.870686763460874,1.261012769607333,0.7814739364182469,0.781084681325915,0.7817980897596866,underresolved
2871,0.36076829399543525,0.18783875542949013,0.007214967229555873,0.0,0.05888760148208008,underresolved
2872,0.3979288249762721,12.201704638878315,0.0503737564225848,0.038510863185495445,0.052033753581119425,underresolved
2873,0.04180480042584878,1.47471577927734,6.0310374667772634e-05,0.0,1.0,indeterminate
2874,0.15640323508688367,0.42948325201931015,0.0014560631951784937,0.0,0.18979585247109004,underresolved
2875,0.988155202025326,13.113243943174169,0.3462480714533061,0.3448851459211263,0.34672008924040165,underresolved
2876,0.07156793509951984,18.15397220213259,0.0003632197231624756,0.0,1.0,indeterminate
2877,4.117776102727342,22.18356990555048,0.9167060105332292,0.9165649093964299,0.9168858158906769,resolved
2878,1.458503645605193,26.22146078471773,0.560617472909677,0.560324334691332,0.5611770234085133,underresolved
2879,0.08146280798011679,0.033994390371637685,1.8185522406900944e-05,0.0,1.0,indeterminate
2880,7.488586096269821,17.222077515768984,0.9721985099796231,0.9720583768776633,0.9723424037592694,resolved
2881,0.05895876942542799,0.054706975472208756,1.1137262183963959e-05,0.0,1.0,indeterminate
2882,1.4588516753589962,0.1421696647927062,0.07898475736857952,0.07652780225212794,0.11068534338441588,underresolved
2883,18.192922233866092,3.5581195012999274,0.9583552652770818,0.958240376811515,0.958560802746047,resolved
2884,3.150862788320039,5.622798380000774,0.8525489500854052,0.8523930790208956,0.8527747708586707,underresolved
2885,6.674697226314822,10.233164268615024,0.9626661303985531,0.9625032833156316,0.9627952935560127,resolved
2886,7.057410079602042,4.573968205015619,0.9482249619088589,0.948108900827378,0.9484234539789843,resolved
2887,0.24353603589921494,0.1016010041464203,0.00133913124512247,0.0,0.2624697175135494,underresolved
2888,0.882898150216077,31.231419168646553,0.289773706265518,0.28945041280370126,0.29179097597407594,underresolved
2889,5.073698082077621,0.1677414741476671,0.15623844602760248,0.14620033932932355,0.17405036850765387,underresolved
2890,0.9715204396835089,0.1814849103126128,0.060417770659223505,0.05384825741125897,0.07779718628150327,underresolved
2891,0.2958290731144055,10.952096179258119,0.022733533097076316,0.003374807370445489,0.025439785469849104,underresolved
2892,0.04024574377687915,2.4894897170834174,6.0342499115230224e-05,0.0,1.0,indeterminate
2893,9.508594125788896,0.23123816961809915,0.22160656258852435,0.2126976283076959,0.22790531029282723,underresolved
2894,9.46703352700992,0.20871137008650284,0.20093658072555862,0.1870809246977982,0.20603599532692826,underresolved
2895,0.07604166855160233,0.4303086958714915,0.00017230168180885883,0.0,1.0,indeterminate
2896,1.685731313916152,2.7140002481093117,0.5969497704653749,0.5965637153319854,0.5973284143572093,underresolved
2897,1.5737957412510812,4.4459745584647,0.5866143459643092,0.5859890432774806,0.5867726714346355,underresolved
2898,0.8645940294112653,0.20345837651702972,0.05577892920423084,0.049915665577953405,0.07050780073035505,underresolved
2899,0.4601971324628347,9.405688163610572,0.072653160757856,0.06402780333697136,0.07403764020152864,underresolved
2900,0.04468303132379803,1.4962305769197835,7.395053106241608e-05,0.0,1.0,indeterminate
2901,0.22388873516687785,21.233584077804764,0.01041725795956013,0.0004411943456744,0.051937048206623024,underresolved
2902,0.2985303582961885,0.11011071788370116,0.0025619127530368,0.0,0.043299913701600336,underresolved
2903,0.21763112325240516,1.4096580705640012,0.007843380286809287,0.0,0.0398685159552872,underresolved
2904,0.5701476340334775,3.5848883187160783,0.11703964220192699,0.11650372494743871,0.12280826546194139,underresolved
2905,4.705538847461713,22.41136728352643,0.9349581144979974,0.9347953225078952,0.9351031214788599,resolved
2906,0.0912179305874811,0.0534327282572736,3.999731884802798e-05,0.0,1.0,indeterminate
2907,0.5038143755962109,0.037152143291707976,0.0033817273854036853,0.0,0.0786113164370122,underresolved
2908,9.984827760322615,3.4963709730251047,0.9471622766331294,0.9469757321908981,0.9473040499574346,resolved
2909,1.3531750683556316,0.42747390127371687,0.20445568420548407,0.20053530477871195,0.20579962729803605,underresolved
2910,5.411191055741538,1.2446337113533255,0.7412599538436057,0.7411508268955472,0.7419046218079557,underresolved
2911,0.07495492764715127,0.5451502795010431,0.0001998782293011783,0.0,1.0,indeterminate
2912,17.52162754046857,14.489453352673854,0.992772380054282,0.9926670032242131,0.9929394170944489,resolved
2913,0.03462531510861327,0.06725413110200298,2.780607229146337e-06,0.0,1.0,indeterminate
2914,0.23898563371959727,3.669338727322557,0.012116451895851926,0.0,0.027094932818812714,underresolved
2915,1.0257171622303216,24.9384493110738,0.36680697015370767,0.3655165699646176,0.3672089518965282,underresolved
2916,15.013257667965396,28.552512219087674,0.9927731257128956,0.9926652223927923,0.9929363728399037,resolved
2917,0.054945599231950505,0.5186592691558465,7.603001047964404e-05,0.0,1.0,indeterminate
2918,11.069935304416498,0.03455394583272711,0.03411489995862421,0.0,0.13744320040992136,underresolved
2919,0.08607454257331602,0.1342292693897854,8.390447951406183e-05,0.0,1.0,indeterminate
2920,6.776008757940798,0.9913322966840912,0.6816328155483544,0.6810975737174233,0.6821233890718869,underresolved
2921,11.034623806964325,6.1871780524189575,0.9751516527142831,0.975003074026048,0.9752933558456535,resolved
2922,4.343742272151673,0.35983147274988314,0.3133414643277029,0.31083669127501545,0.3171906812838928,underresolved
2923,0.043507198149383315,0.039310159734827925,3.2256773644654767e-06,0.0,1.0,indeterminate
2924,18.240396922292923,0.1733936512822701,0.17007706913937165,0.16111072627619355,0.1871979451874073,underresolved
2925,0.0684145733704295,0.049601228623714064,1.5752979995971788e-05,0.0,1.0,indeterminate
2926,5.2726010006856985,0.807974511057305,0.5960232965035124,0.5955642796945722,0.5970005717499214,underresolved
2927,0.03725273016120045,1.2116652591990855,3.9789575053650234e-05,0.0,1.0,indeterminate
2928,0.7465542775827622,2.302306174526845,0.19637187270587483,0.19385148087075998,0.1973879106085655,underresolved
2929,1.5596640045673305,2.4557428897440423,0.5525250059047772,0.5521134900156092,0.5529852049338814,underresolved
2930,0.04468565267163528,0.7283430506225388,5.237529121142982e-05,0.0,1.0,indeterminate
2931,4.935596489867712,3.7436671674088426,0.9095489964552884,0.9094069187081164,0.909755839737805,resolved
2932,3.9154289821142614,0.1636914634494247,0.14693310496328887,0.13451876069988944,0.16405749446061602,underresolved
2933,0.7238039774023284,8.401786094961313,0.2001598365875426,0.19919700350825795,0.20285831608419583,underresolved
2934,16.689231377669323,30.2291144997232,0.9940948740625175,0.9939746063752679,0.9942449561240416,resolved
2935,0.16970987335088508,10.86946418076837,0.004664378110562812,0.0,0.11072452629948781,underresolved
2936,4.900452868210606,0.46114525905941384,0.3939051352984425,0.39155545843345113,0.3955115814737464,underresolved
2937,0.9620300967030773,0.6023570442759109,0.17194223180302257,0.17010611939900386,0.17413509007746172,underresolved
2938,0.22506685323823675,0.22680887469315403,0.0023415945194096817,0.0,0.017187399006735937,underresolved
2939,3.8447668842616483,2.345739032742227,0.8338677572935784,0.8337055048342937,0.8341544061290042,underresolved
2940,0.36228647410971193,0.052699989309710434,0.0020798207012181526,0.0,0.07517568461558463,underresolved
2941,15.790430690436862,2.671124492638503,0.9309157872668492,0.9306265906700986,0.9309891200681673,resolved
2942,9.972368567745791,8.33343674324231,0.9780872647139559,0.9779666747022883,0.9782510195857587,resolved
2943,0.046990134588923066,1.138719964857089,7.77051161667984e-05,0.0,1.0,indeterminate
2944,2.9407829757156803,0.4855179245713315,0.37064919472093744,0.3680893701994901,0.37175919366396604,underresolved
2945,0.1486183792399677,0.059230095079804514,0.00018783108289674162,0.0,1.0,indeterminate
2946,6.2799836837071625,0.12871040683007254,0.1229514616265201,0.10523111234031245,0.15155392265383108,underresolved
2947,1.141253596378405,2.0735589572823,0.38322278957160116,0.38263890390021543,0.3841487527201678,underresolved
2948,11.762560048885396,0.20872932956956078,0.2021304138702819,0.1913553517481788,0.20999731067555033,underresolved
2949,1.2186157823121133,0.18250754715937276,0.08294116360694477,0.07266521755365116,0.09713531023578696,underresolved
2950,0.7879694318995171,4.998083602175426,0.2324729244359689,0.23065184338953834,0.23369646080441672,underresolved
2951,0.12075976210983477,0.4651357067592553,0.0007267509487764388,0.0,0.5240519572078655,underresolved
2952,9.563731481874655,19.09476310883604,0.9824752051942425,0.9823695343430326,0.9826471642191288,resolved
2953,11.066444833295467,1.8801966869020805,0.8721881761686615,0.8720167522177058,0.8724821978960465,underresolved
2954,2.2981363182740546,0.5099162419806672,0.3502277687305931,0.3485150780094818,0.3519427561039425,underresolved
2955,0.8608725310730588,0.0360524340601467,0.01000536514094087,0.0,0.059041219681769994,underresolved
2956,25.841906434036066,6.08500289655932,0.9845516453190617,0.9843072335438128,0.9845924668510931,resolved
2957,0.1609201881945823,0.8595998309060247,0.0026141744530289754,0.0011017143325179892,0.2242948174711294,underresolved
2958,3.866799624956485,6.744677321115556,0.8976455164375913,0.8974636800071084,0.897804971351483,underresolved
2959,0.38905874586390254,1.638051240478175,0.0406854551347707,0.036007502915513544,0.050921549075784084,underresolved
2960,0.7623595775057481,8.953845458370486,0.22146792247343086,0.2191916816322709,0.22245130614553618,underresolved
2961,3.578309825118017,6.841650926420187,0.8839383070824021,0.8836754426210882,0.8840274523463731,underresolved
2962,12.440825611715395,1.6320091062746418,0.844465241815093,0.8441914232337081,0.8447219684950519,underresolved
2963,0.946854484677252,12.916620387430683,0.3240494741984788,0.3229532004812961,0.32496585252873045,underresolved
2964,0.5504301027813181,0.5305164736473992,0.05254745469934074,0.05067054729498625,0.0603422070662123,underresolved
2965,0.2293049121350212,23.93744538430932,0.01115522437298469,0.0,0.03871056976662502,underresolved
2966,0.45496136697275014,6.979476537789033,0.07030004393179906,0.06501628198928609,0.07533120754248845,underresolved
2967,0.3812148266378656,0.3040287124116654,0.01314720663149643,0.0,0.026676614158292367,underresolved
2968,0.06508890525198431,2.315013247765367,0.0002515452645287234,0.0,1.0,indeterminate
2969,2.276895045343809,4.209877596308345,0.7467570212652604,0.7463349237047893,0.7468366050734505,underresolved
2970,1.9130318574133618,22.193359325243776,0.6953292914243835,0.695021032447596,0.6955893550275759,underresolved
2971,2.9819484087675843,4.11149406593563,0.8281197128593334,0.8280256175835777,0.828437525119475,underresolved
2972,0.745702936101615,0.098993056890943,0.021044557392159994,0.0,0.027969589275595202,underresolved
2973,17.828695893905472,5.000116524039793,0.9759722983057453,0.9757815356368623,0.9760765384543256,resolved
2974,28.05990190754704,7.015891917806109,0.9881112397793081,0.9879670286884533,0.9882477126691835,resolved
2975,2.9921744116452693,1.1870846624771023,0.6524851454967356,0.6521078753420363,0.6529867478384584,underresolved
2976,1.6650212929984,0.9345399348532326,0.43016732932890683,0.42967387000555896,0.43120079316840865,underresolved
2977,0.274145928872221,17.569676533710656,0.01845167861535793,0.014003381461772914,0.04770279648427199,underresolved
2978,1.1836629871515767,20.09686700771826,0.4451877698510998,0.444404683533041,0.44566388063883133,underresolved
2979,0.16199959505046269,13.860891027996137,0.004078858236444922,0.0,0.11650203151098053,underresolved
2980,2.3780240584963783,0.08603609067691996,0.06714381540073677,0.0,0.09762335417918505,underresolved
2981,3.7170015805895,4.766959686819964,0.8813040130057075,0.8811039913150137,0.8814649288635669,underresolved
2982,0.5496142242875195,0.97967348645568,0.07819867377601483,0.07427622664637215,0.08181150654786198,underresolved
2983,29.09699025977021,0.07270432001153682,0.07238464072656108,0.0,0.12408897405633977,underresolved
2984,1.3860884788778942,0.27472959519247236,0.14129498034602528,0.1333098474007555,0.14488529359748709,underresolved
2985,24.743523488487245,2.609351760173141,0.9314930945933059,0.9312896534401753,0.931654757054251,resolved
2986,1.8594877508508552,0.19955376920983742,0.13368878618116345,0.12606126149484626,0.1462270302682688,underresolved
2987,1.5366661383236266,4.134257056065529,0.5722984394011152,0.5720013254256282,0.5728194451540802,underresolved
2988,9.162549072411943,0.22418694195583486,0.21490579734410603,0.203500495121355,0.21983398481587454,underresolved
2989,2.855756255807494,0.051502071158165255,0.043241515535451545,0.0,0.1551811314469642,underresolved
2990,0.1316795615706845,0.08238763647206496,0.00018270453999324636,0.0,1.0,indeterminate
2991,25.782036429894703,0.29609286630542453,0.2832695384088582,0.2818047314734708,0.2909630863328935,underresolved
2992,0.4290788003196975,0.6089209482119697,0.031886007814629184,0.026870955613201304,0.040808098070157825,underresolved
2993,0.09544279422203376,0.4396361320954027,0.00034517896032496334,0.0,1.0,indeterminate
2994,0.06637793602400674,1.0713968036306327,0.00021239851760812578,0.0,1.0,indeterminate
2995,1.1199801638923794,10.754357337202343,0.4132643239644032,0.41236704694346604,0.4137795142658498,underresolved
2996,4.248658404331162,1.0933997985046668,0.6805897467424147,0.6798404279832441,0.6807594402976643,underresolved
2997,9.79367522151141,30.761158986408237,0.9840428516439781,0.9838991215963976,0.9841752606601071,resolved
2998,0.15024559780108818,3.0439571485262498,0.0031160763560004134,0.0,0.05423134017919829,underresolved
2999,2.893649412084127,0.0362005606308623,0.030544733780180095,0.0,0.1714613517268379,underresolved
3000,20.448234892043647,1.1668340209558472,0.7565869235188306,0.7559759348404329,0.756769673097281,underresolved
3001,0.7711751885722661,22.926733083150875,0.227521985241579,0.22561801757307534,0.22878835677409703,underresolved
3002,0.08690804526603299,22.833846419671513,0.0006484283680829151,0.0,1.0,indeterminate
3003,0.04885539813354853,2.592848600877012,0.00010841081225378016,0.0,1.0,indeterminate
3004,2.7760674357864152,0.46723313206780687,0.35251382541344206,0.3513872704758475,0.35532052553466503,underresolved
3005,21.078877057273804,0.03421753214731816,0.03408239284906866,0.0,0.1614286485574694,underresolved
3006,5.157553823035808,23.083626086905376,0.9452616029756608,0.9451982184573324,0.9454989281984936,resolved
3007,0.1372468366835066,28.893802961259187,0.0025124082814569344,0.0,0.12168699299305578,underresolved
3008,18.101518932582298,0.06896045030306307,0.06848331543216742,0.0,0.145172063304283,underresolved
3009,0.06765888074907299,0.23027880489861277,6.902923358535346e-05,0.0,1.0,indeterminate
3010,12.325313559489407,0.03883152084680552,0.03842227008175167,0.0,0.13209047233509624,underresolved
3011,6.474366931942636,0.4768635487168591,0.4154728803452681,0.4134494989377188,0.41714520784700676,underresolved
3012,0.2285138132369596,0.4666949929330649,0.004675443772451407,0.0,0.03444420203790081,underresolved
3013,0.6817572716012441,0.2103455893219796,0.03679231499539193,0.019514160255563788,0.043209674991922326,underresolved
3014,5.091292795072782,1.2158986537338774,0.7297127470190625,0.7292268331424292,0.7300083701214102,underresolved
3015,14.076550992515907,0.11958589902188761,0.11784664653154855,0.09159231232118334,0.14692915510479704,underresolved
3016,2.904837775559942,0.05865054738585929,0.04949557644174834,0.0,0.10387986456733939,underresolved
3017,0.03730121734972402,1.0080434013838089,3.676892160286069e-05,0.0,1.0,indeterminate
3018,1.5282476032917849,13.565053179130166,0.5843255975592815,0.5840909044134932,0.5848817409917131,underresolved
3019,0.7044631884468714,28.897359585963834,0.19089773698125773,0.1905583640927707,0.19443920217472838,underresolved
3020,0.20081019656614826,0.06764943954539071,0.0005150822738500042,0.0,0.8945390473693382,underresolved
3021,14.667268789189624,12.433500019466306,0.9898713258883935,0.9897493508299976,0.9900240387000317,resolved
3022,5.454093298423033,6.060745917983859,0.9389191761312048,0.9387154934299411,0.9390288455655943,resolved
3023,14.736075995040702,27.441153430432497,0.9924731647622828,0.9923250291202925,0.9925963903858761,resolved
3024,0.4795090512687863,5.551380507523211,0.07954926120201813,0.07253887533487854,0.08171268179305871,underresolved
3025,4.87088712245912,25.182999277165692,0.9392113833789711,0.9390348772043932,0.9393396026026932,resolved
3026,1.162964608055103,0.48243403035329124,0.18941329939004906,0.18555197899964437,0.1902049079044901,underresolved
3027,17.719020168179764,11.235025302968383,0.9913222930783478,0.9912120462937808,0.9914864116573342,resolved
3028,0.629290344835795,0.8359155542933818,0.09689897351896631,0.092314620420757,0.09837177455066785,underresolved
3029,0.8293031106058604,2.7960108062899387,0.2449299681097958,0.24330356834475814,0.24607822197102305,underresolved
3030,0.08710901772968216,3.8566200219641438,0.0006326086694017416,0.0,1.0,indeterminate
3031,0.3859949993526229,8.384621488664042,0.046366298573067025,0.04412384544415379,0.05914639312427943,underresolved
3032,7.90232251469703,2.340541521176566,0.8979291030989973,0.8977652859527402,0.8981670605519554,underresolved
3033,1.8649574598875753,0.40820259028784756,0.2586904004842084,0.25687405480884473,0.26212268307519426,underresolved
3034,0.3289873224382078,3.5939459266014455,0.02940345878835754,0.016102119442261677,0.036112268514432874,underresolved
3035,0.09235886641374234,4.870556719942786,0.0007619674428508548,0.0,0.5832538825933022,underresolved
3036,0.366827819849367,2.7280534709436073,0.03835016022704204,0.03159663736304756,0.04825018673836969,underresolved
3037,10.567078447923265,0.32553532148205366,0.30543428494116476,0.30140195044460055,0.3091077576975656,underresolved
3038,3.617790701557273,0.399851713744475,0.33245244631370874,0.3312165803941097,0.3364158299733541,underresolved
3039,0.6584042904495057,0.4141680522326563,0.06363295074234876,0.05953891781889632,0.06854948759442066,underresolved
3040,7.4652759140077,14.635636800293128,0.9714111157510296,0.9712148868862766,0.9714998355367497,resolved
3041,0.10870027761934298,1.1336139794608437,0.0009463553302938513,0.0,0.8591786461361789,underresolved
3042,1.0476180033715268,10.346239223790564,0.37673474384466615,0.37565039223680363,0.3772733532591543,underresolved
3043,0.09233186067213013,0.13131800399391474,0.00010118968967361585,0.0,1.0,indeterminate
3044,0.2412200089149582,1.0627695386606406,0.009390715978490873,0.0,0.016881549287443957,underresolved
3045,0.19056068077675128,0.17962382798028836,0.0011596625662380101,0.0,0.7459069301063025,underresolved
3046,20.150563552164833,0.03187772959612504,0.031744204364273804,0.0,0.1978560094561667,underresolved
3047,0.03658522457459926,0.08369583893619034,4.075997160618127e-06,0.0,1.0,indeterminate
3048,1.711019253338141,8.457740555583888,0.6390890885941218,0.638892871410106,0.6395622847051629,underresolved
3049,17.66801331168108,0.17163356580392283,0.16835047055279442,0.15175801871464964,0.17953212542649147,underresolved
3050,15.117322955650902,0.10145076192522641,0.1002738033966909,0.0,0.10746247067036319,underresolved
3051,8.004564221823856,19.20311812240001,0.9757156948420088,0.9756352220931722,0.9759168570368552,resolved
3052,0.17143531854148655,6.950956375625425,0.0047751001101100435,0.0,0.1192620854328436,underresolved
3053,0.2974428077755949,0.04057978232218093,0.0009395866043112119,0.0,0.4340440625968887,underresolved
3054,2.754066083917885,7.565689748304984,0.8233051559756939,0.8230123776890959,0.8234183248342569,underresolved
3055,3.0058049940546248,0.6287994892022293,0.4547573789404813,0.45373244237330135,0.45602723901705644,underresolved
3056,0.26970334781295136,0.16605411161353895,0.0028924139664487374,0.0,0.08041893752798568,underresolved
3057,23.674544758187206,2.3642446044449277,0.9185438631363975,0.9184416794949612,0.9188287761053229,resolved
3058,2.998603944997985,0.8285475821419305,0.5446638138301264,0.5434399085329294,0.544894561438971,underresolved
3059,6.757427741767632,8.222324375123893,0.9609465329662764,0.9607531585611719,0.9610480453831319,resolved
3060,13.118903855757125,9.690590482203636,0.9861107669297761,0.9859094535016052,0.9861877630735039,resolved
3061,29.181148455528874,0.2817613833602534,0.27072465770453136,0.2678461977601665,0.27798033574100156,underresolved
3062,3.9821254492500757,0.04709003587975856,0.04291508065579647,0.0,0.08394096281563623,underresolved
3063,24.2981570957008,0.1155012611830664,0.1144475660841148,0.05795602117912192,0.1309778918224395,underresolved
3064,0.06524028391346891,6.489456473167439,0.00027269969783082145,0.0,1.0,indeterminate
3065,2.1899186859988666,6.543988026635017,0.744059687457325,0.7439073665313696,0.7444064618125089,underresolved
3066,15.772512510863816,7.468371819125992,0.9852080397971197,0.9850138238142535,0.9852953012203303,resolved
3067,15.280838270587914,2.982490020526441,0.942066998258436,0.9419810251469409,0.9423248515666716,resolved
3068,0.03390048322697964,0.7150396007306451,2.262178260997441e-05,0.0,1.0,indeterminate
3069,8.92966198649312,1.0852255166635263,0.7217730256004165,0.7210766452588544,0.7219661879494383,underresolved
3070,4.319758329122619,0.060076352106325163,0.055451587891062394,0.0,0.07920500726166463,underresolved
3071,1.665074763666808,19.200976363226737,0.6291781699507927,0.6287974414012402,0.629487069308533,underresolved
3072,18.00711367243943,1.1070819172022817,0.7386646145687925,0.7383567902316402,0.7392120801666209,underresolved
3073,0.18019124954328886,4.408116250152649,0.005438619339076281,0.0,0.047341444247891246,underresolved
3074,2.222907625224658,14.15782575138876,0.7565878769926957,0.7563172633935917,0.7567971091926066,underresolved
3075,0.7370035456295878,0.2080613797162019,0.04253783063383791,0.030718129540165402,0.05270253818103774,underresolved
3076,4.696651997872706,24.542037505607656,0.9348828949077426,0.9347239513053843,0.9350316911405281,resolved
3077,1.7471524515016794,0.34170819614223485,0.21138577889157315,0.20835575273758974,0.21570119464786439,underresolved
3078,0.5267449644690096,11.7131663882019,0.10085631475062351,0.09614737956012784,0.10361194707757201,underresolved
3079,4.2130781866048554,0.04411353210775686,0.040592458581525076,0.0,0.061772769610638496,underresolved
3080,0.044960086566724504,13.689871159402541,9.036709811616538e-05,0.0,1.0,indeterminate
3081,22.69712892928797,0.13449958411252344,0.13291209653326946,0.0882098550846357,0.14003736938593114,underresolved
3082,0.5126105459649624,2.7249432571516716,0.08911294936584836,0.08543699807004197,0.0934393276122394,underresolved
3083,0.3813465341190321,0.2714656684588668,0.011851792838402044,0.002315018926417784,0.02898593864639666,underresolved
3084,8.335054002896257,0.08131538955771976,0.07932893257417563,0.0,0.11559954352167469,underresolved
3085,14.65938289710296,0.07261187062009271,0.07191862113543727,0.0,0.08445710560372567,underresolved
3086,0.1357718639529365,25.406512438371497,0.002433289941962305,0.0,0.04710875240832105,underresolved
3087,0.18309339035903416,0.35121027263847493,0.0019357425070856238,0.0,0.22819756707037123,underresolved
3088,27.22669255760098,3.3270397002522096,0.9557419854969414,0.955561704039313,0.9558883746749853,resolved
3089,19.72712387775436,23.442680640128252,0.9952527928758822,0.9951535316846922,0.9954234747645527,resolved
3090,0.19897679244669944,4.342639389962702,0.007242581549045198,0.0005145893443408932,0.08147583012737364,underresolved
3091,5.392634777075606,0.8041220503506747,0.5956642455113617,0.59538054772496,0.5968261250818632,underresolved
3092,7.6510511491332425,30.114796183708762,0.9743752862347815,0.9742182245222406,0.9745001726008369,resolved
3093,0.365689253404491,27.488179993819195,0.04048421555639407,0.033321029111809064,0.049858340310517266,underresolved
3094,0.05932961142400255,0.031680779850272046,6.5781457213036654e-06,0.0,1.0,indeterminate
3095,3.100200153014207,0.03690911378374603,0.03179493462761783,0.0,0.16359559942649715,underresolved
3096,0.22820405235932345,0.8238467249399776,0.007002539313013682,0.0,0.04133682161233109,underresolved
3097,22.27993074142159,9.642861416750803,0.9916676471490614,0.9914861599902244,0.9917613735557275,resolved
3098,0.425375987932807,18.81754005025594,0.059891084854117864,0.05493507327857333,0.06688734888919685,underresolved
3099,0.039045773142279444,0.0920022838776809,5.441241284551698e-06,0.0,1.0,indeterminate
3100,0.2941984381102994,0.07746989002776546,0.001736514803222425,0.0,0.07900529011235634,underresolved
3101,3.710369293919383,0.1029202190087512,0.09215792663702373,0.040489099741140934,0.12482222137980492,underresolved
3102,0.2002284992427402,0.03912233908940553,0.00029584422548413486,0.0,1.0,indeterminate
3103,0.04941081421213758,1.4544228758708484,9.904101463965153e-05,0.0,1.0,indeterminate
3104,1.1718214480803428,0.2976594954956765,0.12556761029471858,0.12427177197474956,0.1342563637222869,underresolved
3105,0.059913782902082866,0.15590454718608307,3.295261101055874e-05,0.0,1.0,indeterminate
3106,21.123392307316422,6.673324799157764,0.9856427257247805,0.9854592981541966,0.9857421936653507,resolved
3107,0.2856685997609657,0.05774328363876146,0.0011947091944014623,0.0,0.3907971441463913,underresolved
3108,3.0815978117724048,0.4542503683535953,0.3559071722847278,0.35286757766006993,0.3570098427440205,underresolved
3109,0.9042767187432673,0.3803963028853768,0.10727661391935232,0.1025101850888857,0.11013702212827761,underresolved
3110,0.0391036794472927,1.7261889018929286,5.16201346452537e-05,0.0,1.0,indeterminate
3111,0.04510007487419768,2.689837753471197,8.572280723933449e-05,0.0,1.0,indeterminate
3112,0.6184304736550528,1.9923829969190125,0.1300493232696992,0.1269557561380582,0.13233802973736572,underresolved
3113,0.7508236587631215,0.4305329244854349,0.08559533926470497,0.0794215824084482,0.08699295436464381,underresolved
3114,2.3434445999705793,0.031796897168875994,0.024727969034403732,0.0,0.16264694140394165,underresolved
3115,0.9871922887023326,6.62690718681588,0.34285805494904664,0.34262425644674144,0.3444722417621074,underresolved
3116,0.279758673309398,0.22816764067880618,0.004350069219861698,0.0,0.023628396542933812,underresolved
3117,3.604862851720864,0.0462376244077074,0.041327293694433685,0.0,0.1624116274884308,underresolved
3118,1.0307233215315093,1.6174651202551196,0.31446986672639216,0.3136011503204321,0.3155363477899537,underresolved
3119,0.805721044633748,5.023384538956778,0.2422202368767902,0.24113919396073646,0.24403313480918404,underresolved
3120,0.03474009694657369,10.243641510441819,4.165313913767751e-05,0.0,1.0,indeterminate
3121,0.3799866395240649,0.2856357080112563,0.012309080284033613,0.0005316405331116715,0.019035764533460665,underresolved
3122,6.521914264407587,0.6804996960789069,0.5433202404303704,0.54255747376985,0.5444740228777682,underresolved
3123,0.2816239497038082,0.4911222643093584,0.00878125861483496,0.0,0.018343220773658707,underresolved
3124,12.915634030174191,0.3063858185885663,0.2903299266961507,0.28660162308088083,0.29524825699175455,underresolved
3125,0.038333017864029595,24.297793281274572,5.6155849202114634e-05,0.0,1.0,indeterminate
3126,0.04848544487478044,12.294990706147574,0.00011320686752182502,0.0,1.0,indeterminate
3127,0.08121092699171242,5.525523157111924,0.0005218706169018589,0.0,1.0,indeterminate
3128,0.03299279473945698,16.969330976300334,3.579281075379915e-05,0.0,1.0,indeterminate
3129,0.18930598025873582,0.07510985235740537,0.00048198258081876244,0.0,0.5694949486842382,underresolved
3130,1.882457879665113,0.050094638158553695,0.03446004445472236,0.0,0.11348881504236583,underresolved
3131,0.40786399244903204,0.12301642108493337,0.006576618778912836,0.0,0.05151098013710814,underresolved
3132,0.7325847656929861,6.885275069280119,0.20425159595611533,0.20203505662725252,0.20560614026770385,underresolved
3133,0.11076380954065611,2.1734269536163784,0.0012121417041413968,0.0,0.9594020290846942,indeterminate
3134,7.8397204789919686,0.07088021789286196,0.06901172721093939,0.0,0.11839982713141428,underresolved
3135,5.814566468077337,0.7067572307105264,0.5524684185745957,0.5519146295250209,0.553712729653376,underresolved
3136,0.08311573305937135,0.33266629853930046,0.00017938320700714355,0.0,1.0,indeterminate
3137,0.04467322297218387,10.295354699496842,8.847162587936847e-05,0.0,1.0,indeterminate
3138,4.902832853663841,0.1336501813126876,0.12461571603018708,0.11540856535704608,0.15652379076297815,underresolved
3139,5.627309903357443,0.9169597468844376,0.6450471206644148,0.6439711851913905,0.6451394299507284,underresolved
3140,0.48713197042337464,0.05757457791159643,0.004827705987468435,0.0,0.0831345016133115,underresolved
3141,0.04146986849784432,0.1701835532100486,1.1934286113505737e-05,0.0,1.0,indeterminate
3142,0.061329665671762894,9.043828579931528,0.00022799603370906194,0.0,1.0,indeterminate
3143,1.5919092749777854,0.10357954991711751,0.06255752433013768,0.0,0.09388586003679525,underresolved
3144,3.184442072744695,21.743411583775675,0.8675094211288377,0.8673301205714826,0.867690683582033,underresolved
3145,1.2609654768889875,0.04375576448243038,0.02102671067347337,0.0,0.10037103793350509,underresolved
3146,8.702093776846501,0.1879093789051686,0.18107854855477223,0.17210304507400373,0.19459759466182083,underresolved
3147,1.769241437600884,0.31813976441418823,0.20002514061634807,0.19446786342773964,0.20293804114891664,underresolved
3148,0.03427649040537358,0.03190903676501395,1.2820850578340764e-06,0.0,1.0,indeterminate
3149,0.41900955347437896,0.1620288469019738,0.009231337564400645,0.0,0.04540118306061028,underresolved
3150,7.194579553261225,0.03451657935880374,0.03351999060882733,0.0,0.1662466394966561,underresolved
3151,21.97748383159471,5.697968025868759,0.9818956534798884,0.9817824494021139,0.9820705676832725,resolved
3152,1.9528993023080894,6.911271389599258,0.6979208996606795,0.697588881452238,0.6981546804912463,underresolved
3153,1.753422759821366,12.228207998859743,0.6532846309709897,0.6530957631258903,0.6537376262487422,underresolved
3154,2.210630213660938,0.05603945942197218,0.04231876101286368,0.0,0.12570851702709437,underresolved
3155,0.3409957325460669,0.058944973115755195,0.0019782529983296527,0.0,0.07554080412894078,underresolved
3156,1.4734287896938212,0.08184082644324554,0.04620777674888667,0.0,0.08261930344316387,underresolved
3157,0.17115591391396415,7.714160073846278,0.00476154224976014,0.0,0.12981348856096286,underresolved
3158,21.783309287140057,0.17929800407582694,0.1759272420191947,0.15737891724913428,0.18325812856990256,underresolved
3159,21.913407257415667,0.37933920322896975,0.3535727869495966,0.351334758594211,0.3570319859459974,underresolved
3160,0.8479416153187626,3.283757342184386,0.25877607246384815,0.2573196280324594,0.25994107265372485,underresolved
3161,0.0950697346211389,0.08412154447251519,7.10626532623567e-05,0.0,1.0,indeterminate
3162,3.0312787253309623,0.539364269136082,0.4065707697484337,0.4040969133355805,0.4071184677387415,underresolved
3163,0.3626736551542438,0.06955396904312208,0.002749929811040115,0.0,0.03238848849469843,underresolved
3164,0.2497625449694355,13.567844375897401,0.014190081409905771,0.009963370484032556,0.052999782117383945,underresolved
3165,0.05412104579099715,0.8473152453121204,0.00010203139599931583,0.0,1.0,indeterminate
3166,0.13774921518677924,0.20792574255582608,0.0005172967900218259,0.0,0.9814241620590254,indeterminate
3167,0.09881311421457294,0.0960243373706802,9.088708301261467e-05,0.0,1.0,indeterminate
3168,0.1930423830694782,0.10978355148811947,0.000743120031146122,0.0,0.19299809775687168,underresolved
3169,0.3777933597822138,5.259791980399102,0.043364888661915235,0.03858169179944304,0.054189731202614076,underresolved
3170,7.8566345594756495,0.4100164646290025,0.3703306904483895,0.36708941526014166,0.37202617542702665,underresolved
3171,11.996530376914942,22.941526229713016,0.988728256046029,0.9886694920404708,0.9889431694667165,resolved
3172,3.2879695547451586,0.057326188160667466,0.05011965988969364,0.0,0.09974423686904743,underresolved
3173,0.8929898074226744,0.1037709094533044,0.030500786105235878,0.0,0.059132985330519305,underresolved
3174,0.049558720057698714,0.1571313955436067,1.8824735459476314e-05,0.0,1.0,indeterminate
3175,0.9268572394829886,3.622757325126303,0.30279702123514746,0.30214084341325087,0.304292894626984,underresolved
3176,0.8028263718639225,5.693637669539898,0.24166007191983413,0.24058072285036536,0.24349282399544814,underresolved
3177,0.141078563407348,3.965726573724628,0.00264337381481058,0.0,0.13025142191193598,underresolved
3178,11.31451051505431,8.325718516481645,0.9813430328279945,0.98122768020347,0.9815101262480499,resolved
3179,0.08949046696117481,0.20789570276651423,0.00014414229534348964,0.0,1.0,indeterminate
3180,0.07802504844726234,4.340979197460245,0.0004586910262949625,0.0,1.0,indeterminate
3181,0.3333603028047003,0.0910527821685063,0.0028681061944692034,0.0,0.0362747239667162,underresolved
3182,25.72150072383276,1.1420936723843877,0.7506560000121406,0.7503316241016286,0.7511484500934779,underresolved
3183,8.662726374091195,15.297641277665766,0.978251374116142,0.9781449065649689,0.9784255615450246,resolved
3184,0.10400494597475493,3.0553395817488984,0.0010520958302312688,0.0,0.45998179821224944,underresolved
3185,22.7093503822355,4.41490646071994,0.9724644669290816,0.9722846121096514,0.9725859345455871,resolved
3186,0.050217322938768336,0.11942891094974946,1.4960774272220758e-05,0.0,1.0,indeterminate
3187,14.704556246946,0.2207354801790674,0.21406006168218308,0.20349471000093275,0.2202483398033745,underresolved
3188,20.834813871492138,8.280347462491175,0.989365642024805,0.9891853015564047,0.9894631884086879,resolved
3189,0.12156111365890551,14.676413254006517,0.0017531627245042944,0.0,0.03355374045328847,underresolved
3190,0.7319274789107489,11.452845224190737,0.2052521902376825,0.20469679674317057,0.20826232903130149,underresolved
3191,5.71386176810259,4.890165501206692,0.9363762670689705,0.9363464951243622,0.9366665098371764,resolved
3192,0.8245352747096246,0.038317882323211885,0.009858290332803684,0.0,0.049526696304165105,underresolved
3193,0.5661277413360555,0.0371715126160758,0.0044416650030252025,0.0,0.0864703071935418,underresolved
3194,7.045996963821996,0.5248504100227361,0.4510341780294491,0.4488107614979935,0.4518977085618167,underresolved
3195,3.7646244365151897,0.0761797609927162,0.06857514478884641,0.0,0.1178762812594649,underresolved
3196,0.0694202963977516,19.41958473695947,0.00033170535011974093,0.0,1.0,indeterminate
3197,0.04318387942233829,0.29130110614228094,2.245987189447245e-05,0.0,1.0,indeterminate
3198,0.12410412985446993,1.6833051429807744,0.0016060756008448326,0.0,0.18253715261595452,underresolved
3199,1.815794300275339,0.7721376501217041,0.4107588648196661,0.4102168064667958,0.41207500735211605,underresolved
3200,5.6143642572233095,12.440921192642632,0.951164730413231,0.950884170103989,0.9511825439874222,resolved
3201,0.31101469679173116,2.973506402531774,0.02482709998450637,0.009992163670961816,0.0319600499895872,underresolved
3202,0.32884738812616043,0.9882530379638078,0.021428649875108154,0.00920810179310513,0.029969343011871083,underresolved
3203,0.582970094896533,0.13112999467727565,0.016609343631298155,0.0,0.03480933732740351,underresolved
3204,2.7580792491829875,0.08620468486415701,0.0713617663558705,0.020972953839959715,0.12554313977132076,underresolved
3205,9.847239848254597,1.204501603555653,0.7576482309261772,0.7572346681010181,0.7580009094578133,underresolved
3206,0.402255229538343,0.13739570938428078,0.007074813703193485,0.0,0.04650270009168689,underresolved
3207,0.03250559427622964,18.538563032122973,3.4241710945284265e-05,0.0,1.0,indeterminate
3208,1.3159716779289465,3.023697854032745,0.47921594208538476,0.47901293423113656,0.48010872294506485,underresolved
3209,7.760132167574042,0.11031779341425295,0.10697687566869897,0.04552110098883685,0.12719491195875082,underresolved
3210,0.11850988862077455,13.213615349279136,0.001625316896350769,0.0,0.2093477711191153,underresolved
3211,19.041618835379964,0.04974712673082737,0.04948084185893335,0.0,0.10392036862596594,underresolved
3212,3.601729392448304,2.625972945942754,0.8360229005499344,0.835775253082643,0.8362083173286715,underresolved
3213,0.6305894356450319,3.0001285189565694,0.1439689342087777,0.1426245922843666,0.14767810205425339,underresolved
3214,1.8673404528574926,19.5117150710158,0.6841834041147191,0.6838741990484495,0.6844608114733705,underresolved
3215,4.478314005628056,1.2824065142619985,0.7330777867321173,0.7324963875782156,0.7332374085681225,underresolved
3216,0.5524830713822733,0.052864175233190695,0.005970051161669244,0.0,0.040682711215771314,underresolved
3217,0.03420115883215838,15.692243765307428,3.985482097970365e-05,0.0,1.0,indeterminate
3218,0.580993153235962,1.3303273186709215,0.10134051744263567,0.09973106374951472,0.10612926521489678,underresolved
3219,0.5093047771180087,0.04537125511940349,0.00423668749893215,0.0,0.08218268578165569,underresolved
3220,3.6790910564447037,18.419906142518595,0.8972802988094717,0.8972466891052876,0.8975826368492116,underresolved
3221,5.23902802862853,1.6548530129970718,0.8111411925186732,0.8109144889713606,0.8114639883879037,underresolved
3222,4.275346139348045,0.07042558463899948,0.06485705888145707,0.0,0.11410576651647363,underresolved
3223,3.605137644084788,0.031884093299729126,0.02851449795216071,0.0,0.13454453080584236,underresolved
3224,0.8190204283269158,7.98224019556849,0.2524167025676862,0.2515339367615926,0.25431014972888116,underresolved
3225,1.6102364347902054,3.1156322622239996,0.5837369880487853,0.5833720206468095,0.5841636172119935,underresolved
3226,16.987282064037093,21.183173750101965,0.9937176927793419,0.9935747943395989,0.9938457881614955,resolved
3227,23.135590547665483,0.6060996652488648,0.5168769732166045,0.515309664745159,0.5176564389208766,underresolved
3228,9.359979712679594,5.201721898981173,0.965441171473444,0.9652841242273588,0.9655841537846891,resolved
3229,0.10814447833843559,0.10666682672946942,0.00013182906208461696,0.0,1.0,indeterminate
3230,1.9275071166070044,0.16838500350076568,0.11613374318259373,0.1108288304445924,0.13755496625997735,underresolved
3231,0.49390966579418205,0.5199890640035706,0.04006506011969409,0.033135966451872285,0.044447387019271145,underresolved
3232,2.9402653328511636,8.067088092298077,0.8421395224552255,0.8418171193941834,0.8422041882574147,underresolved
3233,24.654014066770348,3.6737806901242673,0.9625167503281805,0.9622947232895159,0.9626108405087179,resolved
3234,4.544806297479221,1.2487141815503495,0.7271172390335445,0.7266092178588243,0.7273737889431187,underresolved
3235,6.005204838552462,16.509024987128264,0.9580460838508718,0.9579438915680082,0.9582368199504709,resolved
3236,10.648518920551012,0.12287062538298965,0.12035782938027796,0.06948672751307199,0.13280400548438276,underresolved
3237,7.307503069095144,0.03257908198245641,0.03166809448053766,0.0,0.1538512173753122,underresolved
3238,0.18245164897576066,5.431137825617888,0.005686844398234178,0.0,0.08559772610419471,underresolved
3239,0.5191619969190566,11.016699048767956,0.0974232949241374,0.09192637749522552,0.09963488584573235,underresolved
3240,8.791613332875247,22.05691940975153,0.9798958221903087,0.9798271136194087,0.9801060168070684,resolved
3241,24.663985167621938,0.7725266100951012,0.6098436742316338,0.6089237276510591,0.6104439548274921,underresolved
3242,0.879992850569119,0.10025103515246085,0.028759552814842968,0.0,0.06052727429297956,underresolved
3243,3.8261152612684444,0.11000140919652293,0.09902402298117874,0.06363615859564214,0.13112067343109357,underresolved
3244,0.043695756298717824,5.21955057814392,8.170476961778678e-05,0.0,1.0,indeterminate
3245,1.7631090324083165,7.962102319406045,0.6529884967707875,0.6528078238553247,0.6534505008807595,underresolved
3246,0.15092776333932273,2.4643583384341,0.0030798864770098834,0.0,0.03416203177091379,underresolved
3247,20.32163408473377,1.952670896320626,0.8868476409141105,0.8866458305763297,0.8870917832419607,underresolved
3248,7.331721877654714,1.35051700423687,0.7817504305804255,0.7813622087916805,0.7820301548446612,underresolved
3249,7.080639188297033,14.341110904298061,0.9684584537555612,0.9683563336282784,0.9686431284745362,resolved
3250,6.576344305110256,0.3493874921752807,0.31871737691914215,0.3140168657219667,0.3207675272259642,underresolved
3251,0.04577113339825218,1.157238997819571,7.232706592828882e-05,0.0,1.0,indeterminate
3252,0.035603370864591234,0.054707488591707355,2.460627973449995e-06,0.0,1.0,indeterminate
3253,7.89384199792154,2.0871592444675446,0.8805508401959938,0.8803098389074917,0.8807444560798176,underresolved
3254,0.04319437698433637,1.05705026522431,5.838027258045557e-05,0.0,1.0,indeterminate
3255,0.09193803584040908,0.03758662982532191,2.8822341176272085e-05,0.0,1.0,indeterminate
3256,0.05648350789308138,0.20196989048922462,3.550541805771984e-05,0.0,1.0,indeterminate
3257,0.052229499425731823,0.7578715148172651,8.570678726932796e-05,0.0,1.0,indeterminate
3258,0.040566337335370316,2.405050347177769,6.148921446147007e-05,0.0,1.0,indeterminate
3259,0.04754178466825282,2.266925350409333,9.79818990922642e-05,0.0,1.0,indeterminate
3260,0.251355136350396,21.834896141608198,0.014470997730602519,0.009382228351899611,0.051205545018271584,underresolved
3261,0.12890878147233445,0.5755652335497455,0.0010424896785168418,0.0,0.1925157646250542,underresolved
3262,31.38660411189392,10.478194032545222,0.9939629811519172,0.9937938270752699,0.9940671216691986,resolved
3263,28.87166816334686,0.35282735049163505,0.3321268299795609,0.3281207806213177,0.33471419600917723,underresolved
3264,0.09469733573340788,0.2513693125317549,0.00020427018613284763,0.0,1.0,indeterminate
3265,8.691703179168057,4.627233086128058,0.9583439685764665,0.9583253642789341,0.958633224591079,resolved
3266,0.1586101873993667,0.11760666118357015,0.00044901061494969974,0.0,1.0,indeterminate
3267,13.46631882939473,0.6974278963563499,0.5673462173955532,0.5664682348471196,0.5682894676535044,underresolved
3268,0.10635918896334778,0.11080677500678583,0.00013029072996344733,0.0,1.0,indeterminate
3269,0.13962168966607125,0.43448132114582405,0.0010536660255294477,0.0,0.1213553249940336,underresolved
3270,5.3193225787639,0.20679574380747445,0.19223077940679903,0.18328421919316498,0.20210376413434875,underresolved
3271,3.762437640180457,11.486966245668036,0.8992786359524227,0.8990475257129634,0.8993833120478235,underresolved
3272,6.0597328050384505,0.821848494485762,0.6098522516800676,0.6090835723960781,0.6104727575238783,underresolved
3273,1.261955601163622,6.54306336027381,0.4759181142891003,0.4756360397479872,0.4767596159781739,underresolved
3274,20.380640054753933,0.5880587905905533,0.5050820214786669,0.5043806561697083,0.5068556750897812,underresolved
3275,18.230838824928323,21.208924264579952,0.9943990629762209,0.9942513981241179,0.9945220137054239,resolved
3276,0.043374476986335814,3.911292562473343,7.883674263463077e-05,0.0,1.0,indeterminate
3277,0.03966371066835203,4.2258238197497455,6.05793071906847e-05,0.0,1.0,indeterminate
3278,2.318866164927694,0.13140365207211327,0.1008737274716778,0.08445544426410549,0.12857747803219222,underresolved
3279,0.4610175128556346,0.06532044046712547,0.004783373046203938,0.0,0.09775068663988783,underresolved
3280,3.3761201329526322,7.62495468180095,0.8740036435515268,0.8738057288412001,0.8741647576152921,underresolved
3281,7.810280652724716,0.14721698605924544,0.14213770520033375,0.13353869605982352,0.16837316967102714,underresolved
3282,24.24759623188726,0.19878294104772717,0.19447185118722432,0.18087928831166789,0.20163244039344924,underresolved
3283,4.891089246871359,0.057109967394066014,0.0536200906513163,0.0,0.11531358544153901,underresolved
3284,11.605044422841695,0.3325210265533219,0.3120519511666074,0.3086907367123419,0.31606420378939704,underresolved
3285,0.22936603310313974,14.565801259438468,0.011147198630707731,0.0,0.017449474277353803,underresolved
3286,7.492998726690219,0.11528650455741538,0.1115348695162286,0.09046608106338704,0.14706120193246872,underresolved
3287,12.119918857972975,25.7311675178402,0.9891279689502692,0.9890022157458984,0.9892755497471779,resolved
3288,1.990774387840897,0.46670666022724483,0.30177208644174236,0.29847478089016855,0.3025938276876354,underresolved
3289,6.70187744161394,3.3870517772146442,0.9279123901635912,0.9276606070140923,0.9280031513948915,resolved
3290,2.8977275655435375,3.649783641769126,0.8146716369870153,0.8144418549146998,0.814871438536768,underresolved
3291,0.056560487639471614,0.1009228251297074,1.8082046997755545e-05,0.0,1.0,indeterminate
3292,29.74833551581548,11.010892445984885,0.9942156210604185,0.9941512437492512,0.9944240498633284,resolved
3293,10.890613739992997,0.5976787521969792,0.506609376893997,0.5052836175041114,0.5076959051038479,underresolved
3294,0.23345150067598244,0.07003068817470287,0.0008208171490936149,0.0,0.9311833890593353,indeterminate
3295,5.973926434746467,3.7145209083892508,0.9264102711320169,0.9262026461053521,0.9265405381350286,resolved
3296,1.0750246130410068,0.8059171693091682,0.24631640339055325,0.24576433482058133,0.2484387203597966,underresolved
3297,9.853517315811988,2.330333823635636,0.90494468915564,0.9045843885569487,0.9049825150495214,resolved
3298,1.8647842316117023,12.273909632294716,0.6821931095956911,0.6818599389467835,0.6824502093243381,underresolved
3299,0.06675444647426004,0.1757787662257456,5.115671475235857e-05,0.0,1.0,indeterminate
3300,0.2993460854234039,0.06276829499249188,0.001477412472104854,0.0,0.20450837452738574,underresolved
3301,6.131984766615295,0.078527824149937,0.07526446473543145,0.03964873696509005,0.1450196714449187,underresolved
3302,0.03252326573882258,2.1635005837533945,3.117801749505361e-05,0.0,1.0,indeterminate
3303,2.8778140100027545,0.4232706755298721,0.3285270098804922,0.32451390643862543,0.32927148325347083,underresolved
3304,0.9717770274906175,1.37968167503732,0.2740655139839007,0.2731757214890117,0.2754415076882146,underresolved
3305,0.1404300929443477,0.2878326531241185,0.0007439009922861456,0.0,0.644247046936551,underresolved
3306,5.450457928635158,0.10596747438886694,0.10027213565763676,0.027218700299540335,0.12286536291194232,underresolved
3307,15.37458802528836,1.1965905044583256,0.7624808326001988,0.7621498518246128,0.7629174087998127,underresolved
3308,6.679558376913202,26.945813268769598,0.9666326136147959,0.9664532873829583,0.9667400610986113,resolved
3309,0.053126018311192784,2.7369541611975583,0.0001402413161758431,0.0,1.0,indeterminate
3310,8.614878055186177,9.178590190424453,0.9743581782271582,0.9741888624057009,0.9744745063191779,resolved
3311,6.294594249813944,11.61334872614449,0.9597508237256378,0.9595375029463828,0.9598306469596074,resolved
3312,0.16936214324711374,0.03650378027486023,0.00016985370304575513,0.0,1.0,indeterminate
3313,0.9682066117081419,25.251140142769692,0.3362999575677381,0.33602159497678685,0.337934619980884,underresolved
3314,0.54872330469223,10.102710648931515,0.1107843417219159,0.10928202711577673,0.11609453999660002,underresolved
3315,0.32791288224325704,2.1020261129441886,0.027317569134058712,0.02402696431178001,0.04601224582603467,underresolved
3316,1.2847225054853666,0.16397192406339053,0.07951362686259428,0.06939785775099509,0.09876996040415273,underresolved
3317,0.3144160153394233,0.8866328091081718,0.01790155308527197,0.0062670184523603446,0.02878171051440357,underresolved
3318,0.1531822941031404,0.23186368540983565,0.0007841119167142834,0.0,0.4931318848623275,underresolved
3319,0.1074196203366503,4.331969026543294,0.001187143837435289,0.0,0.17434173359374414,underresolved
3320,0.05514129530680088,0.036585090381330086,6.101924490156804e-06,0.0,1.0,indeterminate
3321,0.36579593980607056,0.273882688829014,0.010709423990752786,0.0,0.018090148050619353,underresolved
3322,0.2130505376425041,7.962321257674187,0.008977009376249165,0.0,0.04632915354702316,underresolved
3323,5.600974911530371,21.95171370649478,0.9530334825039773,0.9528669864346866,0.9531626707822779,resolved
3324,0.03264211706460615,0.45110669599499514,1.4279004466168868e-05,0.0,1.0,indeterminate
3325,2.2612647983287855,0.2324404660940296,0.1731905850127403,0.1700477732404621,0.18481641085863273,underresolved
3326,8.063163591373543,7.6174074025848295,0.9690494052190743,0.9689197353619725,0.9692104791414966,resolved
3327,21.697864912053507,20.994617387250205,0.9956935108645479,0.995502936834952,0.9957728335076941,resolved
3328,31.238866304000947,10.692526658074856,0.9941267219229335,0.9939307026256671,0.9942037887363234,resolved
3329,9.574641068022899,0.12275572100448966,0.11987437513005535,0.0811331043425116,0.13911273716634945,underresolved
3330,0.18202078063207325,15.646528651481956,0.005731183179603632,0.0,0.04880175074874537,underresolved
3331,2.5065143469234554,14.89626643879042,0.7994719722842678,0.7992636198011792,0.7996919365568328,underresolved
3332,0.03205406363023163,3.510262321353051,3.1625405719690127e-05,0.0,1.0,indeterminate
3333,0.30264263777164,0.16067371884647674,0.0038557564032570216,0.0,0.05537064374835416,underresolved
3334,0.08150075547807722,1.6160589467994608,0.0004558024666046112,0.0,1.0,indeterminate
3335,11.892921222271285,1.1733099802157057,0.7530781524397383,0.7525855188675821,0.753377157288183,underresolved
3336,0.42850916700298297,2.101394454614974,0.05517416529763542,0.054304688325844744,0.06634983180258307,underresolved
3337,2.7612325589766242,0.03820442125524784,0.03173307349090892,0.0,0.17036415589926165,underresolved
3338,0.06829638508752404,1.6976617475793307,0.0002725724337864914,0.0,0.9746610592554183,indeterminate
3339,1.8657985904195031,22.291482480163243,0.6840149571485346,0.6836828793370665,0.6842698608400952,underresolved
3340,14.817145294436276,15.856846709773663,0.9912373002253239,0.990998396029196,0.9912714542372063,resolved
3341,16.494122993666014,0.2522406613126662,0.24323755753795534,0.23506838166353178,0.24787927232379867,underresolved
3342,26.299013194636142,0.25892536327929305,0.25011662806887525,0.2448417741607902,0.25688576020890536,underresolved
3343,0.7233641410300812,0.04079661843386158,0.008206817447840546,0.0,0.07109143000931233,underresolved
3344,0.03623045919701249,13.392947226678997,4.733253034839356e-05,0.0,1.0,indeterminate
3345,0.03357243179732058,0.1725328354509777,6.422686458927515e-06,0.0,1.0,indeterminate
3346,0.04140151806730722,0.06281611875471889,4.437609445933643e-06,0.0,1.0,indeterminate
3347,15.085466070231021,0.23109617198100957,0.2236859266387776,0.22006021529829484,0.234917140896772,underresolved
3348,2.238000549885815,0.689351241082401,0.4319464843551896,0.4310313917520441,0.4330923309838784,underresolved
3349,14.822987543144999,1.9622406462077553,0.8849238059482502,0.8846400463110755,0.8850860450927709,underresolved
3350,3.403639156786091,7.8890583198736515,0.876197201915931,0.876076809572029,0.8764336317809966,underresolved
3351,0.046664411097951615,1.1628599261694947,7.679388607272212e-05,0.0,1.0,indeterminate
3352,0.4106474453488389,1.5781417773370374,0.04630110219785264,0.0439046214407551,0.05720896274634254,underresolved
3353,14.635661328832686,0.3509209856452623,0.32881919226741707,0.3243331187963649,0.33100622286830284,underresolved
3354,0.15301263741500457,12.834815770643054,0.0034497799782433982,0.0,0.010465630657913134,underresolved
3355,0.14111534740814013,8.122169572894194,0.0027077638493346215,0.0,0.11432320105200966,underresolved
3356,3.0109611730201866,7.163672960257742,0.8465384508774064,0.8464009048344531,0.8467848323805393,underresolved
3357,2.9339623817062126,8.015140546589468,0.841493720705529,0.8412100132568433,0.8415977153666565,underresolved
3358,0.6771117685698188,7.156057601877239,0.17455435451190351,0.17129800539533382,0.17556164551307057,underresolved
3359,11.801200153376842,0.8783829632345672,0.652898237156726,0.6521060701571532,0.6533347332540188,underresolved
3360,4.14451165596815,6.704775511905718,0.9085736272567112,0.908331903064923,0.9086650152083757,resolved
3361,2.244459280753734,0.5912031636758175,0.38786970283225153,0.3861485540532414,0.3888097256062198,underresolved
3362,0.050140950610728395,1.2302900243327126,9.745411790492177e-05,0.0,1.0,indeterminate
3363,1.0214908328381955,0.053814593896564254,0.019607922319568184,0.0,0.08881271457641714,underresolved
3364,7.313097344954212,0.044153177276617404,0.042901334811763704,0.0,0.09360247197446515,underresolved
3365,0.2869872063414449,0.06817968464069979,0.0014278314267942376,0.0,0.06077375594624917,underresolved
3366,10.693991272908379,12.915659890004868,0.984080386683567,0.9839291504630064,0.9842069876638969,resolved
3367,2.1838295544164854,3.3521419209461074,0.7202450761362132,0.7200333667447829,0.7205768929761843,underresolved
3368,0.7722108808853859,7.386163597054305,0.22624957791091097,0.2251515834465881,0.22831920655763552,underresolved
3369,0.0341742696450822,0.16239620182651257,6.386467722040992e-06,0.0,1.0,indeterminate
3370,4.020930580080728,13.562454814012751,0.9114383206698383,0.911272586637343,0.9115984308585698,resolved
3371,12.408115164119295,0.06488266034316349,0.06412079641936011,0.0,0.10176596931671036,underresolved
3372,12.986717592874607,0.33096255085084947,0.31142749140715614,0.3069587324983784,0.31442825583687134,underresolved
3373,1.3217899662704102,22.020068821077757,0.506665656046614,0.5061855791222126,0.5072032474535054,underresolved
3374,0.07290123271327438,2.2242950902532663,0.00035057200330420034,0.0,1.0,indeterminate
3375,3.473067835115863,2.030205337148295,0.7960617600450236,0.7957819992758549,0.7962886816203614,underresolved
3376,0.2578913624892633,0.037100518069647676,0.0005773584533630054,0.0,0.7262181316416445,underresolved
3377,0.20083177295047008,0.04943033212572316,0.0003768791057025817,0.0,1.0,indeterminate
3378,4.805768276956195,0.19801164366015295,0.18227470030101162,0.1783681298520739,0.19825553452158085,underresolved
3379,0.10972977111973145,0.04890863986590603,6.339328828699862e-05,0.0,1.0,indeterminate
3380,0.09561236821824841,0.6753545383309952,0.0004825581369909191,0.0,1.0,indeterminate
3381,0.10803436879457168,1.5617813016136461,0.0010435675530123959,0.0,0.2851558625830761,underresolved
3382,1.2973402704517163,6.003156985750459,0.4900777261559528,0.48962902770247774,0.49069883541257936,underresolved
3383,0.06856170074507613,0.8723803560412049,0.0002103827023424007,0.0,1.0,indeterminate
3384,4.221689087146624,0.10195525901676551,0.09345474345279972,0.07307536603301917,0.14041702207703752,underresolved
3385,5.276207393937966,0.46014955521317713,0.39646453773463264,0.39389531422089574,0.3978679168377265,underresolved
3386,3.0241936579091013,8.946251258267084,0.8505628391652446,0.8503793354607775,0.8507577839051215,underresolved
3387,0.4467044781665738,0.06577302195349553,0.004452937344435169,0.0,0.09060262569927711,underresolved
3388,25.430347078473428,1.591926956558632,0.8448295460791941,0.8446019141620145,0.8451422184724339,underresolved
3389,0.10963522908196484,0.1362930985528305,0.00017480103655367326,0.0,1.0,indeterminate
3390,0.529575361592161,0.09548542478317036,0.009743288630020898,0.0,0.03905390786622468,underresolved
3391,1.340875468833496,0.4657051790418605,0.21746684923448248,0.2144842161560126,0.2190548753445256,underresolved
3392,5.400313503477867,0.4795742441029573,0.41109442302106236,0.40915450318762847,0.41281923798356907,underresolved
3393,0.07881750788113251,0.23812574921900148,0.0001123733786736163,0.0,1.0,indeterminate
3394,0.37269454631779364,6.349860076837783,0.04207365317852495,0.03141970371485952,0.047071852869322126,underresolved
3395,1.244768729496733,0.08906501688502812,0.04203275737455437,0.0,0.0853141704945893,underresolved
3396,0.25859902287000175,0.8041603174391071,0.009834451049626113,0.0,0.014408957053170376,underresolved
3397,11.337481393132895,18.482871112322528,0.9869992606381344,0.9868624781257728,0.9871375513483126,resolved
3398,11.200104642767988,0.6754259942252296,0.5530885274244404,0.5519593915633031,0.5538911573522929,underresolved
3399,0.3638511502327133,0.09720317916435525,0.003867381002951292,0.0,0.05391357008565569,underresolved
3400,0.24703129858443276,3.6235485265295986,0.013296252456461459,0.0,0.014864667512754753,underresolved
3401,10.258673237896824,3.109285174178598,0.938566993850115,0.9383805653875577,0.9387228876489503,resolved
3402,2.927802280580664,2.7763520729516804,0.7973178420664785,0.7970703938775531,0.7975339874912353,underresolved
3403,0.050323847495701055,0.06809277571543128,8.625223613172763e-06,0.0,1.0,indeterminate
3404,4.604108770447516,1.3431794409454656,0.7485248005485172,0.748068686665827,0.7487669442829241,underresolved
3405,2.286001114559903,0.0851355148303159,0.06523474946151006,0.05847453173409598,0.13331613631892417,underresolved
3406,3.1016372552375593,0.8182425382161198,0.5459626618782675,0.5452216897169463,0.5466953595475973,underresolved
3407,1.1185280775159445,0.12161123745408903,0.050018745376796035,0.0,0.06432830669149585,underresolved
3408,10.572903999733276,0.08677497154804946,0.08530291204169849,0.0,0.12976653718320624,underresolved
3409,27.315044209703853,28.137527206338113,0.9973632678171602,0.9972394800076444,0.9975080636414352,resolved
3410,0.3752104260113063,19.597316518896555,0.04329677389748286,0.03737342783147893,0.05308245615921081,underresolved
3411,3.180450073575584,0.9346028177483086,0.5927730167900508,0.5923637595728832,0.5935611921210396,underresolved
3412,0.1953314588832556,12.953738819020321,0.0070247912485629045,0.0,0.07389303269685016,underresolved
3413,0.06834504795019908,8.645506405052021,0.00031491939478468084,0.0,1.0,indeterminate
3414,0.11475719897735738,0.991998269543987,0.0010436389806593852,0.0,0.9292763581400546,indeterminate
3415,10.626962470890708,6.4063581448699205,0.9750557907116726,0.9748187983432258,0.9751085102211475,resolved
3416,21.204714589997455,3.1902347522044616,0.951045300760505,0.9509493803308451,0.9512819949092252,resolved
3417,14.922336241599938,0.431590168970165,0.39360516913147414,0.39059250343829105,0.3950532768901054,underresolved
3418,11.381309218034305,4.152489381121807,0.9610558001814503,0.9608770944580713,0.9611876983030622,resolved
3419,0.06859189244470615,0.09035064569088404,2.8835430570913878e-05,0.0,1.0,indeterminate
3420,2.3030152765995453,0.30426132117189825,0.22464654461093456,0.22156838346139895,0.23048077264191674,underresolved
3421,3.787796985002226,0.07922332665697247,0.07138419297811868,0.0,0.11595110155716498,underresolved
3422,0.11708094292259522,30.97545503932058,0.0015716764917372852,0.0,0.26939195866830123,underresolved
3423,3.8061979181105383,5.669590005090738,0.8909733363578902,0.8908213684865908,0.8911706538608017,underresolved
3424,0.6999619019507249,0.13909739509942295,0.025979145698517753,0.01675900652175583,0.05471580027633292,underresolved
3425,0.11190592322800744,0.44748324877165585,0.00056181641721934,0.0,0.7580789510568463,underresolved
3426,0.5740907251738289,0.05560601813817701,0.006852060830355032,0.0,0.07352556773902844,underresolved
3427,1.1334075903812746,0.24993688255608587,0.10223786690690619,0.09537198838548361,0.10935549906330251,underresolved
3428,8.681975825993398,10.263649797092299,0.9758042904863805,0.9756102586507546,0.9758942202225719,resolved
3429,0.2779512842726522,15.123723863299764,0.019163719913722763,0.0098605432937653,0.040593188891969736,underresolved
3430,16.144316551220815,3.0376923211607103,0.9444149088424234,0.9441530106607892,0.9444938618868167,resolved
3431,1.6098761220407403,0.06653842830679349,0.04069493514712923,0.0,0.09352216958559023,underresolved
3432,1.7385850720231337,0.47222779627033395,0.2781335664195828,0.275641642545464,0.27977240830229644,underresolved
3433,0.6522483624948433,0.19560578334605058,0.031300364009122325,0.01911941987031073,0.04430343759343,underresolved
3434,0.03860750846944017,0.06875029166285004,3.938180737102629e-06,0.0,1.0,indeterminate
3435,7.049341436478084,0.31566099415445575,0.2921569197880267,0.28683435216911957,0.2950630457825927,underresolved
3436,2.148485149303437,0.039412600336534716,0.029346465742338654,0.0,0.09783374444500285,underresolved
3437,15.66153564271729,1.6055095666131611,0.8436510182185107,0.843305290439918,0.8438429956607923,underresolved
3438,0.07611294997005126,2.9856929128106997,0.0004145008072714011,0.0,0.9867181452382898,indeterminate
3439,8.869665832194787,24.18000323752753,0.9803937140276391,0.9802168839457915,0.9804954146023129,resolved
3440,6.164258458403855,1.9939265083964726,0.859721567129168,0.8594873376737059,0.8599464575821587,underresolved
3441,0.7440195647887523,2.694993040038942,0.19941047965668576,0.19718770992564222,0.2007113837093103,underresolved
3442,0.34129367349189155,10.776043351110191,0.03355409448785419,0.021200871375553793,0.039872227011701164,underresolved
3443,1.894030646808344,1.1690572030969033,0.5255118732843729,0.5249327288077775,0.5260295079197304,underresolved
3444,0.4240206085352905,4.922287765654793,0.05830014115969062,0.053360873976460714,0.06545396398502502,underresolved
3445,1.365007523021614,0.15016126438931734,0.07795307017325064,0.03873143056060299,0.08468164987148831,underresolved
3446,1.5332541918148046,0.9337305327820543,0.40104411265935386,0.40011706018995646,0.40173993449805856,underresolved
3447,7.3246403623147245,3.9870500526448565,0.9434564440248091,0.9433220957881203,0.9436453073237739,resolved
3448,0.3012774005550903,0.3321467732232043,0.007566703349781097,0.0009845000583382365,0.04160972957438077,underresolved
3449,26.314993219214017,0.26164143843308385,0.25257368326239354,0.24567034082357905,0.2575498207468881,underresolved
3450,5.2050052583797894,0.30801108526130166,0.27878704181391634,0.270258129954703,0.2790083767472601,underresolved
3451,0.07918933457064964,19.588388354840944,0.0004913177917367407,0.0,1.0,indeterminate
3452,17.13341988407345,0.39545150795069195,0.36587034622110554,0.36156223093468487,0.3668586383412877,underresolved
3453,3.608559533399641,4.887968911542126,0.8767927970147912,0.8767060826459356,0.8770699467056681,underresolved
3454,1.615493341075495,0.23252030929794723,0.13922411864811893,0.13080687772375646,0.14625760958884182,underresolved
3455,0.07643712968407226,9.976819770536903,0.0004405014699602579,0.0,1.0,indeterminate
3456,1.4410987465404312,0.6880124391676607,0.31432671455687106,0.3134040692217286,0.31586594019743924,underresolved
3457,0.4802333960492787,27.086622030615942,0.08107242741240772,0.07509057876851943,0.08419047343173158,underresolved
3458,3.040725066934311,5.5399291353808335,0.8436005890411298,0.8434998576006798,0.8438899169050083,underresolved
3459,5.036366042884767,18.33321644242183,0.9422486261429809,0.9420838084222061,0.9423869175045695,resolved
3460,10.503836723180674,6.078118719018097,0.9734697787755333,0.9733199547110427,0.973611563020818,resolved
3461,4.102925380115104,0.403547766514762,0.3431948669366767,0.3399702915800022,0.34509811756061,underresolved
3462,0.5403210822481432,0.7113498272991299,0.06226683959800334,0.05842925932929323,0.0669419703682347,underresolved
3463,2.3327550095629728,0.052554342402011435,0.040748505525279005,0.0,0.12130899400013513,underresolved
3464,0.5359600536933669,4.330951187449209,0.10271232889172344,0.09755693124963863,0.10475653890106601,underresolved
3465,30.02312465764647,0.09969935403705603,0.09904265121224386,0.08561225767308202,0.1524848010616471,underresolved
3466,1.1276076280249618,1.1129208131115644,0.31151712089365885,0.31092526136270576,0.31289176778001854,underresolved
3467,0.06891005313093213,5.97801004624857,0.00032045627427275804,0.0,0.9935608353574265,indeterminate
3468,1.522700215069544,16.33876561690744,0.5829023844089678,0.5823703472443863,0.5831651271752162,underresolved
3469,1.3615608772480965,0.04500707274545808,0.023539990347287248,0.0,0.09188265366742089,underresolved
3470,1.5778852703728008,0.9218720963112983,0.40845353714622445,0.40750333287522733,0.4091136944497259,underresolved
3471,0.11872018011344372,0.5475062130387208,0.0007868880855635686,0.0,0.8601395342044807,underresolved
3472,16.369740236147212,0.06762409680435562,0.06709408095807262,0.0,0.14582447815857275,underresolved
3473,1.0028695452627217,3.536254132101382,0.3416753676274187,0.3405148032844588,0.34233992333103597,underresolved
3474,7.562160112552493,1.6220646036384854,0.8293852443893024,0.8290259075350805,0.8295692263770543,underresolved
3475,11.310362596921621,0.11923998178697841,0.11702633596764456,0.10273174453059146,0.1540409069939999,underresolved
3476,10.303445420100038,28.839397714125077,0.9854428340616678,0.9852860593760195,0.9855614315816145,resolved
3477,20.45739801360605,0.0556482076582834,0.055363691492795124,0.0,0.14112196742253894,underresolved
3478,0.14503174012519032,0.23942920959038172,0.0006884958719435273,0.0,0.9553964391272123,indeterminate
3479,4.043543266005841,3.108389343102547,0.8708479384213714,0.8705608660542807,0.8709502536275566,underresolved
3480,0.14485717641918608,1.8085765061667076,0.0025784967596430637,0.0,0.06123625058106807,underresolved
3481,1.18267044469358,0.29899731467747326,0.12755529874114424,0.11907778345330257,0.129431473282472,underresolved
3482,2.9107830730378663,0.2385884943844743,0.19631308541389822,0.18971844846511915,0.20397328446742632,underresolved
3483,0.07417627011657235,23.09170177603376,0.000404402319575873,0.0,1.0,indeterminate
3484,5.799561630268195,2.4061863951648665,0.8837251857017918,0.8835083951368959,0.8839156247565852,underresolved
3485,0.13511054107168147,0.04278003043460196,0.00010259519181101336,0.0,1.0,indeterminate
3486,0.1903438365009262,0.057495725553709714,0.00037527586266022597,0.0,1.0,indeterminate
3487,0.08602506058123488,0.3273398848081696,0.00019586970034874204,0.0,1.0,indeterminate
3488,4.634133405631466,0.2278502596767208,0.20749589954519243,0.2017186957165825,0.21714625460612622,underresolved
3489,1.9126585216677752,0.054914775726490096,0.03816029547323892,0.0,0.10766124566508922,underresolved
3490,22.2463390291718,19.593260527797923,0.9956807519924574,0.9955078012505835,0.9957778353607863,resolved
3491,15.432355814589975,5.278134165202395,0.976365509935212,0.9762626031124189,0.9765557768519475,resolved
3492,1.3983875944992075,1.2064634027256689,0.4143604823816709,0.41386264213980084,0.41526857747451285,underresolved
3493,5.784663509883748,11.12999926792583,0.9529528697647157,0.9527217995729363,0.953019519611972,resolved
3494,0.3527732534904649,1.286040975744256,0.02906629928407539,0.022330885474212393,0.040912389676086125,underresolved
3495,0.05761649336354686,2.955148047003706,0.00018027669923123438,0.0,1.0,indeterminate
3496,0.09340894164459167,29.793753589310516,0.0008040101655026516,0.0,0.4501880505234159,underresolved
3497,0.47393714167961143,0.24682570042365537,0.018823942232667323,0.0,0.025588484030467838,underresolved
3498,1.3223328882729775,16.76178746351137,0.5065146882731176,0.5061852769161467,0.5072026612579307,underresolved
3499,0.4271532021681173,2.301227033192377,0.055591796876277424,0.049467706248271334,0.06138196613256428,underresolved
3500,0.038931664683565265,0.2877805420212416,1.628193668011121e-05,0.0,1.0,indeterminate
3501,5.82213106372775,0.15942889458189372,0.15072195811719322,0.14359329629732226,0.17357385298568845,underresolved
3502,9.657783825001749,11.002608588321614,0.9800912790491961,0.9799505413945029,0.9802315308117056,resolved
3503,0.3415689716958134,0.11086215225145822,0.003721166294662055,0.0,0.023398845866973807,underresolved
3504,1.060758642739992,8.960142101839104,0.38287699334846953,0.38199975371082423,0.3835822684120205,underresolved
3505,0.34184294010876454,5.776552381842644,0.033348153311229964,0.030932480066782203,0.05077103861490451,underresolved
3506,30.461364003623252,0.9283586898319733,0.6792689965830957,0.6788870781151968,0.6800046961199676,underresolved
3507,0.06208834120434737,0.05532751119311189,1.3146227677264197e-05,0.0,1.0,indeterminate
3508,0.08927291533172724,27.628116224002117,0.000702592764396839,0.0,1.0,indeterminate
3509,3.1481438586571775,21.73970160828951,0.8648071277973155,0.8646373296463374,0.8650002981864288,underresolved
3510,8.287818188475544,0.07299731667695572,0.07124217528214224,0.0,0.1030965808641566,underresolved
3511,0.03411260274183046,0.29278371940099635,1.113459669615343e-05,0.0,1.0,indeterminate
3512,1.6189987773889785,19.2032241279983,0.6150075795268427,0.614575974227123,0.6152958723534437,underresolved
3513,0.5071931119277373,12.8340903128583,0.09227326690265347,0.08688948514632495,0.09499700405109297,underresolved
3514,15.926393035409191,0.07173317276192911,0.07112828230937523,0.021294009974288673,0.14993319930202498,underresolved
3515,0.5123154703086179,0.6168779809205726,0.04976881524856334,0.04128561984943618,0.050998488915275385,underresolved
3516,0.5535557657896297,0.4026330452710047,0.04242707435200092,0.03584633517244713,0.047470350729851514,underresolved
3517,5.740278484301824,3.2248294904933643,0.9132449913871374,0.913111952044193,0.9134676404780941,resolved
3518,13.240627422726977,0.08227449848986136,0.08130083605521453,0.0,0.11462038895258843,underresolved
3519,12.841129966474863,0.15043969100036017,0.14742257695018118,0.11493495177738429,0.15393311855502823,underresolved
3520,2.2548933108748237,2.241836666214883,0.697640089085392,0.6971498927262773,0.697752710419095,underresolved
3521,0.1955806515925868,0.20249474618071386,0.0014034959622726139,0.0,0.0750449290738741,underresolved
3522,11.5338647339416,1.2570132204564153,0.7738279865673471,0.7734265782913282,0.7741481109904667,underresolved
3523,0.2860518324908598,10.500026387638767,0.020707972990306862,0.0016357343746956521,0.024619033443090858,underresolved
3524,0.04012029828130286,3.2219522410140815,6.152817835027679e-05,0.0,1.0,indeterminate
3525,0.31731581672876646,2.801332634878553,0.026057532792425758,0.017030822530177653,0.039835188589921244,underresolved
3526,0.05228232397105872,0.17132387012486208,2.4033794916476453e-05,0.0,1.0,indeterminate
3527,0.3008124469806026,0.1445078201784161,0.0034186879623320774,0.0,0.0414669194752108,underresolved
3528,0.4505804189458043,0.06727796108527535,0.004653699783503072,0.0,0.09797351549884364,underresolved
3529,4.050004612678998,12.94264455058242,0.9123368926908817,0.9121577037010542,0.9124829998198877,resolved
3530,0.4291348109265985,11.337975781296137,0.06109206526108522,0.05512370552909412,0.06685036421047084,underresolved
3531,0.3469754078678472,23.05610308750654,0.03519111419977896,0.02751366392626731,0.046111336842901605,underresolved
3532,8.82483256947506,0.4747840275134518,0.4207672745446026,0.41949176013427236,0.42320077470289336,underresolved
3533,0.0549754150597632,0.08051522422085879,1.3274388360597005e-05,0.0,1.0,indeterminate
3534,3.1210118555220325,14.746025861289601,0.8616683190099119,0.8615013771831929,0.8618677357426526,underresolved
3535,0.626046908523518,0.6861883796309579,0.08453777674151425,0.07955259819240584,0.08619580697443803,underresolved
3536,0.12822552261559259,0.6199129698131346,0.0010839681521336347,0.0,0.6526284307545265,underresolved
3537,0.44401265581028504,12.483715829845975,0.06661557428297994,0.06419953785093137,0.07513580399884964,underresolved
3538,23.038166685973643,0.1315968932255037,0.13010413508328844,0.0947012123456238,0.14505495305254745,underresolved
3539,5.108108472489933,4.171129679546076,0.9191041793573853,0.9188509647363139,0.9191882974197116,resolved
3540,0.6683596929050369,7.286071745772935,0.1699842002624918,0.16676508951289096,0.1711555357631473,underresolved
3541,0.2961162586578566,0.04713297319733155,0.0010776435240414087,0.0,0.15012015785478608,underresolved
3542,3.107617092071913,24.98931784104061,0.8619165929128125,0.8617086093692689,0.8620740251366087,underresolved
3543,21.521649969069717,0.1791342536217025,0.17575800423548696,0.15327563129137733,0.1797846402874971,underresolved
3544,0.4553880847689514,10.589305809954304,0.07086829946611124,0.0667423476115688,0.07703913421072654,underresolved
3545,0.055192445957296075,8.561571213141983,0.00016623218533313758,0.0,1.0,indeterminate
3546,0.7624520044592186,2.530457925267542,0.20729621753046404,0.20467610298366729,0.2080323700116371,underresolved
3547,0.7456205690877908,0.6745194460337812,0.11943363738278306,0.11566837027582158,0.12073840701870775,underresolved
3548,0.25900415659979226,1.8667699923477727,0.013894426154965035,0.00936754013661499,0.049464774036796666,underresolved
3549,2.439544596087306,0.03855306107904992,0.030518015853660294,0.0,0.1262923919544535,underresolved
3550,1.7343090786548774,0.05892512060285698,0.03824403412684767,0.0,0.11819996129923806,underresolved
3551,2.292968263666723,0.36559040985273555,0.2644391460165473,0.2601646849568688,0.2665259346198015,underresolved
3552,7.137430757815636,1.5714143135252576,0.8194138495995477,0.8191566093563416,0.8197199429380297,underresolved
3553,0.054109896795665434,15.97202614492533,0.00015742583972368478,0.0,1.0,indeterminate
3554,0.04141232034922558,0.03659858051351845,2.5908723651888253e-06,0.0,1.0,indeterminate
3555,0.04460116023806292,2.153445428662153,8.023079876311489e-05,0.0,1.0,indeterminate
3556,5.740843013425733,0.05720777964699038,0.054610139564563925,0.0,0.1278679783601102,underresolved
3557,18.665156784601784,2.9100134369237227,0.9416610074552758,0.9414297254692527,0.9417762800208996,resolved
3558,0.12740303730952957,2.431646389317913,0.0018668975969702043,0.0,0.1322190406457307,underresolved
3559,0.15917585541944818,0.20584662038590856,0.0007831841011036333,0.0,0.624793392057533,underresolved
3560,3.108218374008501,10.18884388807292,0.8585283277579334,0.8583224377415853,0.8586929057313699,underresolved
3561,0.48363186021022225,0.863686708872523,0.05394666827793707,0.052394996618873445,0.06251196170506913,underresolved
3562,3.239910626531168,1.9240666523335808,0.774102395547291,0.7738000138495679,0.7743387416731745,underresolved
3563,0.09353326298165796,7.801827953720565,0.0008010975971174286,0.0,0.48472982930207204,underresolved
3564,11.756036169283147,0.37324396740455257,0.34591946514146465,0.3427310892055215,0.3486312041772323,underresolved
3565,0.07900103100716446,0.4781579707457087,0.00021071968516294615,0.0,1.0,indeterminate
3566,24.10519612946155,0.6653548749357341,0.5525169433012601,0.5515775055721646,0.5535552335667016,underresolved
3567,0.3036759409474276,13.160258134448393,0.024463372851484415,0.015862772355831268,0.041025712899557684,underresolved
3568,16.697606446306814,0.24958826809176826,0.24086262441057257,0.22913174982641266,0.24242495028361746,underresolved
3569,4.847683865079662,1.452954305453905,0.7738367340425573,0.7736678883767488,0.7743019810579879,underresolved
3570,14.818109815841517,15.5771873043131,0.9911670572557353,0.9910667148108101,0.9913398129149603,resolved
3571,1.0964826484524488,0.7449112561937413,0.24096419640490238,0.2390899992692941,0.2419090229217291,underresolved
3572,2.0828232694734483,3.6294123385615134,0.7062879415581004,0.7061520481908459,0.7067128125111318,underresolved
3573,14.170671029487037,0.8235022899699426,0.6309756366551494,0.6303584226259304,0.6317230580381,underresolved
3574,19.68882434025842,0.12430243187629923,0.12287733759674982,0.08499837942000471,0.14145610808984593,underresolved
3575,0.0690671783357481,0.8620023502025544,0.00021358401364835893,0.0,1.0,indeterminate
3576,0.66403001085659,0.18432858922761697,0.030685514184780285,0.0,0.03274945504404779,underresolved
3577,3.317005920013145,2.153426785724111,0.7960240976028267,0.7956987031088375,0.7961946216859878,underresolved
3578,0.036956881309731154,0.04824538856491275,2.4274358766589323e-06,0.0,1.0,indeterminate
3579,2.0968646659574963,0.40267026878808104,0.2746764544686869,0.2717407775588366,0.2770656608860811,underresolved
3580,0.04061882703076921,9.070907918137905,6.644847825045424e-05,0.0,1.0,indeterminate
3581,1.7120448019190835,0.06757212511350846,0.04340632428061092,0.0,0.10958167815322672,underresolved
3582,5.84422791502182,0.055103156638940394,0.05268887452983887,0.0,0.10865825584165273,underresolved
3583,3.1432084350733596,0.2903099517693455,0.24125806562400134,0.23563713673935519,0.2454010468268431,underresolved
3584,15.297206003612953,7.982518574522127,0.9859177991183234,0.9857444768797057,0.986024734489938,resolved
3585,0.29497592623910895,0.16256566824018526,0.003633905316583557,0.0,0.028401718864092613,underresolved
3586,2.211262775212245,0.8718904136697582,0.4971242498443526,0.4960041990695446,0.49745539812860917,underresolved
3587,0.6398977475679771,2.2640909654481325,0.14323526099487607,0.14155048669963444,0.14650056983572085,underresolved
3588,21.29096019782458,0.9008370071883808,0.6670995725142873,0.6661783987827863,0.6673541745908397,underresolved
3589,7.207824912180369,0.06102726874532841,0.05919659660675236,0.0,0.1273513940803423,underresolved
3590,16.058404494699086,0.06811623541606139,0.06756536251998713,0.03579868375811153,0.1564589239946297,underresolved
3591,2.1730441907899167,2.162026865997364,0.6804132302892487,0.6800276332768654,0.6806592251567216,underresolved
3592,2.5331330139176456,0.03921136859416629,0.03153049443494135,0.0,0.09685237805684692,underresolved
3593,0.8013862884383844,5.156459728738976,0.2400831987665955,0.23749192041260492,0.2404243186268174,underresolved
3594,1.156876756373739,5.343374395928543,0.42561595289578186,0.42502974231469404,0.426368554914838,underresolved
3595,0.6846523640483816,2.5509918533610394,0.16786057434702606,0.16647903956827173,0.17071864212538101,underresolved
3596,0.08180659451647555,23.25692551579595,0.0005415252523939492,0.0,0.7789772609485376,underresolved
3597,0.07314501695564099,4.676096312518946,0.00037963627614478194,0.0,1.0,indeterminate
3598,0.04564437271751306,0.05982342327416449,5.661107921612709e-06,0.0,1.0,indeterminate
3599,4.605073826703837,0.17304575430779973,0.1591246913525094,0.1355395080057137,0.164126940553025,underresolved
3600,0.09666405303817031,13.956155376744924,0.000888432053687455,0.0,0.3174475401476259,underresolved
3601,0.2831959250003508,20.170461330026317,0.020205597839027183,0.006427951579353803,0.03380982003711886,underresolved
3602,0.4583597542396366,1.8942165659109382,0.06397439824813195,0.05703437993659169,0.06732527319359846,underresolved
3603,27.537484699500236,4.472190981637905,0.9739734173983761,0.9737258393146149,0.9740258578639134,resolved
3604,2.037283646514793,0.33327020985917466,0.22871953779572923,0.22407074443123046,0.23171612546489667,underresolved
3605,4.471635127493439,1.0822806746341562,0.6826309007876549,0.6821777107416684,0.68310423878646,underresolved
3606,1.3529844911920434,2.2231922454805106,0.47430494438640897,0.47412452753504747,0.47523290618125746,underresolved
3607,0.03416111460494749,0.2489813850476926,9.614852602750912e-06,0.0,1.0,indeterminate
3608,2.216611544338626,24.173642002007647,0.756737530471591,0.7566032485412338,0.7570823515806737,underresolved
3609,1.0785553065358449,0.5026764916404828,0.17710285419984254,0.17487209360327163,0.17945472121790643,underresolved
3610,0.12464677907385636,27.08760224578843,0.0018910539804522512,0.0,0.2798245688579731,underresolved
3611,1.0026225744858932,1.8965954870055948,0.31397345697206286,0.31273004782653985,0.31469297707177374,underresolved
3612,5.706596139986657,0.15013839911022842,0.14188879167529383,0.12368444914228698,0.15943934139878238,underresolved
3613,0.8019481267887212,0.14439459430790744,0.03499488766284916,0.0,0.05206745827475612,underresolved
3614,21.208599892589085,5.3749871286069695,0.9798605353966151,0.9796062233162878,0.979896986402009,resolved
3615,9.105294885379744,0.39620206633834115,0.36177953823627024,0.3581114418279595,0.36338471902122876,underresolved
3616,9.804285533996257,1.3946610523847613,0.8001622858788203,0.7997940509191019,0.800429507797961,underresolved
3617,0.04507095124429892,6.502023308416277,9.021767010903344e-05,0.0,1.0,indeterminate
3618,1.4058066231767972,26.5847042786495,0.5406999886551836,0.5400545217935564,0.5409643160607478,underresolved
3619,0.44102765468647476,0.15599477263738798,0.010127551718380215,0.0,0.030801751019270757,underresolved
3620,0.14762807321525784,10.270505060095816,0.003100365563388585,0.0,0.04486332407935214,underresolved
3621,0.26678568743256365,2.8132080860656665,0.01613835697308964,0.0,0.020680876004441587,underresolved
3622,0.40616724474592614,1.3326129593265683,0.0426232948902623,0.029865418861289215,0.0429973790339316,underresolved
3623,17.854670026483706,3.5168504776017984,0.9573627878766087,0.9571316935369599,0.9574535161811316,resolved
3624,0.07051854397395138,9.673649756113097,0.0003462345155404918,0.0,1.0,indeterminate
3625,0.052294871692439536,0.8462117774960184,9.2004531248898e-05,0.0,1.0,indeterminate
3626,0.38520637323918716,0.13771006767986302,0.006336303608940265,0.0,0.05058365845974646,underresolved
3627,8.936687031926784,0.7178025748036273,0.5723451623222822,0.5715763657944848,0.5733129688213657,underresolved
3628,0.2435646889921361,0.16447933848494414,0.002150872849088744,0.0,0.06000000071647012,underresolved
3629,0.693351599505205,0.26864229452443705,0.04799397800831947,0.038001011071573915,0.053438597503579204,underresolved
3630,1.2183913091932101,1.837234590694261,0.40565982882844825,0.405223299093957,0.40661212033974137,underresolved
3631,11.135758970718534,10.021964407553586,0.983142454938716,0.9831262588934955,0.9834059888102828,resolved
3632,24.556980934740555,0.20656278699535277,0.20179001139190442,0.1935473485144936,0.2123145098957827,underresolved
3633,0.03729855187635862,1.9461140603504141,4.6056456110040044e-05,0.0,1.0,indeterminate
3634,0.8904318675643622,0.19009868078089234,0.054922422435798375,0.045846317571927885,0.06909084346226123,underresolved
3635,10.377343169693225,18.14461967773273,0.9847365865106625,0.9845410852358393,0.9848175527168872,resolved
3636,3.2462557969966923,13.780773551426453,0.8705666229312718,0.8703444429973568,0.870703196874569,underresolved
3637,7.578583863579225,0.9618237361192437,0.6754973404384661,0.6749243743904701,0.675995475312779,underresolved
3638,1.6730590690585048,1.22238117988728,0.4894944953065702,0.48892843353901755,0.49008676652706246,underresolved
3639,0.08332479670201216,0.05294171865885716,3.026953188529628e-05,0.0,1.0,indeterminate
3640,20.920840062055134,0.05680417126997039,0.05651893762389082,0.0,0.1652648570408116,underresolved
3641,0.06304773705754169,0.6078917103536517,0.00012940892429815344,0.0,1.0,indeterminate
3642,23.673703845744832,0.3550419514356346,0.3336864567370142,0.32903569006645056,0.33556025775458614,underresolved
3643,0.2396752801659719,0.7762773771013718,0.007764026127393638,0.0,0.027913595702186732,underresolved
3644,0.7076259232314495,13.137297783013489,0.19217676535531641,0.19069300489584193,0.19453920441507302,underresolved
3645,0.1076599698910985,2.3139026714471176,0.0011258280042782658,0.0,0.5375525901152534,underresolved
3646,2.8731563357143495,5.84825797854976,0.8303349506149894,0.8302395168622935,0.8306412735561244,underresolved
3647,14.804536915029113,11.703193468899173,0.989588959342618,0.9893934231684007,0.9896685899431199,resolved
3648,27.314345404585858,6.430303197238586,0.986139432265875,0.9859589713294531,0.9862421999053504,resolved
3649,13.940465934368927,0.7736238614878782,0.6071986981742439,0.6062724077375197,0.60779201206526,underresolved
3650,10.194651671215835,4.893443012762884,0.9657792906050446,0.9656635209546374,0.9659650990242696,resolved
3651,0.598206809789228,0.10781730125918444,0.014502887219021461,0.0,0.04768696467863914,underresolved
3652,19.265588475961444,0.27358066704907247,0.2628206154509429,0.25767292193684227,0.26850094171100414,underresolved
3653,0.11178019699152644,4.967974825674101,0.0013439426450832992,0.0,0.3445463477145847,underresolved
3654,0.27863514417279006,13.707986774432005,0.019286173731267703,0.01000448597730571,0.04048852794065598,underresolved
3655,12.100939296984235,28.291691517697203,0.9892253915080716,0.98912969386072,0.9894028688005341,resolved
3656,1.9970135183258326,2.7033449624181323,0.6704963378692635,0.6700280036000648,0.6706557460792184,underresolved
3657,0.4441403944957692,0.5654218084169741,0.032916404002248545,0.031341985970068785,0.0451850976096346,underresolved
3658,23.962662185490085,0.052586691986441045,0.05237724783853768,0.0,0.10712233820694522,underresolved
3659,0.329731028076134,0.2341409872424051,0.007000563251064783,0.0,0.02752776769223622,underresolved
3660,0.05356551982980214,1.1870798155097289,0.00011704064975774588,0.0,1.0,indeterminate
3661,18.995284447584883,4.667699134897983,0.9737609976226679,0.9735572606223634,0.97385575040009,resolved
3662,7.334210290059598,0.1755337828616612,0.16817888305722156,0.148240388382329,0.1754045993541317,underresolved
3663,0.1889522508225056,0.12142150736281603,0.0007714733638717016,0.0,0.41991744400819375,underresolved
3664,1.7509685690808883,7.844357274221058,0.6495325656475187,0.6490923227637498,0.6497418115682148,underresolved
3665,0.07050870934285705,0.5138256552273526,0.00015901461847303713,0.0,1.0,indeterminate
3666,0.05664243968298208,2.600634668814818,0.00016880887633314163,0.0,1.0,indeterminate
3667,5.0073412044646775,0.630521126734963,0.5029656237476914,0.502595005270907,0.5048043597625669,underresolved
3668,2.673239536353599,2.824314099830822,0.7745218616709917,0.7742446226693296,0.7747307983733732,underresolved
3669,10.069555030181409,2.8189913210763673,0.9286856847714742,0.928550902763272,0.9289086031239405,resolved
3670,0.06227335528932526,0.09014368203301504,2.1555759178537024e-05,0.0,1.0,indeterminate
3671,11.520196138194631,8.654874146845104,0.9822682432560382,0.9821358336189812,0.9824173193549475,resolved
3672,0.14541199977497743,3.473610049278486,0.002863387533674706,0.0,0.15262041927286563,underresolved
3673,0.031939937450085776,0.03945464461088927,1.2826209236849947e-06,0.0,1.0,indeterminate
3674,0.3168445771310377,0.059810123869052226,0.00164519693949081,0.0,0.20554618902127195,underresolved
3675,0.18670161782679315,2.4567218279904077,0.005725751194248273,0.0,0.08387980479735589,underresolved
3676,13.974422199252286,1.6241488748944675,0.8450366056922933,0.8446207482333288,0.8451529611827029,underresolved
3677,0.590954485614906,1.1764052994548106,0.10033321797853835,0.09932522737882947,0.10562144117521478,underresolved
3678,0.23392823192443615,0.04277204193273962,0.0005050143713368334,0.0,0.7559499706363655,underresolved
3679,0.2618956420672163,1.2867107039079566,0.012840033381314142,0.0,0.0270688508535268,underresolved
3680,31.08083170781007,1.241668492960069,0.7776175171521096,0.7771760432709611,0.7779036849595979,underresolved
3681,0.17091179719098484,0.09147232263307878,0.0004355519357015127,0.0,0.9707159413130083,indeterminate
3682,2.1633652087732664,0.6984359678004167,0.4282549376440646,0.4271174191858156,0.42915536014653666,underresolved
3683,0.3375443287969668,0.09016190184220216,0.00293742616849342,0.0,0.11168878747235314,underresolved
3684,2.333981035857931,1.035124882308522,0.5585476587124504,0.557938729916301,0.55906888169017,underresolved
3685,20.989815875770667,0.5853934374633656,0.503481773646436,0.5021045970861022,0.5046047652973278,underresolved
3686,4.262489376246055,0.03356670076421947,0.030957161752838237,0.0,0.17406985804651318,underresolved
3687,0.19624673116913244,8.190891096888201,0.007088866357271662,0.0,0.036232095586961326,underresolved
3688,0.09321786661006559,2.1596207855634946,0.0007255686642626061,0.0,0.9839636573000665,indeterminate
3689,0.11563543481329278,0.5199158164702745,0.0006991936907251363,0.0,0.9466056303285078,indeterminate
3690,0.795592735669869,0.14255076307526043,0.03405706266556633,0.013497904066261886,0.05564615102104101,underresolved
3691,0.5472170488879103,4.412150386943641,0.107885657438156,0.10661617697651521,0.11350283225661124,underresolved
3692,2.3283040181406274,0.09263955687888674,0.07155762900934476,0.0,0.09814632351950676,underresolved
3693,0.33640169685624194,0.28620612694397013,0.008919020072653602,0.00014497991228056337,0.029907647250497188,underresolved
3694,0.9154872624766961,0.16744040477129485,0.05084558625373722,0.03160172725577315,0.06352247089661046,underresolved
3695,23.482051424628096,0.08344912130119635,0.08293436059675798,0.0,0.12093229520635734,underresolved
3696,3.2123375259273703,10.614239454630596,0.866614673918931,0.8664639429198289,0.8668270334028787,underresolved
3697,0.07771697874700807,0.12350680267415803,5.7020161044538334e-05,0.0,1.0,indeterminate
3698,2.789369638674268,1.7121650797129202,0.7202763659312842,0.7199099064545837,0.7205347189627782,underresolved
3699,9.324006760855745,0.8403305792112941,0.6323978423629376,0.6321842019468025,0.6335081871827017,underresolved
3700,5.981322795313615,0.20548052052560936,0.19312190419165406,0.189760849062636,0.20827945745736542,underresolved
3701,19.688025019448954,0.08901308017611397,0.08832052020286857,0.0,0.11607851521034629,underresolved
3702,0.46808319961761313,0.3879744839450124,0.027559062767967143,0.02322440969907116,0.03903629211546069,underresolved
3703,0.4980427649010721,0.26456161371119147,0.02266157550061586,0.013051796033010463,0.03139569900687075,underresolved
3704,0.08474121674874385,4.534967855219503,0.0005879126904609226,0.0,1.0,indeterminate
3705,3.5846604899658376,0.14955140097091957,0.13218026945868677,0.11602614739175043,0.15154069009589932,underresolved
3706,11.438826166217757,0.10203667717593744,0.10035694607604749,0.027328479442162344,0.1273517012417759,underresolved
3707,0.27422174100215413,0.8875607735830502,0.01227767788101238,0.006957630774540076,0.0433684526807414,underresolved
3708,0.17672104130541683,11.233341639504006,0.005249491420224939,0.0,0.03232979582248621,underresolved
3709,0.14161549488188577,9.719893036277249,0.0027422725797339445,0.0,0.08432450309901406,underresolved
3710,10.13336054783488,5.357960367397651,0.9688383194920983,0.9686873820116106,0.968984584424238,resolved
3711,0.9110608155951795,0.11362191555653207,0.0344850481583501,0.021166527624098295,0.07116057668569313,underresolved
3712,1.2259303972810898,4.546471735584553,0.454435010615358,0.4537115301755883,0.45491623839027806,underresolved
3713,0.0654521408615184,0.48896383500979174,0.00012238067466752514,0.0,1.0,indeterminate
3714,28.73460011698972,0.0704737128183352,0.07017183750518889,0.0,0.13221230750625765,underresolved
3715,0.05270725676278989,0.27013123386582216,3.8026367559097496e-05,0.0,1.0,indeterminate
3716,0.8579900370915228,26.05466583409781,0.27589726011933075,0.2744800985032169,0.27697708025798823,underresolved
3717,21.004172681311015,13.435689716763186,0.9938605949645687,0.9937089579912047,0.9939810136061223,resolved
3718,0.09697301853434667,0.5353331388558367,0.00042438578378264767,0.0,0.8277999869819999,underresolved
3719,10.876449409087462,0.33297511122281515,0.31195790810950474,0.30750854041760867,0.31489504729540757,underresolved
3720,0.514083906332359,0.4372401581352908,0.03828842427918618,0.030973767099358267,0.042649251132558234,underresolved
3721,0.3806323093576716,25.077840749238998,0.04498124227235805,0.03650424439543374,0.051588279658464076,underresolved
3722,27.149019970850347,0.4927344924784782,0.4410941897342523,0.43879237298731494,0.4422497801340161,underresolved
3723,6.505308795494228,0.17303422945242067,0.1646309025066211,0.13940001474584726,0.16821154064304594,underresolved
3724,0.3975610481762604,4.853709029897597,0.04938450639307962,0.04388918868416932,0.057757844891080705,underresolved
3725,0.2346274828576512,0.47706613253495517,0.0051319048095489934,0.0,0.04398692511492852,underresolved
3726,0.4924471836807802,0.08369903816167817,0.007191785084152803,0.0,0.06253304875588826,underresolved
3727,1.4683185251655402,8.750717857642602,0.5609786828427711,0.5607858601724399,0.5616361289500557,underresolved
3728,14.02110240770027,1.7816452940346525,0.8654185770603737,0.8650576912095417,0.8655436601559798,underresolved
3729,0.03421650107396278,1.364122976353208,3.2251649753198836e-05,0.0,1.0,indeterminate
3730,0.1539217853574169,5.150544672278707,0.0034562991405650756,0.0,0.09724031436704418,underresolved
3731,0.22374727774399933,0.3438187884874599,0.003384682989734839,0.0,0.08582421354765506,underresolved
3732,18.541455334791728,4.890470025422394,0.9754684081626886,0.9752428147881967,0.9755387888228396,resolved
3733,0.5378252756755615,0.660739666826456,0.058584241239981925,0.05430595084262617,0.0631452210312844,underresolved
3734,0.03962428895561045,0.16885782482906944,1.033424456279606e-05,0.0,1.0,indeterminate
3735,0.2641698393999556,0.1939177773129306,0.0031718036584397384,0.0,0.0948951988662992,underresolved
3736,0.05887935101140905,0.08127930999666066,1.6450712990240023e-05,0.0,1.0,indeterminate
3737,0.2237674645514036,0.4754261686481929,0.004470898474622531,0.0,0.017435948456435247,underresolved
3738,0.24119343462159107,0.14785136040349617,0.0018853425457972595,0.0,0.09404933858866368,underresolved
3739,1.2102746518667309,0.12277384160326024,0.055827184207505966,0.0173773954062288,0.07987760893561016,underresolved
3740,5.478742121881422,6.310294554186442,0.9402970569470493,0.9402158766753899,0.9405275414017803,resolved
3741,6.840122834461871,0.4071319057761614,0.36530403199046413,0.36286213687463753,0.36785537670393226,underresolved
3742,0.4354096611815053,0.7450667990671068,0.03801154009100701,0.0285355384413461,0.040858565316085636,underresolved
3743,1.2058385568128964,3.131718958591929,0.4344703621995587,0.43363901871736266,0.4349179247737223,underresolved
3744,2.8716430735897354,0.15629643039668745,0.13006044417430804,0.11203481808624281,0.14538214242460223,underresolved
3745,1.4839900202715575,0.7759575004674845,0.3496283645108224,0.34811171864975926,0.350180581708198,underresolved
3746,0.427374010823982,0.055792605570068945,0.0033809794230054337,0.0,0.04802402635113664,underresolved
3747,6.269512290245325,0.6537335797852708,0.5269469847654916,0.5258873905852856,0.5279494701449283,underresolved
3748,0.2634796789170111,0.04403741360779283,0.0007276442211843974,0.0,0.6311999921574883,underresolved
3749,0.5838685925494765,0.10541457014455166,0.0134384904212613,0.0,0.043002114158615226,underresolved
3750,0.6629040018060608,0.10617191989490865,0.017808870360904294,0.010288077728997485,0.05519095292062978,underresolved
3751,2.7510746393573666,6.305054332417477,0.8199018970867533,0.8197362474534393,0.82014738615714,underresolved
3752,0.7505090680803135,1.1195014625473556,0.16130065998038684,0.1591192338013935,0.16305589932515166,underresolved
3753,4.29872835650603,6.576207982080383,0.9134901164539443,0.9133528081907111,0.913682521914251,resolved
3754,0.5550769922004412,0.04780990993317668,0.005459026307503874,0.0,0.06002137018629026,underresolved
3755,0.9545569433544554,0.07355872702276633,0.02414993150934742,0.0,0.08474267840213369,underresolved
3756,0.07248539738779083,0.041144833256011176,1.5534088717299167e-05,0.0,1.0,indeterminate
3757,6.986645664759102,0.12699845528043252,0.1222118618032076,0.07120050258254101,0.1313815058007324,underresolved
3758,6.702288080396194,0.15827900680215184,0.15125416016740525,0.1366507241041118,0.16845550811423096,underresolved
3759,0.14356793555824807,0.21504076257952318,0.0006033733519760115,0.0,0.7537558970233329,underresolved
3760,26.202015306118387,7.149018041442531,0.988198293993431,0.9880023829603528,0.9882827451759801,resolved
3761,0.03573869888779857,7.311533400111087,4.51398627885567e-05,0.0,1.0,indeterminate
3762,2.1895478413882348,0.1164220587650188,0.08703499828825893,0.07456681020480403,0.12601523222775388,underresolved
3763,18.73703062964803,5.883714499363221,0.9816650309456775,0.9815760748565061,0.9818635772943178,resolved
3764,0.14626965918969806,10.073826335020815,0.0030167754726858173,0.0,0.06016878724283287,underresolved
3765,0.30406372228695977,2.9647381397853843,0.023328719616502652,0.01344555805517554,0.03821146237137398,underresolved
3766,10.15747729338431,1.605210749403092,0.8365793124571125,0.836363088011494,0.8369054828471879,underresolved
3767,0.1515239630061903,3.1586511650420737,0.0032056389136574,0.0,0.044910382967025125,underresolved
3768,1.4096893437292901,21.072830661892194,0.5419760628633912,0.5414910811283616,0.54239686909997,underresolved
3769,0.03322885697214839,0.15678076394382284,5.673448347149137e-06,0.0,1.0,indeterminate
3770,1.223813638768404,23.28761892201553,0.4639062731500812,0.4633736342251995,0.46455194457436566,underresolved
3771,1.569826459274318,0.20594299370709185,0.12101760201916657,0.11321257011782408,0.1324254487870927,underresolved
3772,1.189893620894367,7.896758149294341,0.44510832594754485,0.4447099454301553,0.44596414716555294,underresolved
3773,7.55194368447888,0.1494696547968404,0.14402293965320026,0.11451510066229745,0.1532682037695723,underresolved
3774,0.6046393852597262,0.11384082570299192,0.015667919532664856,0.0,0.041339111360897754,underresolved
3775,0.18886419598074206,2.6451415829586393,0.0059787241786860975,0.0,0.049293865195930944,underresolved
3776,0.11373433157356495,0.3154132265496351,0.0004340974145381081,0.0,1.0,indeterminate
3777,0.07043679361186854,9.21964437611023,0.0003448537810572466,0.0,1.0,indeterminate
3778,3.6081952387766996,0.25440129720857474,0.22064432325527988,0.21763622018841197,0.2300129937230389,underresolved
3779,0.41237143858521985,26.83487361465252,0.05536784887793097,0.04908239738272792,0.06183000262816733,underresolved
3780,0.7180137053548459,23.52258073197301,0.198222714518399,0.1972044053827629,0.200923869452039,underresolved
3781,0.7323410157017407,0.07658526785324263,0.015750394765433367,0.0,0.04966420280524275,underresolved
3782,0.5348438362928911,0.49947915984593794,0.04687518616257515,0.04364371330315086,0.05411480089255137,underresolved
3783,0.07341315253795876,0.07715592842087754,3.019260315138814e-05,0.0,1.0,indeterminate
3784,0.08793220390019378,0.06101472311168191,4.0931155440241975e-05,0.0,1.0,indeterminate
3785,0.03841424390790088,2.921626094052916,5.351309716492113e-05,0.0,1.0,indeterminate
3786,0.7738653380767049,4.73685862477179,0.2242896192384338,0.22248877318230575,0.22565892304957125,underresolved
3787,0.09776577770313646,0.04790254004104963,4.4078256396267967e-05,0.0,1.0,indeterminate
3788,0.8668280193970263,3.8147967298885,0.2718273100026884,0.270503420859063,0.27298739094012303,underresolved
3789,30.190611077139692,0.667808851492725,0.5544449208872283,0.5537460807574964,0.5557093457516054,underresolved
3790,1.0278864716874627,22.422110191125935,0.3678704154474423,0.3676230080917945,0.36930557383540347,underresolved
3791,0.7761529743997674,0.1509519529104685,0.03440537964337158,0.0,0.052197559186556775,underresolved
3792,0.6323950773971547,0.06130678648249608,0.009343356071519053,0.0,0.041991541291920405,underresolved
3793,3.125456838766717,0.8493619570636798,0.5593180083808571,0.5581982796762417,0.559588279217724,underresolved
3794,0.8665872282255681,0.7182636079547993,0.16385727678480158,0.1619518013797385,0.1658520366193854,underresolved
3795,4.240094309891129,0.3090343946235624,0.2722308526601184,0.2651637778709951,0.27383435951984075,underresolved
3796,0.8373023984511608,8.985690693522047,0.2629594834942491,0.26178647766008317,0.2644293112315469,underresolved
3797,0.7036382516717324,18.24196612568064,0.1902779372938325,0.1887035150927949,0.1925961119910418,underresolved
3798,0.2902269928179806,22.23106865912823,0.021631733353081047,0.016129873110903026,0.04484748329318612,underresolved
3799,21.769870018219162,8.637933660989596,0.9902296783769258,0.990115323448756,0.9903922667886604,resolved
3800,1.3956921111358853,2.2731664443100414,0.49166746997191313,0.4914279618806638,0.4924771790040817,underresolved
3801,0.21153301882815276,0.22437136470304606,0.0019405294973736946,0.0,0.1814857986028339,underresolved
3802,0.22322640641140504,0.11358678674013133,0.0011670845663720758,0.0,0.2179393415467339,underresolved
3803,0.047795966238689584,0.06359923200171796,6.906572222829641e-06,0.0,1.0,indeterminate
3804,0.5048937687317586,0.223438006284294,0.019964349289564153,0.0,0.028154331873845327,underresolved
3805,0.15052722436550559,0.14590297821687206,0.00047614514190963473,0.0,0.838039546596807,underresolved
3806,0.8054563830574255,25.87419308058377,0.24664130610655446,0.24507850015471497,0.24795361682052697,underresolved
3807,0.07110473336931165,0.09580738174171581,3.4027111117924254e-05,0.0,1.0,indeterminate
3808,0.04039982665791272,19.034136564201056,6.568672194716802e-05,0.0,1.0,indeterminate
3809,0.114846164172499,3.041050686246181,0.0014109697386485256,0.0,0.09807874401973546,underresolved
3810,1.0733124936825065,0.6361911483776072,0.21023499872279344,0.20834707286227033,0.21176750648478102,underresolved
3811,0.41410432668760633,3.461533511255399,0.05380464993042272,0.05161624319783752,0.06449143885045092,underresolved
3812,8.408449484001817,0.16621495857190824,0.16054726532637217,0.155358104046054,0.18290652180920572,underresolved
3813,1.218004422944732,4.7986754024959675,0.45197066338784964,0.45184092867759745,0.4530565435362705,underresolved
3814,25.177915721924048,1.1208362410752306,0.7444224100082381,0.7439909269216023,0.7448301031744424,underresolved
3815,4.133645297743568,0.5599205816539972,0.4485992423258982,0.44717651897820987,0.4499426540101892,underresolved
3816,0.6956477896260475,0.4142347327648701,0.07127029154830447,0.06696915995362099,0.07545293554097333,underresolved
3817,0.043582947004125634,0.4519296556523943,3.3995998297900165e-05,0.0,1.0,indeterminate
3818,0.4863404699026073,6.047394689978369,0.08253873997525922,0.07607136921352128,0.08497879504150273,underresolved
3819,0.05756163900651926,2.080168591665286,0.0001710399761330175,0.0,1.0,indeterminate
3820,1.0536781752706177,1.1592641354684783,0.288961755157134,0.28748847684580714,0.2896170322551357,underresolved
3821,0.2561867065090698,13.795559444498663,0.01524477895521851,0.0008092398720970705,0.033138686409342394,underresolved
3822,5.653092206607408,13.171309342763093,0.9520936749908202,0.9519427135673119,0.9522401912755365,resolved
3823,26.188926166373385,6.68524685311056,0.9868377196739023,0.9867429887087951,0.9870251518660411,resolved
3824,0.5254819957447929,0.07586412125078883,0.007614137569633963,0.0,0.04782813932086363,underresolved
3825,0.8966944732427979,0.3498135498085373,0.09824837031938549,0.09561095226364551,0.1043012565430154,underresolved
3826,0.11479596833849874,0.08882920871670508,0.00013125029775813514,0.0,1.0,indeterminate
3827,6.744636734078408,2.102583722025687,0.8740854566426557,0.8739907946272573,0.8744281102104884,underresolved
3828,0.04096735934507986,0.17522540917171756,1.1837271632687704e-05,0.0,1.0,indeterminate
3829,0.03180401536194534,12.584331842912762,3.201993153181092e-05,0.0,1.0,indeterminate
3830,0.1483362773171559,0.05266581026005072,0.0001661463333105284,0.0,1.0,indeterminate
3831,0.701413172801997,6.265422199146685,0.1869884173577765,0.18538038383680436,0.18931944645851867,underresolved
3832,0.29125873621672277,0.3179332521990115,0.006625513904522148,0.0,0.04509071904555695,underresolved
3833,1.9190407028849414,0.03254033677501303,0.022682864251999967,0.0,0.13839625238508713,underresolved
3834,0.03366516340452074,6.469133040840862,3.764233634677885e-05,0.0,1.0,indeterminate
3835,16.73878782441893,16.026130973012766,0.9927394688338284,0.992603387374976,0.9928755234391266,resolved
3836,4.4598137152909985,0.03628053247600828,0.033684680509253946,0.0,0.1591602308110987,underresolved
3837,0.07323135199514708,26.818053916763866,0.000389318645012781,0.0,0.9876759225806879,indeterminate
3838,0.9914571735945366,0.8336937558289544,0.2234898824466857,0.22159758574019212,0.22448212580481416,underresolved
3839,0.15355087053059735,0.06618345088956176,0.0002308744338333046,0.0,1.0,indeterminate
3840,3.4531996877709346,0.4018651039484048,0.33045439424906964,0.32922111077841254,0.33437616108033597,underresolved
3841,1.1536528786974876,10.70802457120803,0.4295861006891502,0.4285890713660717,0.42991905693478744,underresolved
3842,30.90333828857821,0.26276567360525344,0.2537398655911677,0.2509643000979962,0.26254029320653977,underresolved
3843,0.06701531812017114,4.949253534003147,0.00029303155759058077,0.0,1.0,indeterminate
3844,25.172366000405805,0.6679262910295206,0.5541129128445721,0.5525120084920895,0.5544793925999064,underresolved
3845,0.07314504428541647,0.047931959828243026,1.858683909097555e-05,0.0,1.0,indeterminate
3846,0.24427693964907557,0.4631774427849914,0.005616081217805862,0.0,0.05589207792091967,underresolved
3847,0.07599759467866868,3.5796082969556604,0.00041911192077169593,0.0,1.0,indeterminate
3848,0.06343765104322807,4.940806247819246,0.00024871789152272866,0.0,1.0,indeterminate
3849,6.0627117613563035,0.12250149982629736,0.11679401536972468,0.10910209016003898,0.1560299293712208,underresolved
3850,0.17526203943923255,0.18786119674218996,0.0009498614306925912,0.0,0.2900629026106392,underresolved
3851,0.6076035617949659,0.36967430054529926,0.04854821482273246,0.04521294132852492,0.05637606768775062,underresolved
3852,1.1442491687163492,0.695219958969829,0.24369284120663717,0.24242750522274675,0.24533264920660205,underresolved
3853,0.3562423402676491,5.859477886549355,0.037253687646116286,0.03117369646827267,0.04882426247415707,underresolved
3854,0.07801590410073227,3.953889158397412,0.0004561761097592553,0.0,1.0,indeterminate
3855,0.12354739046689188,0.03590353858937469,6.6143899440045e-05,0.0,1.0,indeterminate
3856,17.789665392203403,0.11721194285498925,0.11586537226967482,0.09810169714041236,0.15209234725391255,underresolved
3857,0.04443680782078171,0.28092492705965993,2.3661341588015905e-05,0.0,1.0,indeterminate
3858,0.035736942388910536,3.2702906483771885,4.356228655643065e-05,0.0,1.0,indeterminate
3859,9.365941771566261,16.133879221275798,0.9812577345252782,0.9811296560233085,0.9814083910218112,resolved
3860,16.665063722687172,0.5120411091104589,0.45331668579624057,0.45060497495157864,0.4538264543948673,underresolved
3861,0.034364447572066976,7.002751959728272,4.010289335306375e-05,0.0,1.0,indeterminate
3862,29.541396936215502,2.247606024085151,0.9120828067500786,0.9117640402603662,0.9121639917269324,resolved
3863,0.3782486042495335,14.791783518082964,0.04418058063902489,0.040225792086081465,0.05584003171317903,underresolved
3864,3.7452149473477365,4.801628351038287,0.8829127104862976,0.8827423432084234,0.8831017904609344,underresolved
3865,12.741044485651642,13.655074868615205,0.9881841498618797,0.9880999725772102,0.988375222159892,resolved
3866,0.17848203033006388,5.6391660162407655,0.005341111381000995,0.0,0.09397517046561427,underresolved
3867,3.802213131117944,1.4182131238013223,0.7392500887421529,0.7389486510551162,0.7396253988424516,underresolved
3868,1.0821869046174806,0.06620552526955326,0.026171164866614218,0.0,0.0922357354478775,underresolved
3869,7.756750892663196,10.752772966157783,0.9713859024600341,0.9712068321571152,0.9714931683648559,resolved
3870,1.8480194045224987,3.947168347645415,0.6594610832849327,0.659162497006965,0.6597971470096277,underresolved
3871,1.141191873524892,2.0660590665653604,0.3829331040799432,0.38212590700821897,0.3836369758408621,underresolved
3872,1.3031344721577043,0.2993814268543592,0.14320288345284254,0.13881937491189456,0.14860094513124203,underresolved
3873,3.285453515302604,0.06296405678508706,0.05501948400039109,0.0,0.11646658053115805,underresolved
3874,1.1032319560165542,1.2562697166171601,0.31822912378829277,0.3170836215026458,0.3189837728624201,underresolved
3875,0.2838358636000526,0.059078655605264804,0.0012006068249545369,0.0,0.17319257702415136,underresolved
3876,0.6204912908014336,0.7364242020144086,0.08690978822517734,0.08271471041440895,0.08924577864358314,underresolved
3877,0.467064583147695,15.319004745092435,0.07562348020296976,0.07036384129685579,0.08009293259886,underresolved
3878,8.949834011454962,0.037687411744532495,0.036966263400312616,0.0,0.11340291936740801,underresolved
3879,5.758557440221014,4.561005840677969,0.9342224611039545,0.9341630497912926,0.934486732216021,resolved
3880,1.0829813481523636,0.36840060419935483,0.13708931869235794,0.13242207626650768,0.13974027321759994,underresolved
3881,18.253983654590883,0.07463389815644077,0.07409310436900975,0.0,0.10925176649349276,underresolved
3882,5.040895299799131,0.4921940258665223,0.4167599443283437,0.4152539809807509,0.41874339210333594,underresolved
3883,0.22526362050676643,0.043348524675650875,0.00045961548530964395,0.0,0.961588154251191,indeterminate
3884,2.6058509257527582,1.288634245888599,0.6429034866970126,0.6425314898272771,0.6433688936728162,underresolved
3885,20.72742774982027,0.48026146207896436,0.4314154903721834,0.4298231944293395,0.4334446577642449,underresolved
3886,0.2967166557054586,8.066705045205996,0.02284264327755209,0.010817451959559686,0.03627088355325503,underresolved
3887,2.236440660706156,0.5213485448797943,0.35170807124825465,0.35039116812308385,0.35369556969940463,underresolved
3888,25.32109714471015,0.3344292825601486,0.316422477769886,0.3126669374922967,0.3199704149408661,underresolved
3889,1.0504610824893015,0.04872599718656406,0.018491906040926126,0.0,0.08003750251562257,underresolved
3890,0.18801676074216714,30.92674964064455,0.00630567834925,0.0,0.07751885943508195,underresolved
3891,2.0760599054591857,0.20393752180318653,0.14612464106062678,0.14126140219641456,0.16028490881909702,underresolved
3892,0.03884826899376506,1.2361117258609213,4.5478296544835516e-05,0.0,1.0,indeterminate
3893,0.3957347892831413,0.03322433578662414,0.0016544409031342636,0.0,0.03974787284180584,underresolved
3894,1.463917090239512,11.206967429148147,0.5607893389563003,0.5602524269653676,0.5611042366296627,underresolved
3895,2.601287187981064,1.4669805960142168,0.6719540605270825,0.6715549037145085,0.6722908195706354,underresolved
3896,0.03650579382577897,2.2650972888693546,4.441716658528239e-05,0.0,1.0,indeterminate
3897,0.09290801743667747,1.3260184755518587,0.0006321023236706797,0.0,1.0,indeterminate
3898,0.22679608963505238,5.635250155564698,0.010653679034636545,0.0,0.016656694333441226,underresolved
3899,1.3783579490439286,1.1177042254420677,0.39520725432302733,0.39405076829512825,0.39556690283201,underresolved
3900,0.06982342808458378,4.772667074966765,0.0003307543095198313,0.0,1.0,indeterminate
3901,12.501403087428212,0.9124166433017921,0.6675990425237065,0.6665952816385694,0.6677504707684774,underresolved
3902,0.1182388523182301,4.80022688027979,0.0015849337705894481,0.0,0.19333641148810304,underresolved
3903,1.6019953804228622,1.4046718474208242,0.49729097236594766,0.4965830275803128,0.49766785138419256,underresolved
3904,15.65323481257679,1.1036199673734965,0.7365254358624251,0.7362300618486889,0.7370901379618101,underresolved
3905,22.78329854426248,0.03603961303526527,0.03591240341410571,0.0,0.04971411283520232,underresolved
3906,4.699482284421031,1.2936797645153566,0.7403369597274073,0.7399336456519285,0.740662335044772,underresolved
3907,1.1102176586569739,0.8137755832965058,0.2589237597922237,0.2578093995423426,0.2603625899144805,underresolved
3908,0.8776467931694482,0.4613973692141456,0.12024503182229643,0.11764311718606392,0.12368704972454858,underresolved
3909,0.04374687465193273,4.818599087861529,8.174085520703328e-05,0.0,1.0,indeterminate
3910,4.695897588225898,0.44622159909155873,0.3812666011105812,0.3794540746304918,0.3836597548908148,underresolved
3911,0.7857196212279627,25.993032433398174,0.23565327192776264,0.23430040178969752,0.23733730867025918,underresolved
3912,0.10591081591686134,0.08481498800498527,9.873484829951976e-05,0.0,1.0,indeterminate
3913,22.055583799024536,7.299581607432136,0.9876991429267632,0.9875985253526138,0.9878788483989459,resolved
3914,0.1305731708761367,0.06679592200673065,0.00014465454034830264,0.0,1.0,indeterminate
3915,5.110477131148005,2.3531311687281375,0.8699050001707986,0.8696299253000903,0.8700503589027443,underresolved
3916,24.159060305963973,2.520155810228851,0.9271148343887965,0.926960705638933,0.9273330547198406,resolved
3917,0.3573868205531026,0.16897493564280608,0.006350671398986989,0.0,0.04110978947907148,underresolved
3918,1.5559777201641924,0.41222099249770977,0.22689174613267485,0.22513687623429074,0.2304731909109352,underresolved
3919,3.4880783359178085,0.3335813382622149,0.2810829026342076,0.27673735297579566,0.2841629490916082,underresolved
3920,11.298189230720942,0.4162592925304496,0.3798228885230519,0.3790941196383919,0.3838420588754521,underresolved
3921,12.406529906061992,0.5978320365210522,0.5081666533957961,0.5068533469634283,0.5092617091838131,underresolved
3922,0.06950037978159217,9.566152843536303,0.0003314838832700222,0.0,1.0,indeterminate
3923,0.04055119579467644,9.734690521985874,6.617001049087127e-05,0.0,1.0,indeterminate
3924,11.39685538271556,0.12269475340833506,0.12038856202594153,0.10740094109902594,0.15598511892500444,underresolved
3925,11.171859423816993,0.03509342043249426,0.03465451190234089,0.0,0.1272680902123549,underresolved
3926,23.69760119263503,1.0475505515892278,0.7214052257825333,0.7210226030095648,0.7219495911772216,underresolved
3927,22.789166827424992,14.488213115942235,0.9947520125625986,0.9946493405020416,0.9949206162349301,resolved
3928,0.06263331072356709,0.7470882394702533,0.00014619552824290613,0.0,1.0,indeterminate
3929,0.5083993592076226,21.755528337444616,0.09298061685292998,0.08678529734285861,0.09482687745194125,underresolved
3930,3.7818147507168387,14.647712060815657,0.9014953712940215,0.9013417920664066,0.9016749733509188,resolved
3931,0.03836901009135181,19.71398196799514,5.6289246112489725e-05,0.0,1.0,indeterminate
3932,0.4246663808384946,0.4403098005856516,0.024066417477365647,0.02016776460539771,0.036981756298610044,underresolved
3933,29.04804993490519,0.03743715897862676,0.037344544786509795,0.0,0.14617164030685365,underresolved
3934,0.05216252122132572,0.6035649438173677,7.304258944855168e-05,0.0,1.0,indeterminate
3935,0.6183245665893056,1.2256831155608676,0.11270488185188325,0.10817668616333054,0.11385473199257988,underresolved
3936,2.067759512996938,0.6166768404689703,0.3829667586518871,0.3815181163457789,0.3840365042135985,underresolved
3937,26.022742444585433,0.03900269144360553,0.03888689108862122,0.0,0.141562521667732,underresolved
3938,1.0351748998746744,0.036966017764897004,0.01374334827264018,0.0,0.11883864558363293,underresolved
3939,1.2836463139652672,1.8243943839654744,0.430502306249639,0.43009612396851626,0.43137409246016906,underresolved
3940,1.0245880979088366,11.922918828092445,0.3652284647783517,0.36486764865595545,0.36656484286970425,underresolved
3941,0.16063118804738183,5.922584851687812,0.003933598927661299,0.0,0.13373386674702478,underresolved
3942,2.397391417949627,0.2215909739522168,0.17007754617310702,0.15988201332991037,0.17665477656002673,underresolved
3943,10.703568189678538,0.9281520990225841,0.671475360591406,0.6711519771668101,0.67227629354754,underresolved
3944,0.20338084559680322,0.3912529912614052,0.0028843941669132044,0.0,0.033725008929550694,underresolved
3945,5.4841260301092,0.15213727075538222,0.1432052902579139,0.1292607649425846,0.16320855253980318,underresolved
3946,0.6620019254326543,0.21922951769886176,0.03601914290970501,0.022343557842543386,0.043556473959777915,underresolved
3947,0.5881768537681635,0.44314903055030513,0.05279520305412076,0.046679850799009874,0.056382041963823466,underresolved
3948,20.431310413359476,2.4205377021060768,0.9209215997101794,0.9207216789786643,0.9211037375765483,resolved
3949,20.11619536703264,9.707549605200176,0.9910601247471601,0.9910286617177831,0.9913041005474078,resolved
3950,3.5981137645509906,4.152736028068275,0.8695413769658433,0.8693625639995,0.8697374293028599,underresolved
3951,4.072306826890452,0.8611802627410468,0.597685406213155,0.5971578629515563,0.5984741318628236,underresolved
3952,0.28462934579405685,1.1832653830578184,0.0156696062477383,0.007907994507963702,0.03822477842192506,underresolved
3953,0.057853082666021544,0.46772769899900596,8.162724677220031e-05,0.0,1.0,indeterminate
3954,0.1123468949189248,0.05463610276927764,7.591800165942547e-05,0.0,1.0,indeterminate
3955,3.968313115279991,0.10777346447468228,0.09770047069422305,0.07151021080201325,0.13629801825862545,underresolved
3956,0.05005156780571541,0.45459969009156426,5.1696322720590046e-05,0.0,1.0,indeterminate
3957,2.1434916090777665,0.057524405433930864,0.04274168752570531,0.0,0.06626936201805887,underresolved
3958,22.11885515970416,4.6276121439737175,0.9744496538396046,0.9743738216368308,0.9746721809125435,resolved
3959,0.5420105706007907,0.3025661117357503,0.03133531890881463,0.027915721187310814,0.04381936756525257,underresolved
3960,0.2132673688227483,24.28180532692486,0.009066294200868527,0.0,0.04224015744588245,underresolved
3961,0.10294892371733651,12.301684378042983,0.0010704521993933683,0.0,0.3637438550128485,underresolved
3962,0.037227344511337405,0.22291624858882297,1.120198113501291e-05,0.0,1.0,indeterminate
3963,0.05433411664235594,0.7168734396127299,9.304441234232328e-05,0.0,1.0,indeterminate
3964,0.13614181738314624,30.101612657841365,0.0024534173852679073,0.0,0.18515443868819265,underresolved
3965,9.680573997596992,1.9140535450637066,0.8723259668406549,0.8719817868457814,0.8724424546792978,underresolved
3966,28.700315629549547,0.08617195341799756,0.08569767911185859,0.06427146007293559,0.15015063034279602,underresolved
3967,0.28853768703819493,0.26838770959585034,0.005522947885142245,0.0035737660088555967,0.08004602295641254,underresolved
3968,5.51084066472867,4.858334734238088,0.9330065681581712,0.9328302743840151,0.933152824491181,resolved
3969,0.5554931314714536,12.109174250198286,0.11412044735567965,0.11005862702667836,0.11669579026894565,underresolved
3970,0.6876814493092084,24.364011574053322,0.18177492593041455,0.17894072936936342,0.18304199843649313,underresolved
3971,0.12149570112999675,21.419876511306036,0.0017525248464924823,0.0,0.00817105290164574,underresolved
3972,1.9091309596515997,1.3343963519379356,0.5562548599317438,0.5554540096292274,0.5564178325145305,underresolved
3973,0.38291258793485794,0.047592699404778,0.002173789761834643,0.0,0.07047310541046274,underresolved
3974,4.112072580439899,1.2121061855996769,0.7076729482599887,0.7075032107364635,0.7083068833500771,underresolved
3975,0.11153564509276571,3.194417807117201,0.0012998290335305863,0.0,0.9971562342711717,indeterminate
3976,0.19253977549457946,7.237437470013321,0.0066948645426134065,0.0,0.04030377515467317,underresolved
3977,0.6652093491267731,0.05289000798655438,0.008973601359981155,0.0,0.06974734596674359,underresolved
3978,0.2879552912082078,0.19789336501747595,0.004113119528607484,0.0,0.026062222924646744,underresolved
3979,20.98437300737418,1.1713072745291604,0.7579479406615303,0.7578201582519783,0.7586086916595525,underresolved
3980,0.7096696479853413,20.649584181974298,0.19361906951465985,0.19243454906163265,0.19625327025376096,underresolved
3981,0.04346127795497778,0.03383305629909685,2.7680310100260124e-06,0.0,1.0,indeterminate
3982,0.04000261230427265,0.09592422270605744,6.097654373062879e-06,0.0,1.0,indeterminate
3983,0.2736042018324698,0.3982572473951856,0.006800426560172503,0.0003671351953098577,0.04800440911020546,underresolved
3984,0.058729779455140296,19.12479822078903,0.00020125151143818412,0.0,1.0,indeterminate
3985,16.770260375652224,0.21931697797376146,0.21308785991780313,0.19845160941357462,0.21573845721526574,underresolved
3986,0.25021746976002673,0.0418401451372872,0.0005978691717440506,0.0,0.8327275113580038,underresolved
3987,0.7785647179701469,1.2820532476387283,0.1828112603455998,0.1820166937006605,0.18554587201291722,underresolved
3988,1.0694505073945877,28.938210550141527,0.3894659543079686,0.388729211202325,0.3902771793109688,underresolved
3989,1.2795481368611406,26.319713805137322,0.4888001331335798,0.48862987810244524,0.48971050857040666,underresolved
3990,2.867761042579965,2.3599925612412993,0.7751549065395624,0.7747242187564098,0.7752274166371419,underresolved
3991,0.27823244044083995,3.965720968760766,0.018675131557627504,0.0026371053640330874,0.029065730917648865,underresolved
3992,0.2614954862352348,0.12690239745135812,0.002038471919358592,0.0,0.010607019883565997,underresolved
3993,0.09065268296217437,0.12041766111935062,8.797807360687167e-05,0.0,1.0,indeterminate
3994,25.924442940860878,0.6008180744453131,0.5138639666155403,0.5127186897104663,0.5151002290359494,underresolved
3995,5.93393870991753,17.41632447983283,0.9572874782367579,0.9571144243630252,0.9574077649303518,resolved
3996,0.05522529775630063,0.8751061053586222,0.00011041271150655621,0.0,1.0,indeterminate
3997,0.038600889385935346,27.571804530840335,5.735041086749896e-05,0.0,1.0,indeterminate
3998,0.2331884111059314,16.526566860151444,0.01169051161880005,0.0,0.027665099998819793,underresolved
3999,0.4618321161606216,5.375854238343933,0.0724635044038444,0.0656869176738138,0.07565775407795816,underresolved
4000,0.09813690441776363,4.706494739271708,0.0009113075633057688,0.0,0.30941655453499395,underresolved
4001,16.385927609281904,1.139410489556251,0.7474106045144501,0.7470515186553984,0.7478728998682616,underresolved
4002,0.26990605560351677,1.1167114350869598,0.013181503478697593,0.0,0.024463395186175216,underresolved
4003,0.08858348256384624,3.790396971511229,0.0006642857332397184,0.0,1.0,indeterminate
4004,11.885213017985789,0.6528908883042126,0.5409346555271929,0.5399528914272258,0.5420041473503561,underresolved
4005,12.630127512617891,20.080004934278893,0.9894437370321031,0.989277431609162,0.9895509430946574,resolved
4006,0.18049082554347956,24.741165367497402,0.005599217123188271,0.0,0.0595860445800583,underresolved
4007,2.8150621463384056,1.7094966040180932,0.7222310214675653,0.7217700916134256,0.7223932514667929,underresolved
4008,0.12594049735052723,0.03960920839926608,7.721479539268524e-05,0.0,1.0,indeterminate
4009,7.461705217379493,0.7051582590558398,0.561103746953024,0.5600162871093375,0.5618132840493341,underresolved
4010,1.4115167662022088,21.1228004526158,0.5426839222984015,0.5424665398850186,0.543369713341729,underresolved
4011,4.845940416210065,0.3015076746420099,0.2711677930569661,0.26365518560102646,0.27274586442813875,underresolved
4012,5.906034350541835,0.042902840979945726,0.04108406761904135,0.0,0.16704835674505003,underresolved
4013,30.791562090867288,0.36608459238911667,0.3432296242923601,0.33959066327626414,0.34571872377320656,underresolved
4014,3.1204445749642336,7.669740378537665,0.8563553610444881,0.8562388861314265,0.8566131763011374,underresolved
4015,0.06125318881250653,0.2115928322093498,4.730823995692348e-05,0.0,1.0,indeterminate
4016,2.206557650056181,0.5391099324355311,0.35857994435614293,0.35729349379445324,0.36041522070398685,underresolved
4017,1.4495917426485327,3.566877370167544,0.5370167050262945,0.5366805989293828,0.5375924786501194,underresolved
4018,0.711244482705388,0.651754571327371,0.10631281889648646,0.10299523205863952,0.10857869553002931,underresolved
4019,0.3599901656704198,0.5964152422091483,0.019904630475400708,0.010538388636322319,0.029400015457134505,underresolved
4020,0.15303105033125092,0.09332337173488726,0.0003216371460690806,0.0,1.0,indeterminate
4021,5.442001489665704,1.3842123063899914,0.7712091512529878,0.7710698739895797,0.7717314136161288,underresolved
4022,0.09789656257733993,6.196532127152157,0.0009130738004320323,0.0,1.0,indeterminate
4023,3.6862556524912895,0.313767981558773,0.2691284834204367,0.262910855474394,0.27131460974878013,underresolved
4024,0.7552233085942751,1.1139892157783102,0.16288802643373598,0.16062253484809655,0.16452277388004746,underresolved
4025,2.715521827313191,2.345703019665377,0.7601418687153946,0.7599717646838551,0.7604917069021445,underresolved
4026,7.015074645104592,0.8796544676450776,0.6408491607483827,0.6398886181502593,0.6411263027429803,underresolved
4027,1.0017089948137292,18.347888234023404,0.3539340453136798,0.3528066303598171,0.3545866393143061,underresolved
4028,1.116318384077557,7.628553209248373,0.40973357871853017,0.4084268760199453,0.4098542191991251,underresolved
4029,1.0124516630863398,0.04330949087269321,0.015582700723949447,0.0,0.1028370680655852,underresolved
4030,0.26096159489968035,11.800407080439776,0.016041962691825187,0.0,0.02259558386719852,underresolved
4031,0.09036038487460496,21.766132827591456,0.0007280797148814473,0.0,1.0,indeterminate
4032,14.231162677598991,0.08885521999452754,0.08785501940733231,0.0,0.10837848295137677,underresolved
4033,1.0175772352259658,20.3259606399941,0.3623950280682349,0.3615683983643377,0.36328908312221175,underresolved
4034,16.375886378658617,0.2443499916249656,0.23604496808929834,0.23021750465256283,0.2437075950548065,underresolved
4035,17.10055290631411,23.52161641336064,0.9939944962564774,0.993925648744708,0.994196285648322,resolved
4036,0.11041150596596937,4.226255972239576,0.0012862345412303477,0.0,0.42874274945196716,underresolved
4037,0.3735561426593228,0.1733689118003989,0.007320007561515304,0.0,0.03437100797013006,underresolved
4038,0.040716153345064565,3.8574140941691715,6.517740175844193e-05,0.0,1.0,indeterminate
4039,7.772007301761381,0.05760243425514448,0.056108039907850786,0.0,0.12287623455472597,underresolved
4040,0.11630405265607788,7.328223498287877,0.0015276557098326312,0.0,0.30369715795535906,underresolved
4041,13.201036023750227,4.536720222758685,0.9682117977118997,0.968053442495444,0.9683562064054725,resolved
4042,1.4020899493132095,24.680648118758782,0.539195544065014,0.5385767236086128,0.5394907537833922,underresolved
4043,0.226595423728192,2.448256267572342,0.009991497042330683,0.0,0.012746946649276664,underresolved
4044,3.0316826301257778,23.666105084768848,0.8557211784147126,0.8555861517877564,0.8559571804101606,underresolved
4045,0.485209895082134,6.043555568598526,0.08207240144110083,0.07445489020692424,0.0833823919559365,underresolved
4046,0.1092369221583642,18.032632427826105,0.0012785395215241127,0.0,0.30419655974153464,underresolved
4047,0.426510185252308,22.70769124133998,0.060324034254662005,0.05430900533592397,0.06615500726482755,underresolved
4048,13.41605449299262,1.3941302765779022,0.805850954252246,0.8056789073136095,0.8063103824631932,underresolved
4049,1.2308743708774212,3.15542001969565,0.44569584347790453,0.4445844626868434,0.44581461266287076,underresolved
4050,0.4151002650165896,8.367058729378506,0.0559521129801908,0.050495759669745566,0.06309271609153073,underresolved
4051,4.280625312991939,3.9803939453555257,0.8955582727458617,0.8954212040869026,0.8957773764518999,underresolved
4052,0.1362688609574416,11.098287200110857,0.0024515921637331666,0.0,0.044379736495202576,underresolved
4053,0.8972236688841569,0.13227580718303736,0.039056786681448796,0.022658163152845988,0.06575152015234607,underresolved
4054,1.180947181139509,0.14566198425278684,0.06406476096648354,0.05286942809005284,0.088022987455467,underresolved
4055,0.05286787774210193,1.454880794309664,0.00012126593439768017,0.0,1.0,indeterminate
4056,0.06357405178182202,0.06854898322916836,1.7466066714516044e-05,0.0,1.0,indeterminate
4057,0.4312304821321208,0.42197601051761285,0.02413941870574595,0.015625533039364346,0.031314481445984865,underresolved
4058,9.675563488132829,0.8559487256085632,0.6399865332004886,0.6397909721900136,0.6410740737046896,underresolved
4059,0.08817748935762844,0.22202117159531215,0.00014688368575241058,0.0,1.0,indeterminate
4060,13.410022654143397,23.4294448601787,0.9908142650002891,0.9906628188948379,0.9909352892863,resolved
4061,2.4311737399538713,0.4855223991508143,0.3454784290648495,0.34435655298481765,0.3480659008018138,underresolved
4062,0.5625325023481852,11.466622957991596,0.1174071629619062,0.11654355518729746,0.12299660442821679,underresolved
4063,6.319234720763494,0.6308236432642595,0.5141044578260247,0.5128479023622691,0.5150472573057199,underresolved
4064,0.17377415205638175,0.268081783725435,0.0012994857099300902,0.0,0.1842444782336279,underresolved
4065,0.2989818235722337,3.0413589140903547,0.022328925609808665,0.017820765826839453,0.04484949290928318,underresolved
4066,3.31403774625595,19.74050571608813,0.8763464961872817,0.8761218764063491,0.8764749330139199,underresolved
4067,19.36036446881323,13.403721751830943,0.9932510033520565,0.993099898042948,0.9933723396734081,resolved
4068,0.2846773752577195,2.884012281876608,0.019392877965083887,0.010837535072694946,0.040314355144481555,underresolved
4069,8.779787038121707,1.0323392623650924,0.7045139819428798,0.7040276086078118,0.7049853358158451,underresolved
4070,0.16062395270915655,0.056806875892113126,0.0002262237232553122,0.0,1.0,indeterminate
4071,28.25002435449942,0.18556091114877915,0.18210403858368338,0.16512594545917475,0.18919961897020005,underresolved
4072,0.5449432664698574,1.136589568529778,0.08225727563636537,0.0787423173073787,0.0862144895169083,underresolved
4073,2.4449611262180304,7.464886069944339,0.785909599941734,0.7855811933997284,0.7860275965608574,underresolved
4074,7.821810170054104,0.3927041433083695,0.35674680362573175,0.3538338573315279,0.35918929982284736,underresolved
4075,0.3720860628029628,0.3272989942591472,0.013191883388369586,0.003157743686290882,0.025010109198097725,underresolved
4076,1.1327351469734361,7.549292825865408,0.41766086612098036,0.4170036012826277,0.41838891544755535,underresolved
4077,0.09387818238737515,10.446499245184114,0.000812825248250735,0.0,1.0,indeterminate
4078,0.5912988570919321,25.54540562881337,0.13175419024296037,0.12710854627616464,0.13286855319492263,underresolved
4079,0.04892349294922538,1.6281765814551974,9.942441133687824e-05,0.0,1.0,indeterminate
4080,3.0390315284182936,7.942058507104548,0.8503796954541271,0.8501962528991697,0.8505756762002441,underresolved
4081,0.36863985919213393,0.07257102461371606,0.0029951738310792955,0.0,0.11265468060043342,underresolved
4082,0.7542326237925356,2.011096998476275,0.1955060880545033,0.19506609986479692,0.19856142010837508,underresolved
4083,4.8717884844763075,1.6177308859940362,0.7995471114683762,0.7991868792211173,0.7997539070316562,underresolved
4084,7.510325736167067,0.14212198040857726,0.13704736780667331,0.11258864077124298,0.15358189436467448,underresolved
4085,0.0380665174015418,13.967798310869947,5.490045938407897e-05,0.0,1.0,indeterminate
4086,25.398335222353833,1.068790168752589,0.7285208068087509,0.7277438891159531,0.7286443277310963,underresolved
4087,6.644883298516232,0.031960471301552544,0.030888894850138487,0.0,0.15952651370168128,underresolved
4088,14.446952776246846,28.202161451560762,0.9922323845943473,0.992117923698402,0.9923894144836152,resolved
4089,0.12026557728195464,0.11708760646230035,0.00019798092621617746,0.0,1.0,indeterminate
4090,0.22790254853640096,0.15012742118294498,0.0016288519088265825,0.0,0.17644883178577297,underresolved
4091,0.033689545928132086,0.06638703842822063,2.528569486983546e-06,0.0,1.0,indeterminate
4092,11.439269534869993,0.09657228165598213,0.0950336406667847,0.0,0.12099707681578849,underresolved
4093,14.079451402537611,10.845867114388572,0.9882886599598474,0.988118936512389,0.9883952405558101,resolved
4094,2.974654471394812,7.429281374835778,0.8440163175636327,0.8438062580166173,0.8441921997502597,underresolved
4095,0.06749316525655766,0.05260571146681255,1.604173729137509e-05,0.0,1.0,indeterminate
4096,1.7165520783637758,0.3999940870957136,0.2395906296821426,0.2380157773832005,0.24352795399675886,underresolved
4097,0.3844762933643596,0.0838456508131778,0.003861501315956845,0.0,0.030027303459540838,underresolved
4098,0.1801915122547792,0.0422248263779332,0.0002352710705655604,0.0,1.0,indeterminate
4099,26.042314181323366,2.3100038412475254,0.9156747693416704,0.9155736549430009,0.9159663450694612,resolved
4100,0.04388197166616773,0.22522515639214072,1.8513019186573934e-05,0.0,1.0,indeterminate
4101,4.451124060350163,2.7152353868638612,0.871570205197506,0.871340693479419,0.8717416091352022,underresolved
4102,0.3597624884506264,1.3966668347422906,0.031542135911444516,0.029875280962702006,0.04818921992862267,underresolved
4103,2.149926100324352,21.994543928708328,0.7446716282694584,0.7444191743709134,0.7449143436200942,underresolved
4104,4.034500354501846,1.590811150139492,0.7741924526228621,0.7736666404082877,0.7742615569084002,underresolved
4105,0.06202463718693948,7.530974306177396,0.00023517764095059085,0.0,1.0,indeterminate
4106,20.52368764375237,1.4691371091671932,0.823733121734013,0.8233316644903115,0.8239229148374929,underresolved
4107,2.4026966881073366,0.25465112946678786,0.1941922408788556,0.18715782389597077,0.1998636027436999,underresolved
4108,0.31800649326705155,2.2025949354330296,0.025342824292564087,0.010098729365345288,0.030973667015765274,underresolved
4109,4.4179872640097715,0.04423213441794342,0.040998209852760856,0.0,0.16162620869494962,underresolved
4110,27.560802985304367,0.6891845584690764,0.5663515668427511,0.565463095846364,0.5673191822975904,underresolved
4111,0.9438043346535557,0.09439407559180761,0.030388375534703537,0.0,0.06729974256665792,underresolved
4112,8.621167536204801,1.1835131915794164,0.7486821072353228,0.7483092479630062,0.749096422499617,underresolved
4113,20.79391922061626,2.8286231706879277,0.9395549947916162,0.9393129105447714,0.9396637047799393,resolved
4114,13.586775835141626,19.326159171205024,0.990603798612686,0.9904702952644426,0.9907432201039941,resolved
4115,0.1345615622007455,0.08188676598748533,0.00019356888858670668,0.0,1.0,indeterminate
4116,0.05302357186004746,7.638353828506053,0.0001471931849265859,0.0,1.0,indeterminate
4117,14.637497288499505,0.11527748648380451,0.11372199013172701,0.06558243964283571,0.13438778821818445,underresolved
4118,0.41696301845504596,0.979798207203788,0.039891216722391355,0.036153003113397794,0.0495146951032663,underresolved
4119,0.4197491229538554,0.4957203321199389,0.025749974550848768,0.01977392260199815,0.035481404425138335,underresolved
4120,0.04056443802842933,0.39892298837112433,2.467098807803945e-05,0.0,1.0,indeterminate
4121,2.749077535933365,28.00265734014459,0.8294102443917486,0.8292512542857648,0.8296473569700562,underresolved
4122,17.75113970714091,6.596464641321296,0.9840156372914249,0.9839141964988318,0.9841981494092678,resolved
4123,0.08639897733834938,0.049915578158228946,3.17963110763442e-05,0.0,1.0,indeterminate
4124,0.14730467657071633,2.702835018554952,0.0029027309984962484,0.0,0.12146386979166245,underresolved
4125,0.3574191389025222,0.0732584441762321,0.0027855469379060452,0.0,0.05872490090833122,underresolved
4126,25.761024779547856,0.32983403403133893,0.3125286426503492,0.3105939170221922,0.318040255953179,underresolved
4127,2.0380087739932757,8.97056944739968,0.7190936690449291,0.718672041007472,0.7192046462206088,underresolved
4128,6.266891996484516,0.1855005865092086,0.17563835551062856,0.17067403823287525,0.19323639747986268,underresolved
4129,0.0583076207605659,4.704213972142448,0.00019291575331536098,0.0,1.0,indeterminate
4130,0.19065923027153647,3.862656105846926,0.006359547547688311,0.0,0.04851093407223831,underresolved
4131,0.9228369929662469,0.06187459523385325,0.019263134357093988,0.0,0.05583175258644604,underresolved
4132,5.590832997474528,0.07520608009660534,0.0715341602442014,0.0,0.12302803994460905,underresolved
4133,0.05383346763742773,0.521827225479697,7.186265160418688e-05,0.0,1.0,indeterminate
4134,0.04366765820558636,5.7034578683028405,8.178314748196406e-05,0.0,1.0,indeterminate
4135,15.682186328878947,0.11346090499920103,0.11205343019651283,0.015524955127351288,0.11939847276247555,underresolved
4136,0.7923131984578433,0.34366569604370706,0.07783944041046943,0.0725986557596557,0.08218153049507881,underresolved
4137,0.049483459196969046,0.5127534169408103,5.508182179601263e-05,0.0,1.0,indeterminate
4138,0.10402585142213143,0.056279812986342846,6.224122713809368e-05,0.0,1.0,indeterminate
4139,5.532716944466849,1.031901798022485,0.6843149468618314,0.6838791101476279,0.6848546093571628,underresolved
4140,1.2839329876031995,0.09719480002254209,0.047504239302374386,0.03157628250645331,0.0959269048181874,underresolved
4141,0.4632468461695551,11.533761743537957,0.0739882103195483,0.07207420555970123,0.08202428150968266,underresolved
4142,0.15992570330525763,0.6861654579366262,0.002228186444021242,0.0,0.21301331670185697,underresolved
4143,3.665725391045703,17.293975071540906,0.8964272035655482,0.8963088503394203,0.8966456251179913,underresolved
4144,0.9171298963307646,0.04667771986916852,0.014398056379197114,0.0,0.06183491040875448,underresolved
4145,0.03274090364341483,3.2692958767737816,3.35083212179126e-05,0.0,1.0,indeterminate
4146,1.9011476123130173,0.8064052917814543,0.4351643296211651,0.4344438682971307,0.4361584879241291,underresolved
4147,2.8205943704205514,0.25846919246709993,0.20952447818480055,0.2025585573812921,0.2148481774340798,underresolved
4148,0.15082683865323715,0.8835191912714494,0.0021964155498356615,0.0,0.0402838047877225,underresolved
4149,0.18404219349177126,7.364257134318258,0.005876040556545954,0.0,0.03570670348751144,underresolved
4150,0.075173627168033,0.15771513873682347,6.562414604150363e-05,0.0,1.0,indeterminate
4151,1.3114598834079372,1.4392433423693505,0.41294639494594243,0.4126385503547443,0.41400629064310185,underresolved
4152,0.053910921236213966,30.49703316827498,0.00015592161147651233,0.0,1.0,indeterminate
4153,0.32675861187589544,0.26947760870966486,0.00779640634609644,0.0,0.028122593634629475,underresolved
4154,23.924656290485775,0.08000813057048725,0.07954472990165161,0.0,0.11952436231607985,underresolved
4155,0.749646849285095,18.39068118786959,0.21548640391434679,0.21281147046493995,0.21619226184873977,underresolved
4156,20.68971767232428,0.987933077274576,0.7003460880644716,0.7001380629226268,0.7011519470270987,underresolved
4157,1.216248868901681,6.92017163001943,0.4561379217918112,0.45547121914046,0.45667650607014076,underresolved
4158,24.138240484125266,3.2745424488581296,0.9539399316712459,0.9538197274169948,0.9541486161788062,resolved
4159,12.987885784711457,0.10143965564013158,0.10003091959947608,0.08826916992589079,0.15272248081968315,underresolved
4160,0.14398634928085763,0.7293564003515405,0.0017057379040525983,0.0,0.10991592400614894,underresolved
4161,0.566838137992119,5.525475094597544,0.11799781101202282,0.11658487034653155,0.1229358457388284,underresolved
4162,2.338837557078614,6.253311339956443,0.7676164391952294,0.7673416258120893,0.7678110704301079,underresolved
4163,1.5250643714898413,15.140634880854956,0.5835404413807597,0.5830134902762528,0.5838067189511036,underresolved
4164,10.770826878263327,0.06388647945978493,0.06294093395665899,0.0,0.14733094666211383,underresolved
4165,0.058279839449484006,4.242218296679245,0.0001916917038790796,0.0,1.0,indeterminate
4166,3.105048869880604,0.1495028799933582,0.1275149390173541,0.11378366409181197,0.14869730628440606,underresolved
4167,0.03779582699060262,18.7083130424044,5.379997654082449e-05,0.0,1.0,indeterminate
4168,0.8534785967446384,5.534589547757696,0.26923164469935623,0.2675496233100409,0.27009635276780086,underresolved
4169,0.04381746971876418,0.19907157639187517,1.6378053887414277e-05,0.0,1.0,indeterminate
4170,0.29380726745318364,0.8864570685367258,0.014859009692449503,0.0027362560485222967,0.028629856800591776,underresolved
4171,0.8898416834124894,21.971191862434708,0.2934593498140851,0.2930772380929656,0.29537753604060385,underresolved
4172,3.2645468440361625,0.23635571642620853,0.2010646690420248,0.1971056815582645,0.21142617568295827,underresolved
4173,1.5961839210554751,0.07385170724946158,0.04482176458032537,0.0,0.07329455908726246,underresolved
4174,3.0400834834703296,1.024831783698562,0.613505567413597,0.612873920060673,0.6139335527958946,underresolved
4175,17.907908230494517,5.71447096101044,0.9804419550593787,0.9803190041225661,0.9806078718674855,resolved
4176,0.6509193694420716,0.771693102047329,0.09918602734908907,0.09729383042949956,0.10320439566224164,underresolved
4177,2.30988674914635,0.3230072920137544,0.2375499730225936,0.23497305409068392,0.2429280876429388,underresolved
4178,0.340614152061456,5.787526749381092,0.03302883608933798,0.03121883800651976,0.051322559006368965,underresolved
4179,15.814680891676911,13.426950527648325,0.9912868835864408,0.9911120049260472,0.991385556873278,resolved
4180,3.5751392805488704,31.044765064155182,0.8926953195104582,0.8924996367167181,0.892838768503878,underresolved
4181,12.524262397852652,0.5808024470383978,0.4974724063929194,0.49532486455007274,0.4978705113422323,underresolved
4182,0.494717297620873,0.4692645923515659,0.03703831514780041,0.030935474619019687,0.04298725419716717,underresolved
4183,1.8360556272931066,2.8308394148221314,0.6386107093809807,0.6382540102483626,0.6389342821470498,underresolved
4184,0.27164358233907815,9.18925826024862,0.0179086454459467,0.013015387669208994,0.0475849828412343,underresolved
4185,0.1642902866270229,0.3007424390959273,0.0012270948940484158,0.0,0.32892102987172994,underresolved
4186,3.455118561723224,17.961592966213594,0.8849606274025822,0.8848144621411846,0.8851604707658711,underresolved
4187,8.675131992613421,0.4098327720795719,0.3717860090052204,0.3679281756148704,0.3728764013614044,underresolved
4188,0.3132168009048692,0.07091895202863391,0.0018890453752598774,0.0,0.14211646823011012,underresolved
4189,0.14933553407891736,13.842681874326367,0.0032135936674882832,0.0,0.17877675567354695,underresolved
4190,0.03955879566208462,0.6435047572996007,3.3421234796658133e-05,0.0,1.0,indeterminate
4191,1.6559272451194273,0.6842907920686953,0.3542351484484698,0.3532818932430403,0.35558670131109654,underresolved
4192,0.07415876185062933,11.174049449825741,0.00040288620860475226,0.0,1.0,indeterminate
4193,2.286552497371813,0.22263163086667037,0.16713566793068804,0.15489546360872086,0.1717550397074193,underresolved
4194,24.458706145244765,3.7545199747377955,0.9638942470822834,0.9638278759109209,0.9641418590137665,resolved
4195,0.18835897701101031,0.4417540307426476,0.002562812813518004,0.0,0.18420978418947226,underresolved
4196,0.05550921380072215,12.711534226553718,0.00016972714785128059,0.0,1.0,indeterminate
4197,7.398262173883104,0.2908456008089608,0.271790949420192,0.2655918413811499,0.2752653746073316,underresolved
4198,0.09361374209376584,1.5967093095251208,0.0006862434463110904,0.0,0.9188250928193764,indeterminate
4199,0.33838443081511826,0.07256837836781224,0.0023835021184635784,0.0,0.059498519608427405,underresolved
4200,0.42922703090349895,24.652338962982352,0.06131219707493986,0.05436998256762306,0.06600390613712778,underresolved
4201,0.3328783377034713,0.032766903066070045,0.0010318117947871828,0.0,0.6821786208793396,underresolved
4202,0.10101544114495047,0.20256698047214883,0.00020155144597540348,0.0,1.0,indeterminate
4203,9.568509516940447,7.087587495498559,0.9741887686289844,0.9739958304622482,0.9742844413544216,resolved
4204,0.41320534939775944,10.518146269200253,0.05544391438399703,0.043961047684328715,0.05644561156110367,underresolved
4205,0.10898620605805616,0.13127200877184284,0.0001655329401778668,0.0,1.0,indeterminate
4206,0.06609794813664359,0.06333081092643326,1.813300923728837e-05,0.0,1.0,indeterminate
4207,3.3789019144693033,20.6122721555612,0.8806277849753691,0.8805490928288489,0.8808984771071786,underresolved
4208,0.08932635035019194,0.7735470375273782,0.00043093205706956573,0.0,1.0,indeterminate
4209,18.998006521844196,2.0276181368944877,0.8931425891749254,0.8929905698693109,0.8934233300164933,underresolved
4210,25.121827604654417,0.051465102073216626,0.05127516248168679,0.0,0.1285617543645843,underresolved
4211,3.0752833163649194,0.49676194523042977,0.38262783998574595,0.38061556030211097,0.38411766883864495,underresolved
4212,0.4610079228356128,0.6236456139529214,0.03883152354512191,0.03796123533352057,0.05037714887181607,underresolved
4213,1.5456883838172326,0.329363737784334,0.1851573288487805,0.1834725507354199,0.19139367846639185,underresolved
4214,11.390530002243398,0.1306097855113848,0.1280268146645691,0.09517552635521687,0.14535693930793828,underresolved
4215,0.033077138935137994,11.283040419270279,3.598921949763778e-05,0.0,1.0,indeterminate
4216,0.057681849326398305,0.03493462648609204,6.667221816318211e-06,0.0,1.0,indeterminate
4217,0.078121799989261,1.2128398034250876,0.0003645204012431508,0.0,1.0,indeterminate
4218,6.0428923683844875,1.0024057388455383,0.6798395323085842,0.6795366939269991,0.68054999997914,underresolved
4219,5.195583378923924,0.713357934163258,0.5498999920656757,0.5485255309724887,0.5503046856678988,underresolved
4220,0.13126912234031804,23.9653221694163,0.0022028262177989197,0.0,0.23661621354998377,underresolved
4221,27.036460075575253,0.2554112178277001,0.2469600384229568,0.23887251565419051,0.2513863714886815,underresolved
4222,0.10635463086603356,0.07312367069238938,8.626644368340778e-05,0.0,1.0,indeterminate
4223,8.05746619075322,0.12369657937274674,0.11997830042653167,0.050835905436284634,0.12330738402091816,underresolved
4224,0.5528171855908954,0.12195593655911602,0.013709544461387462,0.0,0.0331829393693104,underresolved
4225,0.16008417834417019,5.5891409961678535,0.0038879330099615755,0.0,0.14156766583045657,underresolved
4226,2.9283899929841164,2.8089613099965023,0.798426915739281,0.7982089552298237,0.7986705385878771,underresolved
4227,21.4491701609166,0.5275680884395781,0.4650963349628112,0.4628939818032054,0.4659352928751914,underresolved
4228,2.6590404724773284,3.2842904514131273,0.7844629498517568,0.7842670498058186,0.784732815364644,underresolved
4229,26.338445511228525,0.4602350186487223,0.41717942622678283,0.41351896132070504,0.4174695260294327,underresolved
4230,3.675739023004085,11.7964430693064,0.8952215751188097,0.8950410572488664,0.8953798815176486,underresolved
4231,16.047668790126746,0.033858637687315986,0.03364309820251178,0.0,0.14076768793862904,underresolved
4232,5.9234841493836194,0.24629547855120193,0.22927757097192367,0.22651068617860923,0.23963366556071602,underresolved
4233,0.7178501684109178,1.9777344590763668,0.17697565020719125,0.17396987560045715,0.17786498558622865,underresolved
4234,4.0804045348486335,1.9042268765121528,0.8111772292603847,0.8109439425191195,0.811451510868181,underresolved
4235,0.15414202778416955,7.28549694889173,0.003502782068130467,0.0,0.11839292894563168,underresolved
4236,5.70946306626366,27.169292052101675,0.9550416355837855,0.9548855023317541,0.9551796280101521,resolved
4237,1.1804897513561037,20.71043346042111,0.4437267246003311,0.4432941483567259,0.44455939752126816,underresolved
4238,0.7984735545459144,9.557896268950193,0.24161377148407528,0.24103317400870053,0.24396847557868465,underresolved
4239,1.2253590124016678,29.419447304085253,0.46476917278986224,0.46370126806397466,0.4648767649813555,underresolved
4240,0.7006355187044039,0.3108268528937005,0.05607893550020466,0.05389877685703113,0.06598389827320175,underresolved
4241,4.107352851532632,10.387745589707697,0.9130265897987185,0.9129544344626132,0.9132801765681404,resolved
4242,6.981181478817821,8.575916468113537,0.9634654629396179,0.9631938527491823,0.9634867972525195,resolved
4243,2.5090726145352265,2.392712525326656,0.7396120687812537,0.7393523405084431,0.7398935225499106,underresolved
4244,0.04933598508650535,4.421914853010696,0.0001167016434532291,0.0,1.0,indeterminate
4245,0.05310526086251988,5.495726771616104,0.00014672527034589997,0.0,1.0,indeterminate
4246,0.032731523745207325,0.5098394298191202,1.5902311457166133e-05,0.0,1.0,indeterminate
4247,0.39954436386749426,3.2509649531991194,0.048818147704198046,0.040313959082361024,0.05393370661396106,underresolved
4248,0.7807357312382096,0.2946448408325013,0.06586839283261998,0.06348155120481228,0.07554323539416728,underresolved
4249,15.204277484674831,1.0001005800666987,0.7025785698429672,0.7018829379974943,0.7028804673373827,underresolved
4250,14.3351304108495,0.2801099592911056,0.2677711617876331,0.2579930606203419,0.26852627323527506,underresolved
4251,2.4488152824848877,0.06132587356595548,0.048568776270890124,0.0,0.08315226096003937,underresolved
4252,0.1381367017092407,0.053022302567136546,0.00013566339192342812,0.0,1.0,indeterminate
4253,0.37675989563299744,0.06426112608175641,0.0028104636383665914,0.0,0.10612688624426697,underresolved
4254,1.1839512993108037,10.785514964938514,0.4439700060251256,0.4432963315036703,0.4445584108504633,underresolved
4255,1.2602543997858124,0.4448933072444468,0.19539241550340167,0.19361834943307998,0.19863224383155545,underresolved
4256,0.11113815479581937,1.7954439539649742,0.0011773942591703779,0.0,0.42290035216747646,underresolved
4257,5.894324245009805,0.6859165698303579,0.5420707945334001,0.54142741240686,0.5433220371132418,underresolved
4258,14.404081764000708,0.9704280783121106,0.6914114784415794,0.691142692716391,0.6921872097416738,underresolved
4259,1.3542511999005977,0.08009148638780444,0.04156201984725669,0.0,0.07911149812841503,underresolved
4260,5.832167587332979,6.570562000405547,0.9465676385382122,0.9464132339895279,0.9467201194003759,resolved
4261,0.04234022584833482,0.040017043911818366,3.026845616545485e-06,0.0,1.0,indeterminate
4262,24.11195964801931,0.3178160279132958,0.30210729748636705,0.296520915027667,0.30463430077937587,underresolved
4263,0.8196530207604823,0.5811793872251122,0.12800328118348545,0.12699670658318618,0.13202260350139236,underresolved
4264,0.038344948760059325,0.10119283277444165,5.663759804038096e-06,0.0,1.0,indeterminate
4265,25.593837362657002,0.7647308521175141,0.6060742317802833,0.6053648428199054,0.60691068620368,underresolved
4266,2.1891902798801923,1.4784923896863866,0.6233697191276354,0.622968209267203,0.6237706895219113,underresolved
4267,25.88492280994891,0.16212191057686323,0.15967484493723164,0.1390050867833424,0.17056124598414701,underresolved
4268,3.0853293085295537,1.8794338157764239,0.7599693170186749,0.7596811055383833,0.7602392303093317,underresolved
4269,17.66286765450504,7.788055891796139,0.9871071875729936,0.9869214413282689,0.9872013088985946,resolved
4270,0.14295050377341634,0.34671716116806933,0.0009283339303583034,0.0,0.4369181622880802,underresolved
4271,18.877208019242406,0.03527076158924727,0.03510098696856763,0.0,0.153176729452439,underresolved
4272,3.9691322744166624,24.21648967503789,0.9110423298950457,0.9109112382983282,0.9112362810789405,resolved
4273,1.7767332787205607,0.0468599156183139,0.0309781995850076,0.0,0.12889428879936043,underresolved
4274,0.07149372254531268,5.554018920536451,0.0003569066952803355,0.0,1.0,indeterminate
4275,0.6955863251437597,23.69592250498019,0.18603127483176446,0.18490807899769457,0.18890215798612664,underresolved
4276,0.8246421598791127,21.6720674872557,0.2572511875400049,0.25491529149751563,0.2576439461997046,underresolved
4277,22.21747983734918,1.5675928331689644,0.8405109355600994,0.8402467488793824,0.8407964007719259,underresolved
4278,0.5970925157519859,4.785313772972776,0.1318877072781415,0.1294869548207563,0.13515133167269158,underresolved
4279,0.10380892445867149,0.046000577307685225,5.05854684267294e-05,0.0,1.0,indeterminate
4280,31.482763387335048,0.7645549105223449,0.6064564003647673,0.6056806652431326,0.6072270213309242,underresolved
4281,2.1289332884980787,8.753955686681234,0.7367252452924973,0.7365025148751888,0.7370099498179927,underresolved
4282,6.3249884336224955,0.2184587065208665,0.20566587936591263,0.19518596760838106,0.2122675622797854,underresolved
4283,1.6908253225039382,0.31297258047525767,0.19046589946831916,0.18745022358549426,0.1960944654108584,underresolved
4284,23.878143168833017,0.13099743669417596,0.12954675644047484,0.0717354722528442,0.13152157823231597,underresolved
4285,1.2212748262656454,0.04231198865064453,0.019580361860669755,0.0,0.06553518444486142,underresolved
4286,25.299518069399333,0.24835049878210114,0.2404648789275872,0.2341065056257827,0.24721082351193394,underresolved
4287,0.036299172321130585,0.10692537093036071,5.075099624977805e-06,0.0,1.0,indeterminate
4288,0.5047149571956115,2.030986648039237,0.0820679253537518,0.07735615909348281,0.08571393090534792,underresolved
4289,6.150303413665628,0.6911608359333308,0.5467480646656161,0.5451438027067116,0.5470154984604667,underresolved
4290,3.5609598607725044,0.06413630837674367,0.05711680835329843,0.05118814568151077,0.15719537161485247,underresolved
4291,14.94211569064151,0.3144912192787646,0.29800067386468,0.2931242281692247,0.3013884610067293,underresolved
4292,0.1670864874830445,0.09390436759624707,0.0004184713429294197,0.0,0.9679373259777961,indeterminate
4293,0.05251666649107371,3.0456275155293926,0.00013704564026500874,0.0,1.0,indeterminate
4294,7.961376509457073,0.08932898165270892,0.08690984038832515,0.020423676463703345,0.13356986887319275,underresolved
4295,0.6771722369278946,0.21099369602143933,0.03639329933300182,0.031046342085610166,0.05108405451521629,underresolved
4296,0.96475552910406,1.957820519068849,0.2980735243178006,0.29672096237866247,0.29882551823573067,underresolved
4297,1.085633173326276,3.937217539982571,0.3856635153776766,0.3844809059282502,0.3860231183582415,underresolved
4298,0.17312904908554408,0.37118704718060924,0.001727564802828638,0.0,0.12386787972410031,underresolved
4299,0.1525325718354006,14.772115515780078,0.0034206765677007264,0.0,0.037968221979757154,underresolved
4300,0.0727102474561,0.1954305599715082,7.31484819160932e-05,0.0,1.0,indeterminate
4301,20.91745763249616,0.8149916869941386,0.6295956974947962,0.6286481715625607,0.630036081026518,underresolved
4302,26.7435515196892,0.06184019865654547,0.06159306969731537,0.0,0.08652574955432628,underresolved
4303,0.151786014643147,7.744682552429282,0.003351710654664773,0.0,0.16743096484105682,underresolved
4304,0.3142466812463658,0.18477067901619448,0.004895606828434616,0.0,0.06518801542499716,underresolved
4305,0.04249954531792026,13.229341570653014,7.633787576497687e-05,0.0,1.0,indeterminate
4306,0.5641433733527639,0.9316799998104281,0.08086174355932464,0.0759704478453555,0.08320189578190289,underresolved
4307,0.03593329186562679,0.046576665972873486,2.1545086739006216e-06,0.0,1.0,indeterminate
4308,2.608909429032963,0.6040866558788557,0.4209646601648207,0.4194736115581329,0.4219761415085238,underresolved
4309,0.12739371105196598,0.1449950294106295,0.00028959544245470435,0.0,1.0,indeterminate
4310,1.1012106601791993,2.4612111435460733,0.3758887429220484,0.3745275591727492,0.3760938307425142,underresolved
4311,0.3346138426592842,3.037915781890832,0.03034972619764216,0.02113922756740436,0.04121059811627091,underresolved
4312,5.358618424444209,1.0009031714390522,0.6720172423396282,0.6712871099125564,0.6723103453872945,underresolved
4313,5.785049520758032,0.7219985842368646,0.5600816243471948,0.5587058803492141,0.5604420266759841,underresolved
4314,0.04870312789117042,20.23828417641879,0.00011497347605574102,0.0,1.0,indeterminate
4315,0.9297027991283566,0.11371832128973725,0.03566830858786586,0.0,0.04870242067445055,underresolved
4316,2.8121211703322397,1.4808717621398355,0.6931850486604533,0.6928331795499374,0.6935391652511673,underresolved
4317,0.46996542246196715,2.5836312821042533,0.0717599291324265,0.06841748396235639,0.07812777412633934,underresolved
4318,5.891726123997248,0.0687517049177295,0.06572913325449645,0.0,0.11509859663732581,underresolved
4319,0.4342792448241079,0.07692862168048428,0.004847983515426122,0.0,0.04597167613191967,underresolved
4320,1.2276741312786073,0.16416772256113682,0.0755062611236913,0.0715100252312919,0.09877966664525326,underresolved
4321,25.33174705582322,0.14704347563005388,0.14513972374160558,0.11188579544213557,0.15269678581441612,underresolved
4322,0.26282414508277585,0.12781863190579457,0.002082369313590976,0.0,0.04561053058237143,underresolved
4323,0.6990471035566044,0.04939680786709212,0.009278819475538144,0.0,0.08362288668310876,underresolved
4324,14.866824448523898,4.78468640594211,0.9722441724015976,0.9721516412802228,0.9724501294562462,resolved
4325,0.20733804911887066,4.906252857792313,0.008199337098951955,0.004454621001145205,0.0809926825470168,underresolved
4326,0.12992663402597296,0.034719882083467546,7.421745238181548e-05,0.0,1.0,indeterminate
4327,0.12994970114176677,5.5522950063877605,0.0021061284579904373,0.0,0.14135978874138636,underresolved
4328,0.05476989845344227,2.011966242351252,0.00014646546706664434,0.0,1.0,indeterminate
4329,0.8329073021726406,5.7016233752855845,0.25819210199034426,0.25624284739329095,0.25893017374502336,underresolved
4330,9.271463548157335,0.1490295747031389,0.14486642931975022,0.1347162826237112,0.16914676178941362,underresolved
4331,0.06526198325848197,0.040862666158043195,1.127655754389171e-05,0.0,1.0,indeterminate
4332,0.2220698586357779,0.6757668023517827,0.005704632258309966,0.0,0.03184534262719631,underresolved
4333,0.11501510693336861,5.447857585423302,0.001467261937882689,0.0,0.3325649496652378,underresolved
4334,0.09834685715388644,3.3697271754365437,0.0008988416957364567,0.0,0.5728860978179241,underresolved
4335,6.770716040338799,0.09585578417628067,0.09237928265768923,0.0,0.12099697998167379,underresolved
4336,0.24191980710275585,0.03784024883375241,0.0004915930798738633,0.0,0.7627919010851306,underresolved
4337,0.26914391270842386,0.15003732792727906,0.0026047161783555066,0.0,0.0452053248093422,underresolved
4338,20.7588756618404,0.04571587770648039,0.04550967709897028,0.0,0.1494879443781304,underresolved
4339,6.435899003351746,23.577194733410728,0.96398251721101,0.9638455537678664,0.9641341053831118,resolved
4340,0.03562793484398306,7.359889728448788,4.472736813790043e-05,0.0,1.0,indeterminate
4341,0.2448343478076849,0.0459091681837567,0.0006167866651368253,0.0,0.8538531784735485,underresolved
4342,11.153906865707494,0.06434712770499666,0.06344780188090822,0.0,0.112295535638432,underresolved
4343,0.08771643650831833,1.3223694317436,0.0005321597668253618,0.0,0.7957916017987339,underresolved
4344,0.6429266543313763,15.391630700455549,0.1578312034573878,0.15379793602374803,0.15857530633141642,underresolved
4345,1.219421262233867,0.8653471925637499,0.30252956057947866,0.3009410127715225,0.3031130736635566,underresolved
4346,22.912544233971406,0.33808102567707765,0.31935981830927673,0.3145442786422048,0.3217250798341282,underresolved
4347,21.461796268877247,0.24336645788890734,0.23569663326856036,0.23020921649183038,0.24378625146776625,underresolved
4348,1.214646552255665,17.011428914038007,0.4593476473268129,0.45868062465062515,0.45987768163473564,underresolved
4349,5.521351872736533,0.04322190603549867,0.04114078816150961,0.0,0.172292874500152,underresolved
4350,4.571834991939691,1.2077672082724402,0.7181017092925949,0.7178531525024707,0.7186496319978382,underresolved
4351,12.715161203600628,24.152651357353502,0.9899452283417898,0.9897795571773897,0.9900525369500857,resolved
4352,0.501899382052467,7.926426991340703,0.08954987431514698,0.08678986056443108,0.09510866895841916,underresolved
4353,0.4921397710459193,0.057077397748139774,0.004906086172564557,0.0,0.07189885985313842,underresolved
4354,0.4489269830135941,11.521096741283692,0.06843723389377747,0.061748651024445184,0.07234828954067446,underresolved
4355,7.883341419143408,19.51606588809647,0.9750610394195673,0.9749253684245075,0.9752074016556557,resolved
4356,0.44036238168415764,0.2307838916072154,0.014719930991270237,0.0,0.026300105271237346,underresolved
4357,0.04498847056463492,0.5343576722879242,4.2783478855638397e-05,0.0,1.0,indeterminate
4358,7.9864505190353645,0.046477746016258446,0.04535679705845985,0.0,0.16352430830295148,underresolved
4359,1.5867590707654637,3.4076688744080066,0.5810149221814879,0.5804872717619487,0.5812845122210583,underresolved
4360,19.11801403338266,0.07838585324984154,0.07782652537074922,0.0,0.1043299873354414,underresolved
4361,0.352255256587815,0.07474699868091063,0.002733747153426187,0.0,0.10446269548885954,underresolved
4362,0.31513433619441955,0.8227769301272022,0.017251530356562086,0.01123541349544699,0.03676853337933729,underresolved
4363,0.2047756900758272,8.258373212405829,0.008015204846603886,0.0,0.0523499162709458,underresolved
4364,1.6243469032563744,1.481302121861717,0.5118127021980949,0.511187800903801,0.5122192164701903,underresolved
4365,0.1258987905410788,1.0802594802929526,0.0014302849108050115,0.0,0.23388179189704691,underresolved
4366,0.10379607553031343,1.9235317916451156,0.0009763680599938031,0.0,0.9970091003804467,indeterminate
4367,0.09024253730103822,0.17177067128927792,0.00012290936372049454,0.0,1.0,indeterminate
4368,0.07037125370949959,0.6432000492875263,0.0001871260649980032,0.0,1.0,indeterminate
4369,0.07905443174162431,0.2552496850165858,0.00012105407676880343,0.0,1.0,indeterminate
4370,14.919678964401713,3.4854768930767985,0.9547799492211312,0.9547115294792903,0.9550354175738461,resolved
4371,1.6916622152438692,0.8533341360957837,0.41408961292424623,0.41317104746544253,0.4148593786992701,underresolved
4372,27.602404472492424,0.03200889654318076,0.03192962839300385,0.0,0.1189240241780746,underresolved
4373,0.7103418036552864,3.087091169633735,0.18476060364493394,0.18201391989708113,0.18589636054607594,underresolved
4374,10.47022288081207,3.825237276100816,0.954397966733485,0.9542270258451245,0.9545456199508235,resolved
4375,0.5679993392892312,2.199961879112763,0.10967413842444146,0.1049929017785161,0.11144074486207028,underresolved
4376,0.04568590641675839,0.5722879534480856,4.721539145789988e-05,0.0,1.0,indeterminate
4377,1.8519696824081144,0.6540240587866709,0.3729019763186211,0.3716354737940189,0.3740008892089147,underresolved
4378,2.5860023165060486,0.30513361900129965,0.2367967022310739,0.23085182676534158,0.23979271081329165,underresolved
4379,1.5885560666860798,10.19809747715428,0.603206973921583,0.6027423831729094,0.6034885035731098,underresolved
4380,0.7831101897787394,1.6816223973529376,0.20144767050077364,0.1992155710293129,0.20251810631107342,underresolved
4381,0.956977564849959,0.5080805413020226,0.14970800581434043,0.14747606909846733,0.15245380348204532,underresolved
4382,0.40603432714967386,30.432387615443,0.053215867734762966,0.05258258600725236,0.06593287450897893,underresolved
4383,15.0558822025882,0.675611400107149,0.5561366826185651,0.5546967507515709,0.5566256810512001,underresolved
4384,0.6433329151507634,3.676870772420774,0.1528248968167441,0.1508213239377937,0.1556352445484064,underresolved
4385,8.375606404490398,0.29022255972646105,0.2728662926418845,0.26882383707436375,0.2784507335214763,underresolved
4386,0.9474918538723704,31.58624898642183,0.3252022689384827,0.3233492665380779,0.3253564771688499,underresolved
4387,0.261147280383167,15.59209172053627,0.016098580354420553,0.0027690138145418657,0.03558256679728128,underresolved
4388,10.076290358477415,15.756001198407267,0.9834273804033622,0.9833392820720409,0.9836168107286644,resolved
4389,0.6963040001883385,0.14494016924351139,0.026764046307154822,0.019084741380573377,0.05472089736870824,underresolved
4390,0.26333828844217655,0.7286769387744053,0.009725583859991394,0.0,0.026272730471777875,underresolved
4391,0.03516992201702552,2.5187839692509746,4.035761141424002e-05,0.0,1.0,indeterminate
4392,0.15617980620750807,2.5001135963916634,0.0034115285869022747,0.0,0.18704241672937397,underresolved
4393,1.8070220767163903,3.9258222892902466,0.6490982228869664,0.6489318240639456,0.6495851331292218,underresolved
4394,4.814909958683741,0.3132288727160677,0.280561457519386,0.27360640209276926,0.2820315076212669,underresolved
4395,0.17866319285774818,0.03406453401078459,0.0001852194165686933,0.0,1.0,indeterminate
4396,0.08920822480179902,23.725475411207103,0.0007009153060150749,0.0,1.0,indeterminate
4397,0.1262658813439402,2.01652092369665,0.0017612006499900326,0.0,0.18692463582873206,underresolved
4398,24.976370024051263,0.046102544770188846,0.045943112062343236,0.0,0.09092308306821474,underresolved
4399,7.212341570566146,7.069885764904643,0.9622633035574275,0.9620608929235834,0.9623567815163314,resolved
4400,0.3385967660830221,0.42891677672522516,0.013003033997306132,0.005704625165736157,0.031156007695570878,underresolved
4401,0.03703815479811988,0.22665417416863673,1.1208318676344068e-05,0.0,1.0,indeterminate
4402,7.587780437001793,10.183013256090039,0.9698359375576596,0.9697786418267124,0.9700662092650872,resolved
4403,0.6909845754965844,25.87681376387644,0.18357247069895027,0.18194166956873328,0.1860004976996372,underresolved
4404,30.324206775909573,0.05874795585366651,0.05855130247627417,0.0,0.10973806143458457,underresolved
4405,24.631137945664765,0.10685442361093982,0.10598742003779747,0.08380192054258147,0.14787988222499818,underresolved
4406,3.009586036715763,0.040597101416471534,0.034666952130874305,0.0,0.10785379614451002,underresolved
4407,1.6722469515342122,0.032901510289980465,0.020788468500064168,0.0,0.15409206238915388,underresolved
4408,4.919739103907469,0.9979163348220855,0.6647493587852042,0.6645992462974689,0.665631698207072,underresolved
4409,1.5318933563124266,17.649040530549904,0.5862258244045035,0.5857059377361492,0.5864925518938154,underresolved
4410,0.0879705971754153,1.174814377320438,0.0005124531660123201,0.0,1.0,indeterminate
4411,0.30375479837795616,0.33626181133411115,0.007825140673614034,0.0,0.03008292699623308,underresolved
4412,9.509051360118189,0.04526268984552539,0.04447654397747396,0.0,0.1481087077806345,underresolved
4413,0.6039423941080184,0.0973337260128747,0.013385186189418835,0.0,0.026020087364719214,underresolved
4414,1.264771709549283,0.03232348788599874,0.015593952144161802,0.0,0.12848387997261426,underresolved
4415,15.331811908574954,1.0750271989232936,0.7275477493747831,0.7272178813932212,0.7281117786717454,underresolved
4416,18.575640581124244,0.8314297729431774,0.6365509768962003,0.6357773553736805,0.6371191984903503,underresolved
4417,13.314302544281258,0.999132934482623,0.7008612383691318,0.7003914249927264,0.7013910340506073,underresolved
4418,3.004911382256448,0.13333541237435573,0.11290040059721297,0.08212153225776432,0.13031573702176966,underresolved
4419,10.749575992153234,0.07495815462746913,0.07378853401570712,0.0,0.09096706249437427,underresolved
4420,7.735231172492932,0.07372274967125017,0.07171780280469212,0.0,0.13526000102687338,underresolved
4421,16.430024888143258,1.8134766050073783,0.8708442361084107,0.870605269260616,0.8710820696563568,underresolved
4422,1.69485517386242,1.9143185278626311,0.5662538810899052,0.565861501888547,0.5667161629703635,underresolved
4423,1.8213016930003272,0.03345892574339197,0.02252270400781877,0.0,0.12620229823428225,underresolved
4424,0.07836121535578762,0.06528551731453816,3.106052898019817e-05,0.0,1.0,indeterminate
4425,0.7702625969086928,0.22630301755607413,0.05015488504846135,0.0367269976447203,0.05620858462213965,underresolved
4426,4.670107727420111,6.275105913242387,0.9233146580675047,0.9231707468627302,0.9234941698073196,resolved
4427,0.24287485656951086,0.15949385949502934,0.002070618999381844,0.0,0.0966584761856832,underresolved
4428,8.084711016203661,15.38999819288596,0.9754252803157024,0.9753248817645371,0.9756072096160158,resolved
4429,0.17595166932749573,9.533338969543879,0.005175375598623326,0.0,0.1014156001834889,underresolved
4430,0.6187149048158284,1.0908708548617707,0.10736932066741547,0.10429294522339594,0.11009392973959148,underresolved
4431,6.210944030467618,1.4367021599775773,0.7898456275633187,0.7894883635671593,0.7901155597304822,underresolved
4432,0.31912866829772923,0.09712206094261519,0.0027164206749382388,0.0,0.11566931064320819,underresolved
4433,5.477160866327587,0.06873332723022571,0.06528039383161152,0.016339225706827182,0.1492531854672614,underresolved
4434,1.3721805629144166,4.50318458404163,0.5152779404995722,0.5148806279362179,0.5158612329296192,underresolved
4435,1.0101455128202164,1.5505897499580783,0.30163303190953394,0.30115005202733197,0.3031837494002756,underresolved
4436,4.103884239273748,0.3958163694961419,0.3375311072217607,0.33643716510880944,0.34171625014025225,underresolved
4437,1.7611430992791932,0.061719493398434674,0.040508555083611314,0.0,0.12569284165872208,underresolved
4438,0.17053010399178078,0.048954178630497606,0.00023227321538739086,0.0,1.0,indeterminate
4439,4.917615545816418,0.15468108907853542,0.14384901393788602,0.11611517523897762,0.15221020277646108,underresolved
4440,0.4760205754384851,1.543391456126958,0.06663627256428858,0.061939629067553514,0.07154244058318912,underresolved
4441,3.178558812973013,1.7466323408747668,0.7532714947214548,0.7531470020590469,0.7537304753149169,underresolved
4442,3.610150565000988,3.1847811247954168,0.8539320106950776,0.8538514326805896,0.854252694996809,underresolved
4443,1.7913301660743335,23.724760613527476,0.6651110582528729,0.6646887493995979,0.6653087180239777,underresolved
4444,0.5207763925335945,5.852117293273025,0.0971357621097604,0.0929870442162235,0.10065245010345585,underresolved
4445,2.082464582966693,1.4946258255248852,0.6088320211730762,0.6083754579808286,0.6091982342985236,underresolved
4446,0.31652356055937997,9.484949277059052,0.027328631033519443,0.018388595805349496,0.04116634369791464,underresolved
4447,13.940449015506811,2.694391617405036,0.9303231403585711,0.9300984422894668,0.9304602746256099,resolved
4448,1.189690629899506,3.0729152530322787,0.4265502770168529,0.4260806705358827,0.4273942585480232,underresolved
4449,0.2667605185457176,20.10840010350762,0.017101966718279966,0.004194263474025594,0.03595526224318963,underresolved
4450,0.3654143430361276,25.717862721348627,0.04039992276144007,0.028759456675489695,0.04494689578247114,underresolved
4451,2.841170923565458,0.18435775230614201,0.1521679228810254,0.13173107617794944,0.15685114922891352,underresolved
4452,7.8948017012663545,2.914235726144452,0.9235476604357435,0.9234185658024991,0.9237760503409564,resolved
4453,0.15294583493858624,1.259313092588062,0.002706325840802505,0.0,0.096115136704323,underresolved
4454,14.081814187210517,5.021642423541901,0.973370676835782,0.9733318347122651,0.9736281430567255,resolved
4455,0.7172535531137907,10.383592367591689,0.1970742379731669,0.19416647617944938,0.19790453995524368,underresolved
4456,0.14960434581519877,3.9042304805162487,0.0031377280231724932,0.0,0.12786703239464492,underresolved
4457,0.09071811373580094,8.063517020881452,0.0007318608128369883,0.0,0.4966569455522117,underresolved
4458,0.041391295186276225,2.827413279082695,6.668349614557959e-05,0.0,1.0,indeterminate
4459,5.5736784480136565,0.11493507333947879,0.10888387839374451,0.0625643266086236,0.1309504787475972,underresolved
4460,1.2807309421052744,21.681707176919023,0.48914693186620556,0.48904789585570996,0.4901271937608484,underresolved
4461,0.7891040061611653,5.646619191733153,0.2340698643366749,0.2330126712346147,0.23603897248832015,underresolved
4462,1.5045803589192366,0.06976609179788176,0.04020300049896205,0.0,0.10896412446412931,underresolved
4463,1.6650188119415343,0.07980936112153887,0.05012164615682856,0.0,0.09970035475902518,underresolved
4464,0.04158097853145938,20.19184262888963,7.161876227106213e-05,0.0,1.0,indeterminate
4465,1.9600243846641443,0.03600854644746308,0.025433868349603206,0.0,0.10581695212705355,underresolved
4466,13.74157853206062,1.967330534989242,0.884412199028197,0.8840859127156497,0.8845316821435637,underresolved
4467,0.7493976857236192,0.27319537552542966,0.05683637198992379,0.04855656285306792,0.06284416546129878,underresolved
4468,0.03187515007825298,0.6237178208319839,1.7113091012779395e-05,0.0,1.0,indeterminate
4469,0.08254570195137217,0.04619549506071472,2.569190942543397e-05,0.0,1.0,indeterminate
4470,0.24930536269765463,0.3437968549204644,0.004602110257223811,0.0,0.05920882889340337,underresolved
4471,6.315947584245994,5.684548962314185,0.9489708115682417,0.9486792515277066,0.9489873732606346,resolved
4472,0.0981387286196714,0.09544847734043208,8.852721310776948e-05,0.0,1.0,indeterminate
4473,0.0862407986922183,26.428235361175577,0.000633870413481103,0.0,1.0,indeterminate
4474,8.419919468605652,4.310732113551735,0.9538791016912503,0.9537503067255017,0.9540636339127676,resolved
4475,0.3363333456643789,17.702730268280575,0.032344834357514514,0.025240721590413004,0.04523042127611062,underresolved
4476,18.156306678547658,0.09966776163587802,0.09872681331010441,0.08224282662916381,0.1504311734124374,underresolved
4477,6.804189556098868,0.6413500296001352,0.5228290804402985,0.5208911488262394,0.5230269521042563,underresolved
4478,1.0791030059734374,2.2165128430289647,0.35969324448407214,0.35828588113074167,0.35994151261210805,underresolved
4479,6.51309694495265,0.08475852638723096,0.08155496526524925,0.03355068878904655,0.13877257077404737,underresolved
4480,0.10404293992696168,0.5435213662990507,0.0005292197075730447,0.0,0.8455012806626118,underresolved
4481,0.998582634598269,18.52718774592617,0.35228867005627923,0.35185308897679407,0.35364430004318426,underresolved
4482,0.4802124582969511,0.9877301269384337,0.057004663536452366,0.05364646126407763,0.06355141675734594,underresolved
4483,0.5683703683698678,0.8326649243161177,0.07720257373736893,0.07323253163836287,0.08058369286332964,underresolved
4484,2.642547877011291,0.1524378219663906,0.12328752027281505,0.12013769465568404,0.15154047070427168,underresolved
4485,0.11688639520167636,0.20322900007358974,0.00031163712843622435,0.0,1.0,indeterminate
4486,0.10885435999050962,8.77693171546865,0.0012591082226722898,0.0,0.12664963843617155,underresolved
4487,0.549902112969045,0.6535616162740916,0.06120631644392206,0.05946969152681274,0.06809708566352944,underresolved
4488,2.2217608885888667,0.538658690435005,0.35960013239409383,0.358769726755499,0.36188846779618544,underresolved
4489,0.07181663626988632,2.3135243931121274,0.00033738770410962697,0.0,1.0,indeterminate
4490,0.16930340434151847,0.03899109493997514,0.00018122684886147516,0.0,1.0,indeterminate
4491,1.1170924222791767,0.7063276644298052,0.23862899448744693,0.23744326460813414,0.24036794850749146,underresolved
4492,0.10532468489277717,2.63862887595178,0.001074635061176618,0.0,0.9409946881508175,indeterminate
4493,5.688809532179611,7.690451952618449,0.947402184934762,0.9473266356582014,0.9476308839424896,resolved
4494,0.06391325836331951,0.07577300724748935,1.960597964999329e-05,0.0,1.0,indeterminate
4495,2.427759449562502,9.472991363053701,0.7861440187357831,0.7858936955257523,0.7863384124828205,underresolved
4496,4.104239407704213,0.035958336434170395,0.032957193449354355,0.0,0.13730328879686848,underresolved
4497,6.152223691995156,9.805940877661675,0.9566776317812142,0.9565282834186275,0.9568243481635896,resolved
4498,3.1922605053224564,5.119998394623631,0.8528835375732122,0.8526638919549229,0.853047104966513,underresolved
4499,0.031666906548490636,0.04468467295740654,1.415433340607513e-06,0.0,1.0,indeterminate
4500,0.9379314978526386,6.718876905606901,0.3166777182379151,0.31532647635618044,0.3173916218634264,underresolved
4501,1.2391988497979918,0.07779551159729042,0.03655465115695755,0.0,0.07698836027884647,underresolved
4502,28.038498974081413,0.7385724869643195,0.592969025187542,0.5922352378546367,0.5938768148979533,underresolved
4503,3.88819479986484,1.7841535409718772,0.7924149365277343,0.79204237633893,0.7925831522829768,underresolved
4504,0.11328026115065873,1.1784280103451459,0.0010873747942275042,0.0,0.9891181614993481,indeterminate
4505,0.6434981709213279,0.055311709892077995,0.008751453370937459,0.0,0.07132410667835176,underresolved
4506,0.282748390680798,0.8871711573654371,0.013366979431118671,0.00022797500888285203,0.02691175503733595,underresolved
4507,1.6715463511039463,0.0886037053511381,0.05577653664967669,0.0,0.06352383302979135,underresolved
4508,0.07296140257257293,0.23171455027485846,8.697959817838848e-05,0.0,1.0,indeterminate
4509,0.06869123102478321,12.10024910642463,0.00032074453646150925,0.0,1.0,indeterminate
4510,4.045781903376219,1.0000049065874257,0.6469274530795187,0.6461870499501373,0.6472360222635027,underresolved
4511,0.32058126958751937,0.05529217495316325,0.0015706754257185632,0.0,0.1421604865580493,underresolved
4512,11.846297016204854,0.5028448858036255,0.44448630850701437,0.44281446265807994,0.4461423499194719,underresolved
4513,6.213300731902147,2.5506192843206623,0.8959661162543744,0.8958286426596994,0.8962193406867733,underresolved
4514,0.7621663927013855,0.05001817549842015,0.011127024181594261,0.0,0.06636012828091505,underresolved
4515,4.543537483061182,3.2930552550127854,0.8913125329547601,0.8912354761621093,0.8916051437265773,underresolved
4516,0.12558006014155906,1.4449172933024992,0.0015906995368109383,0.0,0.21231454927771012,underresolved
4517,4.1478772828695885,0.22489517943680085,0.20158665642048273,0.19301097148686816,0.20907697417773055,underresolved
4518,1.4191890487576724,27.521302462874143,0.5458813954127899,0.5456587203621427,0.546552709207624,underresolved
4519,3.831850837861044,7.160661288691898,0.8971902237919533,0.8970055388823935,0.8973464237777493,underresolved
4520,2.564030539050463,1.8454680860786246,0.7109783831963478,0.7107454767156332,0.7113624476126237,underresolved
4521,0.062491011848706986,0.2039036926558797,4.847224356471323e-05,0.0,1.0,indeterminate
4522,11.389756538062441,0.073494475839144,0.07245736708570372,0.0,0.13493891842075978,underresolved
4523,25.301815856378113,11.460597041391319,0.9938851742178872,0.9937024351882492,0.9939752600606316,resolved
4524,2.0605263280541775,0.22960008849243438,0.16294355592192275,0.1595103729004342,0.17466175465046463,underresolved
4525,0.6557791938971346,8.212791724358956,0.16370124324312285,0.1626154912702629,0.16718528389815912,underresolved
4526,13.910428653756481,0.3956739859671986,0.36508656689443053,0.3638145301500629,0.3690537419151814,underresolved
4527,15.088414859612392,1.9868269805833458,0.8873863898109241,0.8872227452482959,0.8876639934652378,underresolved
4528,0.9111502484280564,0.07525884897847114,0.022927419099802285,0.0,0.07394612242327821,underresolved
4529,0.3900687821975401,6.493180741821786,0.047431595133585164,0.03459982842045851,0.048650274441316095,underresolved
4530,0.06553891769926957,0.09947635777821966,2.768772452484715e-05,0.0,1.0,indeterminate
4531,0.22486354457529562,18.01481996986459,0.01054278980386164,0.0,0.03888285526015825,underresolved
4532,0.0391472672459203,0.19138757686822003,1.1251457916118518e-05,0.0,1.0,indeterminate
4533,9.727108669193289,16.278905554448112,0.9825014318971025,0.9823312453139471,0.9826092644428595,resolved
4534,0.4044117344772439,0.16547588576058075,0.00860325894982737,0.0,0.02704264275328092,underresolved
4535,0.19893799116227684,0.8388449274644405,0.004773739653568753,0.0,0.06405221837841052,underresolved
4536,11.660658466711773,0.13736594343371425,0.13460038722117823,0.11834700931198738,0.1595227571391887,underresolved
4537,6.32817744556859,0.03244830665058046,0.03125330217836949,0.0,0.1795170974373192,underresolved
4538,12.422971782069995,0.4078679595139978,0.3740214440912082,0.37215910088034415,0.37711374292755406,underresolved
4539,0.1670697525423904,23.415879011721657,0.004470578428576702,0.001497713554194845,0.15132340814562964,underresolved
4540,14.557947572449219,0.045024174609225316,0.044662131022238837,0.0,0.14808727465004498,underresolved
4541,2.1571012424849605,0.2839857089535248,0.20400349453515632,0.19692405553604728,0.20731023331695347,underresolved
4542,0.045784394248180295,0.1568321344230351,1.4823369881285263e-05,0.0,1.0,indeterminate
4543,3.154579703761903,0.7147334284523262,0.5036814447460829,0.5025089886979812,0.504343748638776,underresolved
4544,0.3237851725490241,0.034845715247732535,0.0010179103465597192,0.0,0.31847395054705496,underresolved
4545,3.0616990759659584,21.70618626290649,0.8580402793068904,0.8578449119441593,0.8582139031342672,underresolved
4546,1.8077655458697537,0.03913097238161275,0.026198450556483087,0.0,0.14023737832068683,underresolved
4547,1.0773630907970766,6.157518183512423,0.38863168253952246,0.3880483100480521,0.3895887615314542,underresolved
4548,3.44215881078759,0.048588766563143204,0.042977391833347776,0.0,0.10486606022222845,underresolved
4549,9.936574250563812,0.05536485404521076,0.054450880192457196,0.0,0.10763938028015263,underresolved
4550,1.6712011105043936,0.19996021235328512,0.12389593034212672,0.11242512321614176,0.13308521916471608,underresolved
4551,28.592620906062983,0.6298397361126999,0.5319642409942305,0.5311591557953179,0.533341046117839,underresolved
4552,1.7411319920678345,17.380203734844258,0.6509848090532839,0.6505737448991894,0.651220004320469,underresolved
4553,0.08087201142918474,0.07453940898440485,3.893415753556759e-05,0.0,1.0,indeterminate
4554,0.9593022649869196,0.4999521601354398,0.1483569260068428,0.14489187752764085,0.14994052538262248,underresolved
4555,6.389799185939069,0.47166406089355906,0.4113877080901481,0.4088646677976854,0.4126420517649592,underresolved
4556,12.22052310463001,0.18970733891977637,0.18452661811731044,0.1809888029226212,0.2024715716390952,underresolved
4557,11.123150778831032,0.06798746259231492,0.06701674492415277,0.04683198148159314,0.15900050413251013,underresolved
4558,15.366267093695537,0.1190443430803526,0.11746269409204405,0.06625314254129665,0.13312437627570653,underresolved
4559,0.332782950504246,16.105137731414665,0.031421460550211576,0.01879114334914541,0.03847084050883184,underresolved
4560,5.855253201864233,25.029014444020277,0.9570269109488204,0.9568793811465426,0.9571723237486398,resolved
4561,0.142275706330216,28.65658800425251,0.0027930129391630543,0.0,0.03343022376765145,underresolved
4562,0.20197187648323445,3.628373740277583,0.007480465726382409,0.0,0.06789295810263574,underresolved
4563,0.145616526039959,0.3566130747223998,0.0010049978257607223,0.0,0.2896252750421328,underresolved
4564,3.2197803530599334,8.491083603286032,0.8650070755124328,0.8649090928769341,0.8652748747639165,underresolved
4565,0.05544331801512211,9.596625494883796,0.000168734176678888,0.0,1.0,indeterminate
4566,0.23344656454883975,9.433996845217553,0.011683366779974924,0.0,0.03609725621076399,underresolved
4567,1.2072579757466435,0.2705821709783692,0.119295290322742,0.11524256369857731,0.12705306040464437,underresolved
4568,1.2946718226393548,4.820759836585352,0.48535436664863535,0.48510981495229255,0.486193535082948,underresolved
4569,0.42652126176914673,1.0310635131860153,0.04334767859322266,0.04237392391322964,0.055208033691119575,underresolved
4570,0.12449990398208761,3.429819032147708,0.0018103836937512924,0.0,0.2781077672346735,underresolved
4571,0.2710054635695611,1.1580139824312372,0.013544984289033675,0.002100532519767383,0.03438757604282704,underresolved
4572,20.329791723533344,0.14427745554972374,0.14228216121323464,0.11338994894115258,0.15440760347984145,underresolved
4573,0.16402377440502977,0.8286190243314571,0.0027056610779507967,0.0,0.18325966238475938,underresolved
4574,0.09220541968991379,1.4918454216632593,0.0006429433215323369,0.0,1.0,indeterminate
4575,17.223403632512706,0.15451328138548392,0.15193231304449453,0.13948131197717858,0.17224450934654023,underresolved
4576,1.48608383015382,1.1188532240345532,0.4257876592109449,0.4251482569135233,0.4265468899370939,underresolved
4577,7.336611428537625,0.3595478250971302,0.32912825509478316,0.32617111996531833,0.3325191772707621,underresolved
4578,19.366381126572378,0.0694101910782743,0.06896757911368709,0.0,0.14807361305748099,underresolved
4579,0.5760947151896507,0.05188461240852422,0.0064451988640574324,0.0,0.08190337989018759,underresolved
4580,20.941132272805916,13.942291509847312,0.9940356527832709,0.9938325726920502,0.9941044476911003,resolved
4581,4.268538802227013,0.45153396192186973,0.3798320143080847,0.3784562797344262,0.3825740370578719,underresolved
4582,0.14269824341207518,0.15052667244432763,0.0004196354360344551,0.0,0.7179766865249416,underresolved
4583,27.572210603053914,3.784137641032006,0.9649070637713201,0.9647545403415424,0.9650675185439884,resolved
4584,13.115812601366812,0.055487460180151965,0.0549226344582117,0.0,0.11286388664171164,underresolved
4585,0.09336967411792871,2.2057772580989474,0.0007317686569390894,0.0,0.7225117820912358,underresolved
4586,0.42783474552595707,26.547791935672564,0.060816260349944334,0.05794561435934404,0.06977956156076089,underresolved
4587,0.22426155306680723,0.12929248003876576,0.0013436060130967188,0.0,0.21737077222090484,underresolved
4588,0.03338452265986691,7.887464346897993,3.685082281556716e-05,0.0,1.0,indeterminate
4589,0.20869196384009658,0.05740347142841693,0.000488618183084998,0.0,0.9694858796827547,indeterminate
4590,16.768347267621788,1.357716655264948,0.8008992007579318,0.8005836728011627,0.8012342656577544,underresolved
4591,4.365151583385675,1.3722557455169793,0.748488155418202,0.7479877494156418,0.7486739082097457,underresolved
4592,13.987581416109641,0.04099653022330726,0.040650073806268915,0.0,0.1411589182685888,underresolved
4593,4.389108885762254,0.7068802174363057,0.5350310430122004,0.5344044940999707,0.5362231676778182,underresolved
4594,0.18449013143086568,0.03750449613045464,0.00022381730499205764,0.0,1.0,indeterminate
4595,0.048760179206688674,0.5303065922421817,5.4120673051200334e-05,0.0,1.0,indeterminate
4596,4.609650641405352,1.0982976755307683,0.690134551747619,0.689830106000766,0.6907343943018324,underresolved
4597,6.232459479111208,0.1338634780495554,0.12771641944700282,0.10745520512150082,0.15155112496583706,underresolved
4598,0.3967978699927664,25.619630697261186,0.05013313610115332,0.038570608947300765,0.05218977453643282,underresolved
4599,0.04642155732404775,1.1046975414277482,7.392457106502504e-05,0.0,1.0,indeterminate
4600,0.7269348923042145,0.7432276771047034,0.12126575884215747,0.12007524070151232,0.12506130428643686,underresolved
4601,26.772969552922586,0.09092083355923741,0.09035818990829676,0.0,0.11614765222304359,underresolved
4602,6.048140841982546,0.7399254647721815,0.5712214180734346,0.5706585571201159,0.5723170805621121,underresolved
4603,0.2043080600524675,29.310439115870235,0.008016111713908777,0.0003902597487024851,0.07270448532870431,underresolved
4604,0.10209796035332391,3.587396239146211,0.0010093599070700654,0.0,0.6008551916886554,underresolved
4605,4.265210414832408,19.750142752316503,0.9216889429483105,0.9215752969393296,0.9218926653559395,resolved
4606,1.311484963696909,1.93036263988118,0.44649497750964207,0.44599163341514775,0.4472045103213924,underresolved
4607,0.05664677858523263,2.7889879951106096,0.00017028493970217394,0.0,1.0,indeterminate
4608,2.672244137795265,17.092105132448626,0.8201223387336923,0.8199265042757149,0.8203325160870282,underresolved
4609,25.993105407230267,0.30030597834176387,0.28697936483528846,0.28369496778177655,0.29266835728042595,underresolved
4610,6.822237614096788,0.4431124602342112,0.39240699813973096,0.39045260373604196,0.3946949643440379,underresolved
4611,1.616727971961104,0.08512108406567442,0.05217139635623528,0.0,0.09334629058554948,underresolved
4612,13.436025117641236,22.70721372042291,0.9907878342301006,0.9905977259984721,0.990870285791017,resolved
4613,0.06365032046612627,0.03799934868661761,9.732641300140353e-06,0.0,1.0,indeterminate
4614,22.184399209759928,0.09006299035110009,0.0894272310110096,0.0452909771961224,0.14019383277431374,underresolved
4615,0.04127457073547415,1.962905884850685,6.249326328164072e-05,0.0,1.0,indeterminate
4616,1.3916611165326953,0.7830793972306855,0.33019190049535424,0.3291928969054781,0.33133452790795553,underresolved
4617,0.7685557489985565,1.9699281262701585,0.20177426054631453,0.19926731106805848,0.202635097325662,underresolved
4618,0.08172222336806374,6.5243201462327995,0.0005341238638733901,0.0,0.8247079636560932,underresolved
4619,0.041112092185038446,0.40073011596589997,2.578233048022583e-05,0.0,1.0,indeterminate
4620,6.629377956388885,1.1924825644735313,0.7408102522575767,0.7405042015919395,0.7412914001803093,underresolved
4621,9.248395749102079,0.12887528375546142,0.12560895279381068,0.09093632809821225,0.14290151558084765,underresolved
4622,0.38692542470884084,0.08613670729267195,0.004032567964897004,0.0,0.06537871914447455,underresolved
4623,7.745375312916197,1.7659466500507959,0.8488578585994816,0.8486774658551601,0.84917719904898,underresolved
4624,0.037686372632172116,0.03284946628187671,1.7535678531576961e-06,0.0,1.0,indeterminate
4625,7.011634720106726,0.11261349368725095,0.10857660243513835,0.10157526732215877,0.15492790982495733,underresolved
4626,0.08417204762381661,0.415871298582085,0.00022658122685270668,0.0,1.0,indeterminate
4627,0.4081763642141895,0.05218102481488373,0.002812407910519007,0.0,0.03519351233223435,underresolved
4628,0.05056389032533008,5.052002577072893,0.00012633173856200721,0.0,1.0,indeterminate
4629,1.605611257725707,0.38370036492242043,0.21909411411559587,0.2139062374338523,0.2200138808398559,underresolved
4630,12.666833044144033,5.231015517618474,0.9731020636679918,0.9729935096781157,0.9732888370986867,resolved
4631,1.5065476896519034,1.841901717111502,0.5082707526617556,0.5080451395296824,0.5090517830355535,underresolved
4632,2.377463170691362,0.25644655776398895,0.19455696657181779,0.18692697125617824,0.1994861936367761,underresolved
4633,0.8665456910635275,28.858909122027995,0.2806863400048795,0.2801584399069713,0.28259838169090484,underresolved
4634,0.15290266735124364,0.10830874612430676,0.00037181023075040786,0.0,1.0,indeterminate
4635,13.723022482278946,0.04151830355601293,0.04115433225280866,0.0,0.12425436479130912,underresolved
4636,0.9352559941425689,4.935048091926724,0.3123594677451432,0.31077646572055284,0.3128659849577452,underresolved
4637,1.3016156416478364,28.646551533021157,0.49835438662280607,0.4979265921348162,0.4989730726426987,underresolved
4638,0.040363146295230336,4.594322449598841,6.409782641204614e-05,0.0,1.0,indeterminate
4639,6.017046737582951,0.501251658322677,0.4301639486814232,0.4284222458342901,0.4317876342058037,underresolved
4640,2.287584546919144,0.3670979523946794,0.2651008077707023,0.2632594949650791,0.2695045532188153,underresolved
4641,0.060520932023331774,0.21707273095194257,4.676726971785728e-05,0.0,1.0,indeterminate
4642,0.0329619671500545,0.41461915475254363,1.3694127726663696e-05,0.0,1.0,indeterminate
4643,0.03884474995051569,2.886418571987872,5.525866458519545e-05,0.0,1.0,indeterminate
4644,7.651997794021249,0.1964994761244571,0.18797625525063882,0.1678540104352211,0.1898420491401848,underresolved
4645,8.40839409768914,8.012631261168337,0.971615335383276,0.9715360536175782,0.9718246461941057,resolved
4646,2.632634905551138,2.20949979863238,0.7442771698113915,0.7440773211064887,0.7446228920359286,underresolved
4647,16.679526503391674,11.921438980125801,0.9911515537775588,0.9910022007553008,0.9912763211266556,resolved
4648,8.167239263199619,0.5189063024646287,0.45042169710790486,0.44901003006267015,0.45214976747947805,underresolved
4649,1.575618007401901,0.2533008672924386,0.1477867748195434,0.14579762330994517,0.15853695441954221,underresolved
4650,14.662420105793226,2.4407138883176724,0.9189251008593954,0.9187291326278568,0.919111137290361,resolved
4651,0.04146548759903826,0.03899512902259483,2.7709049317649625e-06,0.0,1.0,indeterminate
4652,8.110154691607487,4.682835869281027,0.9560645558822651,0.9559713089262664,0.9562802326652899,resolved
4653,0.46457088048023976,0.24273475222395796,0.017642052457918948,0.0063586534266809845,0.03411756090280181,underresolved
4654,0.3951192903483207,0.10025863340205257,0.004950290746105879,0.0,0.05021216567383159,underresolved
4655,0.07674068439259392,2.4222200061833234,0.0004140732331274724,0.0,0.9282988213720408,indeterminate
4656,1.1575848956993917,5.257063417635412,0.42571171620578063,0.4251723717306386,0.4265103509467898,underresolved
4657,0.12233888173291788,0.033707918678528605,6.0325525376273006e-05,0.0,1.0,indeterminate
4658,0.20141248043248686,1.001823379382643,0.005447964784292413,0.0,0.0616650147512471,underresolved
4659,7.547756637420488,0.04458727851225361,0.043395411178656404,0.0,0.14235996895739633,underresolved
4660,0.6013351005339994,0.40139543928120136,0.05098092156694821,0.04793799470545348,0.0584030276932407,underresolved
4661,0.13109020333407423,3.652913471189996,0.0021179643482475436,0.0,0.1334307665426172,underresolved
4662,26.699478791374897,0.1351865909107472,0.13368657221973143,0.09563224567321632,0.144637929152579,underresolved
4663,0.04056485895181623,0.19935202718321773,1.3017778044366572e-05,0.0,1.0,indeterminate
4664,0.2705974707665077,0.06076191643490049,0.0010808551017388954,0.0,0.35101075330729886,underresolved
4665,0.568172996346309,18.103191508284475,0.12037291729005828,0.11482103030855605,0.12111562729413951,underresolved
4666,5.918882719266883,0.07173163006685682,0.06859014165113705,0.0,0.09533186710000262,underresolved
4667,0.7352708143202588,12.72235544067109,0.2072334627177225,0.20542070446961438,0.20894954403779575,underresolved
4668,7.693562441056023,8.125895433747534,0.967881541949212,0.9677325050582255,0.9680231855627683,resolved
4669,17.643622394523174,21.080126673649957,0.9940828356596322,0.9939637060750041,0.994234489552555,resolved
4670,19.355948393467102,11.842907636835516,0.992477760688748,0.9923981943500436,0.9926715997537473,resolved
4671,10.136741416504897,21.147030024099823,0.9844774462999238,0.9843148216057888,0.9845911135889257,resolved
4672,0.20322042965481582,5.327642495381442,0.007762837359743066,0.0,0.022088361005683704,underresolved
4673,0.13170932814017353,6.824742498757256,0.002203093645628851,0.0,0.10062294946781515,underresolved
4674,0.03299488828663769,0.4805175558536879,1.5532077671192723e-05,0.0,1.0,indeterminate
4675,1.5248768610145298,0.035394346888123006,0.020683785208014595,0.0,0.13320131136383379,underresolved
4676,23.121778899128465,0.038591652748169405,0.038455001721472155,0.0,0.1998915038142252,underresolved
4677,4.510609724638002,3.802316868473908,0.8999539469467522,0.89974502009198,0.9001000593843177,indeterminate
4678,20.323807056068468,0.09699289481196305,0.09619033006396362,0.0,0.10294722509851394,underresolved
4679,0.18364290636906985,0.04048274248566891,0.0002383578536442998,0.0,1.0,indeterminate
4680,29.488133312731538,0.17035576841522493,0.16764706927774617,0.14193175251911583,0.1716218723087202,underresolved
4681,1.8332231421142213,1.2160860610911273,0.5225748025362684,0.5218880882914507,0.5229682225337253,underresolved
4682,0.3175201285899832,0.12570342958532182,0.0034568666325583437,0.0,0.020342166024168364,underresolved
4683,17.652375125723946,0.08940509232399646,0.08862294851452417,0.06818710468714803,0.14947881488443276,underresolved
4684,0.07901787167432475,5.193421956003431,0.0004799719434323239,0.0,1.0,indeterminate
4685,0.1196910065415283,0.0797933435090993,0.00013350782960956499,0.0,1.0,indeterminate
4686,3.706071496738879,0.03716582977645094,0.03342425768779078,0.0,0.06384964619145539,underresolved
4687,0.03750919046001462,0.1970490672025585,1.018121639994919e-05,0.0,1.0,indeterminate
4688,22.24786129427984,2.0656107009405624,0.8973511425124592,0.8971891384207576,0.8976151539245428,underresolved
4689,1.1477990565416392,0.1760658906488352,0.07432418482942446,0.060287836660812597,0.08767107116723656,underresolved
4690,0.0656652421673604,20.80173223885592,0.0002809975107426894,0.0,1.0,indeterminate
4691,0.36970952496451465,0.13427221866681147,0.0055491662135783975,0.0,0.023349955240859508,underresolved
4692,0.7133433069460011,0.037218125949614204,0.007284115879062184,0.0,0.0783388564870357,underresolved
4693,21.369117233159013,1.14208876162501,0.749892513940032,0.749549121743999,0.750366648086662,underresolved
4694,4.033605503667433,0.33372246324008803,0.28946678242982127,0.2854477725348238,0.29284617444942246,underresolved
4695,5.812564573950886,0.1088663358476675,0.10359373958549252,0.08797361437906139,0.1473854228634069,underresolved
4696,3.087198579394444,0.09673908612373146,0.08290509546025865,0.02912087759162546,0.12267285263834515,underresolved
4697,13.86470859800537,1.4953923224169048,0.824816825092658,0.8246044228371973,0.8251860687033862,underresolved
4698,3.0632474194601684,2.0672877256509725,0.773349188107889,0.7729983733507505,0.773523415402082,underresolved
4699,0.0458649273463213,1.7236159533309665,8.319014074442716e-05,0.0,1.0,indeterminate
4700,7.06295364436053,0.49783417855998763,0.43258935871736387,0.43088673638645913,0.4342891062286064,underresolved
4701,1.9515937150947582,0.6380211731080633,0.379141520288601,0.3782798450728882,0.3806961020568412,underresolved
4702,1.2261838399639975,0.5302332486741999,0.21802476117827135,0.21534508388261134,0.2192639389670457,underresolved
4703,1.46174666834915,2.117043864654527,0.5083601221441677,0.5075362233092756,0.5085349491608535,underresolved
4704,3.989499096238756,5.972603681662394,0.9001213464100739,0.9000536807740391,0.9003948819575042,resolved
4705,29.408239583202832,16.83818837584798,0.9965122697532108,0.996389898388972,0.9966597812851803,resolved
4706,0.3694310783271443,0.836875146132786,0.02670842046197194,0.021588406529091702,0.039331225067783464,underresolved
4707,1.329351566806186,0.18216736359658,0.09146312094887307,0.08197735130565084,0.10630926370467822,underresolved
4708,21.24412015074361,10.35311076573058,0.9920685362362597,0.9919214479473054,0.9921958911984852,resolved
4709,12.166203220529459,0.04511235734242968,0.04461364497345657,0.0,0.10583415484241228,underresolved
4710,2.6808510383640107,0.2658043301361526,0.2112865059788459,0.20381248340806316,0.21550575200435707,underresolved
4711,16.311553582249463,0.6722439336718431,0.5547699563840575,0.554312720249647,0.5562536176180473,underresolved
4712,5.60304355417124,0.13982880239074555,0.1321189470537052,0.11245199398166844,0.1533063590434776,underresolved
4713,1.687574437692783,0.1778705094212055,0.11150444578373145,0.0996821697531562,0.12523532990547298,underresolved
4714,0.040719862265119644,0.09921115612253943,6.6492589676748675e-06,0.0,1.0,indeterminate
4715,6.610807255058593,12.993241411291068,0.963783213429168,0.9635772783471455,0.9638673851424141,resolved
4716,18.462004166133752,0.936570754632623,0.6805827549659194,0.6796163790341586,0.6807213213304585,underresolved
4717,0.9655247054981141,5.871605878393088,0.33036218379986415,0.32948981811937234,0.3314331608934006,underresolved
4718,0.045217894560374186,1.5944199424701082,7.808508882223157e-05,0.0,1.0,indeterminate
4719,0.06478712976515887,25.65838566875648,0.00027002751223444295,0.0,1.0,indeterminate
4720,0.21953926856911765,0.4352962612195532,0.0039352997032675655,0.0,0.08952249886684492,underresolved
4721,4.447470266875579,2.5515313953130225,0.864655317272146,0.864369215382746,0.8647825000493637,underresolved
4722,0.3732759903773992,0.12580988706856025,0.0053384808145521215,0.0,0.022199795769952718,underresolved
4723,1.0544305491087236,23.808270348019054,0.3816670554277734,0.38130798257967796,0.3829025168407075,underresolved
4724,0.05316084328424531,0.1859303181901573,2.7346856538652988e-05,0.0,1.0,indeterminate
4725,11.5334739571275,0.2023988158194169,0.19616019160834525,0.18515048977592274,0.20495044552352287,underresolved
4726,0.3030303529696543,2.2124326019040184,0.022225973367362487,0.003938407267780549,0.025234601658611158,underresolved
4727,0.15763291912353403,6.090735380238491,0.003725422173471509,0.0,0.07027246038788755,underresolved
4728,1.7552299411464685,4.57050389623452,0.6408037769916101,0.6406148300712379,0.6412823142146863,underresolved
4729,9.824569966573778,0.03747388419272825,0.036873092900346696,0.0,0.15138494598715518,underresolved
4730,2.5013075251012964,7.51423478876046,0.7935874912370684,0.7934374140353896,0.7938749014235557,underresolved
4731,0.20858292894685335,8.331577744318205,0.008452543532585996,0.0,0.04743523577039752,underresolved
4732,11.072004044353028,0.14825359887923406,0.14487443966743785,0.127575180802533,0.1639011363591552,underresolved
4733,0.8525941298490868,8.680876649493769,0.2713046933653922,0.2693969346854503,0.27193757212985975,underresolved
4734,0.8275488614742693,0.544942148533735,0.12400261303810749,0.12127202686634768,0.12655250495853657,underresolved
4735,0.9425460782099707,0.5508140602950011,0.15568112663384812,0.15397525553843922,0.15852666620039366,underresolved
4736,0.8579339814950369,3.249296317815202,0.2638562283871932,0.2620187166485581,0.264577127348949,underresolved
4737,0.06327616706627934,0.12257773191711874,3.06401267260168e-05,0.0,1.0,indeterminate
4738,4.906502850999159,1.1086047747602519,0.6985668483428917,0.6979389543319445,0.6988273287899659,underresolved
4739,0.04391479118254625,7.0994973898069675,8.362022145949795e-05,0.0,1.0,indeterminate
4740,30.662954483403773,0.5076308868044542,0.45192762809517745,0.4507876031474338,0.4540442706934886,underresolved
4741,0.05907450865057794,11.76033182299672,0.00020434617126062108,0.0,1.0,indeterminate
4742,0.7026371233625177,0.1675892305368596,0.03140725815278003,0.014843374250960897,0.04686476725196619,underresolved
4743,4.686379737680239,0.8814490264676179,0.6185186070371962,0.6176000634574014,0.6188565712620037,underresolved
4744,0.22082845138911775,0.1303745241786085,0.0012962252151828136,0.0,0.23516649826957287,underresolved
4745,0.18570472752947287,0.051763463726736,0.00031464734323078617,0.0,1.0,indeterminate
4746,0.3832478321216709,0.35165175259526615,0.015204015500030005,0.005451901426083557,0.02595474517561122,underresolved
4747,7.310583792929993,19.847421044366165,0.9713438367583463,0.9711946105299795,0.9714788617687466,resolved
4748,8.814567220900242,0.4872189503953119,0.4296761896646442,0.4263631219773385,0.42991499074215295,underresolved
4749,0.2133168129210124,0.03640194662734593,0.00033031152651331224,0.0,1.0,indeterminate
4750,24.13081260495718,15.058250007816165,0.9952373630475262,0.995077449302289,0.9953483637220361,resolved
4751,9.204239439033582,2.1077221835664273,0.8877075928387872,0.8876644504773727,0.8880921266632258,underresolved
4752,0.21768719072786136,0.09268309312263523,0.0008881382382363989,0.0,0.3898124376772543,underresolved
4753,1.0745267260164555,13.090574081703618,0.3911432733675069,0.3898288248687722,0.391365589948156,underresolved
4754,0.1805942981593866,18.43352403252861,0.005604886012864239,0.0,0.02148090293665874,underresolved
4755,1.259177764761396,3.288404877485255,0.45944247086656975,0.45929091994033816,0.46046461155209273,underresolved
4756,2.4529932665393908,0.05313361345442755,0.042131089220465795,0.0,0.14789061200608075,underresolved
4757,9.990923168524322,4.869108730654746,0.9650169886397229,0.9648339616095345,0.9651362129993163,resolved
4758,0.03939876635052715,17.604708479586243,6.091691913157188e-05,0.0,1.0,indeterminate
4759,0.42999476297863604,0.5187819606530965,0.02838575360157351,0.016211127557767685,0.029597827598550293,underresolved
4760,0.20639200950227063,0.344567868035879,0.0026903961423384755,0.0,0.11180799892893906,underresolved
4761,6.529033533435334,0.6761043735854506,0.5409549397729463,0.5404448581781492,0.5423827921453379,underresolved
4762,0.05678884491091406,2.6876673742149224,0.0001708194419076406,0.0,1.0,indeterminate
4763,0.3761343871483175,29.110185315271778,0.04360860834852587,0.033959683072091316,0.049349482669542984,underresolved
4764,1.9509857984877113,0.05989265384317979,0.04213430633465401,0.0,0.11927681624686542,underresolved
4765,0.24858445759369258,0.1763208586203328,0.0024379061172164844,0.0,0.023803164383418614,underresolved
4766,0.2677523172789188,24.6276316020017,0.01728770838413393,0.006008437322852068,0.03840416232940211,underresolved
4767,0.5981808960491043,21.44122440676725,0.13513327525966592,0.13181101798763797,0.13742867717709836,underresolved
4768,0.6039064156645486,4.027996286904246,0.13408008507350927,0.12996423547040817,0.13549538019245919,underresolved
4769,0.032625599667406406,4.371639965234981,3.379928164034002e-05,0.0,1.0,indeterminate
4770,1.680525041337228,1.9454561085312818,0.564442487767419,0.5641743761937824,0.565031482775281,underresolved
4771,1.0406277821456535,0.43552850191014314,0.14968637131301227,0.14713617644804053,0.1528735554631274,underresolved
4772,2.4853365460350862,0.2833587011204565,0.2176789442008685,0.21066538603131973,0.22103324708275865,underresolved
4773,9.547035208963003,0.3740414098064561,0.34464871227341887,0.3426580721826226,0.34851521199074276,underresolved
4774,0.8082603256859523,0.04659376391822956,0.011560834312733834,0.0,0.05977880374954677,underresolved
4775,3.287503878387083,11.971722114331428,0.8726538815536213,0.8726105853574124,0.8729679087197755,underresolved
4776,3.6108872370348335,0.03186412060201791,0.028506374459583633,0.0,0.16348844232562026,underresolved
4777,0.09037469972028117,0.03292804448278595,2.399783873694713e-05,0.0,1.0,indeterminate
4778,0.18579610997511703,2.3719957671762693,0.0056166538492150265,0.0,0.0767934008236786,underresolved
4779,0.11550196354011981,0.04321444700323885,6.521668035196325e-05,0.0,1.0,indeterminate
4780,0.13761287657961388,0.12078631506407361,0.0003038285717034226,0.0,1.0,indeterminate
4781,0.4006964937922169,0.21785346390122906,0.010953231093162185,0.0,0.038171618439068904,underresolved
4782,3.4680453530216515,0.08268594572296706,0.07310092566686135,0.0,0.10592800862748503,underresolved
4783,2.307125072235013,0.1943445254228791,0.1473561814849592,0.13144624074580058,0.15368227300976717,underresolved
4784,24.86542561366217,1.2292980083396117,0.7738664909689916,0.7734127243604162,0.7741509541175497,underresolved
4785,4.24826641705407,19.661555574794967,0.921102829423353,0.9210009721575272,0.9213187705391837,resolved
4786,8.206204665549452,14.212465782878901,0.9757197491016454,0.9756223570379094,0.9759047563917348,resolved
4787,1.3549818150891186,0.0918234040273623,0.04762958710893134,0.0,0.06821193579516524,underresolved
4788,0.37989996370861817,0.04695740762287515,0.002100922765438357,0.0,0.10979596630222001,underresolved
4789,1.296917101447826,2.377208193805693,0.45779371070419367,0.45743910983927083,0.4586093796884618,underresolved
4790,0.6211990251524282,1.9227767940007525,0.13035128460711334,0.12840540704599585,0.13374795391239508,underresolved
4791,3.0707481996039436,11.194866232393373,0.8562723725199347,0.8561770909829652,0.8565491620450786,underresolved
4792,3.6410537472296802,4.577216889838686,0.8759953120232629,0.8758873711504661,0.8762537313401905,underresolved
4793,0.5820146146025528,0.99780078209763,0.08990072915916557,0.08525950100422633,0.09193083544010282,underresolved
4794,2.43043939694782,0.8214841874282252,0.5020302323286262,0.5011294190263872,0.5026673337997418,underresolved
4795,10.541845680846862,8.6527055732125,0.9801287156530614,0.9800212464026059,0.980303969417383,resolved
4796,0.05774143109903074,1.6630766425911692,0.0001641634794043544,0.0,1.0,indeterminate
4797,3.1752730990179976,0.10512114924927295,0.09071907241867518,0.0,0.11372762509371881,underresolved
4798,5.465692578630545,0.4380446438981597,0.38190215798913824,0.3801580415508293,0.3845017332900055,underresolved
4799,0.04560929872624702,9.33621162287827,9.404363653599491e-05,0.0,1.0,indeterminate
4800,5.447205894681764,2.3226887949814348,0.873940447330558,0.8736008727072856,0.874020431986617,underresolved
4801,0.039676883379314236,1.82488142327808,5.4647334935364295e-05,0.0,1.0,indeterminate
4802,18.150179391326127,7.353000594048813,0.9863837473971216,0.9862298763349452,0.9865108565350974,resolved
4803,1.0798870118727901,0.44356758755486697,0.16016147384642862,0.15662807060793443,0.16209983600491185,underresolved
4804,0.34370433348289836,0.03422084218565955,0.0011744960677801226,0.0,0.1923924337945133,underresolved
4805,0.05156859262058699,9.580581481048506,0.00013585410936447804,0.0,1.0,indeterminate
4806,0.9779524779487948,0.03677317952713745,0.012560516343512277,0.0,0.08891026170844188,underresolved
4807,0.038259962479674746,18.62810105632254,5.580278145587383e-05,0.0,1.0,indeterminate
4808,3.0109759770521842,0.21023351735924206,0.17585248692940966,0.16353776041479315,0.18218949438182092,underresolved
4809,0.2358632845996441,0.3816163620525909,0.004313374050848428,0.0,0.06273914250720057,underresolved
4810,0.13954870700724084,1.1397836009296844,0.0019845231298734156,0.0,0.2102916733574753,underresolved
4811,0.10788064409879104,15.835885088983664,0.0012314833900447697,0.0,0.39891517789578795,underresolved
4812,2.6966037109245673,18.15011611111167,0.8230065492577321,0.8227689120718393,0.82317187532737,underresolved
4813,0.15925097783422973,0.04588402758773619,0.00017829372311214413,0.0,1.0,indeterminate
4814,0.08876986208755111,0.3672942411625603,0.0002383513907662015,0.0,1.0,indeterminate
4815,1.9052678248887305,0.2697203301057707,0.18078184981927797,0.17785442864387943,0.1891355364743005,underresolved
4816,0.3640050133252654,0.04546726433251141,0.0018176713672740069,0.0,0.19782513146989128,underresolved
4817,1.6131474826357783,11.622233167970405,0.6117313270007892,0.6111061059474239,0.6118331729928779,underresolved
4818,0.08121688460833242,0.039372659342590086,2.0869615499028494e-05,0.0,1.0,indeterminate
4819,2.5322835496598834,1.7259952802664489,0.696214132639541,0.6961116846512893,0.6967629637555112,underresolved
4820,13.125598977085472,1.751970443229221,0.8609763591952797,0.8607640910803394,0.8612581643035183,underresolved
4821,13.27335458519328,5.661952396402872,0.9764337161317178,0.9762228622946632,0.9765142726134537,resolved
4822,6.099645103257381,0.03444826018641162,0.03308504465384379,0.0,0.05795744162258979,underresolved
4823,0.0652956594687611,3.8867109905877766,0.00026789386231161784,0.0,1.0,indeterminate
4824,0.11093486724890346,0.574519441657789,0.0006677335459897505,0.0,1.0,indeterminate
4825,0.0815074808396546,20.531261708317647,0.0005355060278605723,0.0,1.0,indeterminate
4826,0.7303346721915946,0.07724502799728244,0.015800326714312345,0.0,0.06974469060525966,underresolved
4827,7.180908453210797,0.9081154114340235,0.6531848286784744,0.6527393621027449,0.6539129622481994,underresolved
4828,9.928691704984685,3.008224495703665,0.9346840401675779,0.9344455450228697,0.9347931159403743,resolved
4829,1.504211420685251,27.095498873640796,0.5771317171529744,0.5764708774572025,0.5772804694295255,underresolved
4830,0.17156683105657436,0.5237228767977823,0.002243208439128577,0.0,0.12975261603825292,underresolved
4831,4.225335360480874,19.0352703370086,0.9202345419665521,0.9200916331104315,0.9204101405891687,resolved
4832,0.057399763146533236,22.249386308436748,0.00018799629700364914,0.0,1.0,indeterminate
4833,5.735664647091425,17.6790996336327,0.9545515637551746,0.9543117358024107,0.9546068294638153,resolved
4834,0.1804905782445502,0.04596530295608551,0.00025730714956029137,0.0,1.0,indeterminate
4835,5.068550965959502,11.464643651054068,0.9407574344786243,0.940667694986243,0.9409732676928193,resolved
4836,2.5106693148344026,5.766267779092416,0.7900253596900743,0.7898187521042311,0.7902628909883036,underresolved
4837,7.19652842821121,0.20214487008574605,0.19253399040226712,0.17831603806984642,0.19848240865923933,underresolved
4838,6.204813420106309,0.8733552397009422,0.6329814340195041,0.6319501815863441,0.633207529556222,underresolved
4839,7.0218514637461205,28.85049225355728,0.9697490307638172,0.9696827410539354,0.9699675039875312,resolved
4840,1.0935626344499578,0.08523661581966772,0.03413285185972391,0.0,0.0711243582466573,underresolved
4841,0.7561450401020665,0.08071574468821599,0.01765167974840762,0.0,0.06205525244302966,underresolved
4842,10.992427027383606,9.9412570334861,0.9827539109182128,0.9826735777627624,0.9829536212619971,resolved
4843,18.156270640623607,16.384956870411294,0.9936180932808358,0.9934403364667199,0.9937119186226897,resolved
4844,1.7137088993978593,0.12092058463795595,0.0773471958862019,0.04111641339427858,0.10120507388767637,underresolved
4845,13.624222364079273,0.14026590202376918,0.13779110689767168,0.10932649822460305,0.152375660392044,underresolved
4846,2.0791469364858854,10.837236622460201,0.728782397576862,0.7285789208727508,0.72909695115433,underresolved
4847,0.05663650727455748,0.08537101412001444,1.537930367561278e-05,0.0,1.0,indeterminate
4848,1.2284850255661672,0.031995476841038546,0.01491693026281631,0.0,0.13300923963523026,underresolved
4849,7.369193084746862,0.13631462253630428,0.13141884597831532,0.1049674069570161,0.14961217573964797,underresolved
4850,1.5497033667271276,27.33600519354584,0.5928354930568183,0.5922456114890017,0.5930163895733852,underresolved
4851,9.9469179778766,0.0478334801259583,0.04706354357984573,0.0,0.07654687389988564,underresolved
4852,11.819815090278357,8.950434599923835,0.983240827434801,0.9831584877326386,0.9834391151178349,resolved
4853,0.058667307285095484,0.5148626615245232,9.195639576018105e-05,0.0,1.0,indeterminate
4854,5.803301082123335,0.6881415943342215,0.5425447411526969,0.5418606699503962,0.5437463352100526,underresolved
4855,22.031245990457183,0.04369149917712559,0.043515307939904685,0.0,0.12970755752078036,underresolved
4856,3.5830994091547983,0.0765687508107025,0.06822137475816636,0.03630554127137232,0.14100255490340682,underresolved
4857,0.0884325768404326,0.04433393629623208,3.027415872425114e-05,0.0,1.0,indeterminate
4858,2.1734777215778105,18.30287385147701,0.7486318183774111,0.7482652900956385,0.7487553525037213,underresolved
4859,0.7572882839533847,0.20160590224949596,0.043485205955633356,0.0240224499108918,0.04970260774239318,underresolved
4860,0.18756321368493808,8.62763485551513,0.006223309548560298,0.0,0.0801710715672382,underresolved
4861,1.2034961267218411,0.05737776641509506,0.026063916409726565,0.0,0.08737524296829004,underresolved
4862,6.0206202434258875,2.9742527529908545,0.9099458975303122,0.9096886815317362,0.9100532351335497,resolved
4863,1.8979885155474547,0.14184120010146095,0.09724937038056457,0.06546260859581207,0.11015575304115917,underresolved
4864,7.6103643825167975,0.0493197296352994,0.04801107221134636,0.0,0.12977455515980751,underresolved
4865,0.26107884697860106,0.2527684474716848,0.00395033006715618,0.0,0.020396508792946993,underresolved
4866,0.338292473307078,0.34001429828454266,0.010593316613053256,0.0,0.018757320622226806,underresolved
4867,0.06674022321182459,0.2871191368811728,8.149453085143761e-05,0.0,1.0,indeterminate
4868,0.12802999331469966,0.28876487952926605,0.0005681937450682045,0.0,0.7598611132268864,underresolved
4869,0.48170217218874667,26.095716465829483,0.08167357385307757,0.07783823524520818,0.08690518516677596,underresolved
4870,11.73146007838645,0.06524452149513602,0.06440289387395903,0.0,0.13568543834238683,underresolved
4871,0.9456492646443745,1.3625591571344784,0.26149691980993856,0.25982938491666124,0.26222196950910426,underresolved
4872,0.10132336930690444,0.7821939000799351,0.0006311464740343722,0.0,0.46902603110843527,underresolved
4873,0.050232857406571865,14.9340080565143,0.00012599416700383924,0.0,1.0,indeterminate
4874,1.6681031265684616,0.30777378103838887,0.18559562186846323,0.18100946031770979,0.19003235203836655,underresolved
4875,14.14371561172198,5.745498072658085,0.9778477083985794,0.9777431967640482,0.9780334396080206,resolved
4876,5.303895074478759,0.0775099057360178,0.07333333651783934,0.0,0.11787142770079774,underresolved
4877,13.801275217646866,1.5239764455788467,0.8295342930282227,0.8293495672023159,0.8299190134791392,underresolved
4878,0.27461471429572193,0.10660176248364248,0.0019684255586026305,0.0,0.08963811697529908,underresolved
4879,0.24929520134060132,0.5789024697959926,0.0070910097506679875,0.0,0.03981764014658927,underresolved
4880,0.07236936228887195,0.40191859416813747,0.00014024345811980914,0.0,1.0,indeterminate
4881,0.10895064112669545,2.150214180713348,0.001152082437468922,0.0,0.5022782204816346,underresolved
4882,9.720832418365738,1.072510166594508,0.7199401105674643,0.7196147252594848,0.72051727377575,underresolved
4883,5.5573024513452065,0.16165818319617878,0.1521376297373298,0.13810505836254072,0.16859739929669987,underresolved
4884,4.610325854524919,2.4948177769821003,0.8663570069013456,0.8661517678713895,0.8665665103001848,underresolved
4885,6.129575815990642,0.061006661480551026,0.05854080317221928,0.0,0.08567861158181954,underresolved
4886,0.08594789839063104,7.464407218210398,0.0006223697957736975,0.0,0.6447222425169765,underresolved
4887,16.312326208421872,0.7993373207217485,0.6208761097407857,0.6200911334084753,0.6215264760183218,underresolved
4888,5.792313125240552,0.03631346543302081,0.034725519353830794,0.0,0.09184959988265717,underresolved
4889,0.255136442096054,0.06367377983162587,0.0009601016774098484,0.0,0.5439854238593097,underresolved
4890,1.5654760074086471,1.7538787290131235,0.519940003547089,0.5193721653056548,0.52035167138681,underresolved
4891,1.590310617271176,1.5250274876343182,0.5073267109136189,0.5066461872614372,0.5076829344154654,underresolved
4892,0.23889803507249682,5.702872862488032,0.012356757538350228,0.0,0.028927438568741706,underresolved
4893,0.28171505032131117,4.98435252671624,0.01954832052548934,0.0001223391409904499,0.021692991810436196,underresolved
4894,9.132510496436364,1.5608111133714357,0.8270868800561546,0.8267699047011134,0.8273307189805512,underresolved
4895,0.27877628552714395,1.5957171898056535,0.01640885299819818,0.0032044891557479727,0.031977566632919556,underresolved
4896,0.04552920563709524,7.432529242735426,9.324500807218998e-05,0.0,1.0,indeterminate
4897,0.06057147005647875,20.54391198415922,0.00022075204974093707,0.0,1.0,indeterminate
4898,0.9785005631821588,4.076219660865767,0.33224010054732356,0.33154525294915066,0.3334527977643966,underresolved
4899,0.17286740017409258,0.08120028495069496,0.00040002568308709126,0.0,1.0,indeterminate
4900,0.6663721623316031,2.820562848730155,0.16071832681548026,0.15789782814441966,0.16238706833623082,underresolved
4901,0.7850662094357864,0.7989015394589863,0.14696984462598198,0.14379671059900898,0.14799905795930055,underresolved
4902,1.4771139053631734,18.11049608237799,0.5669675305217455,0.5664114431084918,0.567247107647189,underresolved
4903,3.9934967916834094,10.794223286806329,0.9089206469442064,0.9087597242860297,0.9090883718144678,resolved
4904,0.06366516377389246,6.059919380955596,0.0002530674947923372,0.0,1.0,indeterminate
4905,0.900555725843322,0.7832195856009706,0.18478297759232348,0.1823784566672682,0.18583246845184676,underresolved
4906,0.08750016949132094,26.72898202512724,0.000661842010485692,0.0,0.4780571795731796,underresolved
4907,6.359194355949224,18.98971355957543,0.9626879025289407,0.9624118062451235,0.9627015720055865,resolved
4908,2.4147534670333,0.24557619298109234,0.18808709848963345,0.18759656513526923,0.20072215538667235,underresolved
4909,10.590286880618653,0.08283845141059636,0.08146372131924998,0.0,0.1256950080368719,underresolved
4910,0.07129758945234924,0.07511814023694889,2.6942903256152312e-05,0.0,1.0,indeterminate
4911,0.312692669117863,0.13568134604460205,0.003573888675726805,0.0,0.028584018879607417,underresolved
4912,23.12004007446572,19.812425641065406,0.995932584223907,0.9958654733219426,0.9961353070139637,resolved
4913,2.5438620057691312,0.582891194386378,0.4059436854043011,0.40518403315621593,0.4078497440404959,underresolved
4914,1.2519326595243492,0.9244411524757348,0.3237979852027999,0.3230148574845103,0.32499968263008083,underresolved
4915,5.268263540261299,0.3302700307497293,0.2973921686430213,0.29559423091385995,0.3030508367683239,underresolved
4916,2.9992917978659737,3.2330353534265193,0.8156295785983058,0.8154850402910414,0.8159198131832917,underresolved
4917,0.13443830730618514,1.9907541235620605,0.0021136901836602802,0.0,0.05763430458161559,underresolved
4918,0.18687545256117824,0.5022429867607752,0.002782042591331205,0.0,0.05232288897266446,underresolved
4919,16.614063259153507,0.09507100752579806,0.09413224771208963,0.028907922225809606,0.13227941770436352,underresolved
4920,1.247314119995105,1.1641302213854838,0.3602689795578646,0.35957189788916116,0.3612338066763159,underresolved
4921,5.664320671709154,3.3007027198423895,0.9139803441476233,0.9139159467562752,0.9142694169262842,resolved
4922,0.9813550219093174,5.322312561650965,0.33771109718362696,0.33755109846450826,0.3394304856215973,underresolved
4923,0.11843053079706305,2.8161000587709353,0.0015329559537822785,0.0,0.34904046482823065,underresolved
4924,15.474074614375215,0.6299298104231806,0.5296735736192127,0.5282176120393764,0.5304052616883094,underresolved
4925,0.038570576589707396,0.04306790539326371,2.46349292771909e-06,0.0,1.0,indeterminate
4926,0.24130352833266125,4.457340106979664,0.012593867415764477,0.0,0.0207565459022688,underresolved
4927,1.8546951370632065,0.08908918211341423,0.060515551149588134,0.0,0.10055020059301759,underresolved
4928,1.0959625900647347,9.074817550199036,0.4006789620365272,0.39934831516474956,0.40082733751963084,underresolved
4929,0.7185685428294972,0.05374841082990552,0.010664699200193894,0.0,0.06457490428749627,underresolved
4930,25.686216454800274,15.088994250552688,0.9955469088600649,0.9953801837927138,0.9956509167913512,resolved
4931,17.65900712045637,0.04162490692324733,0.0413896434219503,0.0,0.132524101108155,underresolved
4932,1.2415554165031821,2.846813551082511,0.4456645200191698,0.44545639608664,0.4466818099567649,underresolved
4933,1.856406741420548,10.092513886393624,0.6790593488760361,0.678625527593044,0.6792213702207889,underresolved
4934,0.06022046007160391,3.125057995455394,0.00020687364721505726,0.0,1.0,indeterminate
4935,13.395750357625397,0.9350695412114752,0.6773260316277683,0.6768420926964164,0.677950692480936,underresolved
4936,0.40127034734645795,8.613530623527492,0.05130333427494623,0.05083830868229333,0.06465431094824314,underresolved
4937,9.700447297987827,0.8165709046801406,0.6225400222732596,0.6221426939380802,0.623531358915635,underresolved
4938,17.34030626064899,23.42876425671544,0.9941269298224052,0.9940532213567598,0.9943238064612884,resolved
4939,0.05917412215873398,0.6371611341098156,0.00011075898491065633,0.0,1.0,indeterminate
4940,18.860535559210767,0.03720520007799942,0.037023247185235066,0.0,0.16203209427573154,underresolved
4941,2.89755170442363,0.15808043760066667,0.13188972625077083,0.116683580803454,0.14876598433328558,underresolved
4942,0.17620991839770664,0.054425841038044334,0.00028401048492290046,0.0,1.0,indeterminate
4943,0.05267191572824946,0.05078411245452811,7.38076010837281e-06,0.0,1.0,indeterminate
4944,0.04724738845179066,0.05787505730193037,6.073599240471671e-06,0.0,1.0,indeterminate
4945,1.6465803654963802,0.033072485543550606,0.020639633815010074,0.0,0.15203146699803247,underresolved
4946,30.363897256013257,20.771895682425907,0.9972203107285115,0.9970587258024826,0.9973277934759266,resolved
4947,2.981671640004817,2.0667252672094905,0.7671540806738819,0.7669342412413355,0.7674655237921877,underresolved
4948,4.053732865286979,8.45124906719334,0.9088607192715339,0.9087604138242517,0.9090907253343495,resolved
4949,0.0950258105059367,10.189340236906496,0.0008425335015743784,0.0,1.0,indeterminate
4950,17.784648946025584,0.0439645547644739,0.043714649794560335,0.0,0.16547373181858108,underresolved
4951,9.083700490149042,12.849070692025348,0.9791319141266747,0.97893280968423,0.9792135920535042,resolved
4952,2.6647332522062883,0.04034551034240068,0.033083475752065904,0.0,0.15098622374436282,underresolved
4953,0.11207873087717646,0.25633402187646315,0.0003431031636231433,0.0,1.0,indeterminate
4954,4.483180307590801,0.0560852197519568,0.05206371718824606,0.0,0.14962413952301856,underresolved
4955,4.408710266325232,0.23284066119734828,0.21033520081451093,0.2020128986960157,0.21700592149249376,underresolved
4956,0.23509853032208372,1.0755544611288779,0.008778680788386225,0.0,0.037806213116529354,underresolved
4957,30.595276101333262,1.3638881957828708,0.8051664892879122,0.8048440889548346,0.8054889943268805,underresolved
4958,7.130871882894879,11.141521912373408,0.967321486716014,0.9671789820398307,0.9674675847683765,resolved
4959,21.44520875336685,7.20618675739196,0.9872864765541165,0.9871938770215125,0.9874746118849417,resolved
4960,0.2638742392322941,0.11418983850072954,0.001884322191083056,0.0,0.16464613471155307,underresolved
4961,1.65676748560952,1.702097837319707,0.5410529522614222,0.5406777383285982,0.5416072741684423,underresolved
4962,12.665678191296772,29.048227713388467,0.9901353050585274,0.9900770576796638,0.9903496763365636,resolved
4963,21.766158163710237,0.5540538424516482,0.483108457904221,0.48045941083671795,0.48323764125542856,underresolved
4964,1.2709101633907602,0.5948232801519447,0.24813749105222244,0.24615124787371284,0.24940896359304018,underresolved
4965,14.913993159719785,6.427232321778135,0.9814852503159961,0.9813404109785846,0.9816262928103052,resolved
4966,0.1378809335094841,0.5808515521890997,0.0012799134351841848,0.0,0.23262504760435376,underresolved
4967,0.12146932463411168,2.0677024788960288,0.001578406271551691,0.0,0.29233745885096896,underresolved
4968,0.07506498269019651,5.043158694991512,0.00041141248791355136,0.0,1.0,indeterminate
4969,6.484483826848153,1.7923259787078434,0.8430226910729087,0.8427275262735355,0.8432268236931938,underresolved
4970,0.6170968764053342,20.373104761600448,0.1446562836680664,0.142851250817273,0.14808850847929103,underresolved
4971,3.3303533689293863,0.45148952963565386,0.361515358208006,0.36063106429665925,0.3647773124571147,underresolved
4972,0.18386343641898717,0.03520416676667888,0.00020804285909447283,0.0,1.0,indeterminate
4973,1.1219725059636085,0.10468713942020248,0.04331616694485979,0.0,0.06106748213671699,underresolved
4974,10.717251228656984,5.1495078799985095,0.9689797177644273,0.9687717616988344,0.9690699908844354,resolved
4975,16.615105338939497,25.261975530708852,0.9938125911749525,0.993637491280873,0.9939082180888713,resolved
4976,0.2301561981746192,7.824523879053247,0.011192438278130238,0.001518144390087123,0.0502337046602882,underresolved
4977,0.6359842015032556,0.0320910773847701,0.004957107416095807,0.0,0.1016666488589063,underresolved
4978,7.946367944192804,2.247543697078652,0.8923649888302838,0.8920885001702906,0.8925009192749971,underresolved
4979,0.10006909246145052,28.485274982553424,0.0009866007807382698,0.0,1.0,indeterminate
4980,0.7417871498285817,28.17642112629814,0.21133076723548413,0.20977683254176802,0.21323602463430574,underresolved
4981,0.09151951247649423,0.057584928503110575,4.352085474144265e-05,0.0,1.0,indeterminate
4982,0.8208975700084844,5.523034123079184,0.251349918880654,0.24920633641092996,0.251982072183088,underresolved
4983,16.50686550987661,15.007385083718017,0.9923195425074114,0.9920830752507812,0.9923556683762551,resolved
4984,0.16806152600374516,6.922602719946172,0.0045058383673623695,0.0,0.1330729561764029,underresolved
4985,0.06035575661438528,4.74979674188099,0.0002139781662938897,0.0,1.0,indeterminate
4986,0.09450942581129468,14.067289933831924,0.0008308793231256575,0.0,1.0,indeterminate
4987,0.03349323005789788,11.881565698843998,3.737730334483448e-05,0.0,1.0,indeterminate
4988,6.372910641795333,0.5309933155209428,0.45217578209636866,0.4501278251250063,0.4531510790842491,underresolved
4989,0.16915333131549243,0.05471082729075305,0.00025344750436610613,0.0,1.0,indeterminate
4990,3.4075719848525488,16.1398217790945,0.8817603770062432,0.8816484438388458,0.8819972541465366,underresolved
4991,12.44559400942402,0.16612034380832502,0.16230032342079068,0.1520926686121573,0.1805217980282875,underresolved
4992,7.807180232272168,0.06790072494869819,0.06611111891727148,0.0,0.12154728590329311,underresolved
4993,5.789881188364228,7.109383390149549,0.9475389195713784,0.9473713128206097,0.9476764384187499,resolved
4994,15.806628456462947,5.070617294662415,0.9752418473868741,0.9750649730666234,0.9753599525718422,resolved
4995,8.982707232270036,0.4411827292322002,0.39625587123111844,0.3933730517683964,0.3976568234491717,underresolved
4996,17.156650371276093,0.29230065975988495,0.2791370933344836,0.2713297515453994,0.2809499691360707,underresolved
4997,0.4026266401598046,0.2843168656647613,0.014248212120644185,0.006758026440538911,0.03250751697025422,underresolved
4998,2.1181625369041117,15.478257896556064,0.7379329752499978,0.7374699934974981,0.7379747679063174,underresolved
4999,0.3510194446173803,0.1427208603605126,0.005133436098947759,0.0,0.040285850243161274,underresolved
