radius,total_true,total_filtered,broad_true
9.999999999999999e-06,0.004947810060289795,1.6082143761083613e-06,1.6487212706993037e-06
1.0053871573778857e-05,0.00497446466489901,1.6168780800498265e-06,1.6576031916568197e-06
1.0108033362203857e-05,0.005001262861621636,1.6255884567279003e-06,1.6665329609203519e-06
1.0162486928706949e-05,0.005028205424003886,1.634345757575956e-06,1.6755108362562514e-06
1.02172338451426e-05,0.005055293129759098,1.643150235381888e-06,1.684537076819507e-06
1.0272275691833045e-05,0.005082526760790135,1.6520021442953913e-06,1.693611943161208e-06
1.032761405761398e-05,0.005109907103211976,1.6609017398353063e-06,1.702735697236075e-06
1.0383250539880412e-05,0.005137434947374409,1.6698492788969938e-06,1.7119086024100196e-06
1.0439186744632744e-05,0.005165111087884827,1.6788450197597477e-06,1.7211309234677455e-06
1.049542428652322e-05,0.005192936323631204,1.6878892220942636e-06,1.7304029266204019e-06
1.0551964788902406e-05,0.005220911457805092,1.6969821469701124e-06,1.73972487951325e-06
1.0608809883866133e-05,0.005249037297924842,1.706124056863293e-06,1.7490970512334009e-06
1.0665961212302568e-05,0.005277314655858891,1.7153152156637987e-06,1.758519712317577e-06
1.0723420423939668e-05,0.00530574434784924,1.7245558886832515e-06,1.767993134759935e-06
1.0781189177392666e-05,0.005334327194534947,1.733846342662537e-06,1.7775175920198979e-06
1.0839269140212039e-05,0.005363064020975852,1.743186845779521e-06,1.787093359030058e-06
1.0897661988931622e-05,0.0053919556566763855,1.7525776676567844e-06,1.7967207122041164e-06
1.0956369409116979e-05,0.005421002935609494,1.762019079369405e-06,1.8063999294448516e-06
1.1015393095414145e-05,0.005450206696240756,1.7715113534527943e-06,1.816131290152161e-06
1.1074734751598418e-05,0.0054795677815525174,1.7810547639105442e-06,1.8259150752311016e-06
1.113439609062362e-05,0.0055090870390682644,1.7906495862223518e-06,1.8357515671000134e-06
1.1194378834671525e-05,0.0055387653208770725,1.8002960973519653e-06,1.845641049698669e-06
1.1254684715201551e-05,0.005568603483658192,1.8099945757551785e-06,1.855583808496466e-06
1.1315315473000827e-05,0.0055986023887058135,1.8197453013878786e-06,1.8655801305006804e-06
1.1376272858234309e-05,0.005628762901953867,1.8295485557141107e-06,1.8756303042647314e-06
1.1437558630495389e-05,0.005659085894001051,1.839404621714214e-06,1.8857346198965241e-06
1.1499174558856664e-05,0.0056895722401359506,1.8493137838929861e-06,1.8958933690668213e-06
1.156112242192098e-05,0.005720222820362291,1.8592763282878938e-06,1.9061068450176566e-06
1.1623404007872874e-05,0.005751038519424383,1.8692925424773449e-06,1.916375342570818e-06
1.1686021114530034e-05,0.005782020226832585,1.8793627155889654e-06,1.926699158136333e-06
1.1748975549395302e-05,0.0058131688368890265,1.8894871383079602e-06,1.937078589721039e-06
1.1812269129708804e-05,0.005844485248713388,1.8996661028854983e-06,1.9475139369371807e-06
1.1875903682500488e-05,0.005875970366268912,1.9098999031471634e-06,1.958005501011073e-06
1.1939881044642731e-05,0.005907625098388404,1.9201888345014115e-06,1.9685535847917707e-06
1.2004203062903456e-05,0.005939450358800529,1.930533193948115e-06,1.97915849275983e-06
1.2068871593999416e-05,0.0059714470661561565,1.940933280087131e-06,1.989820531036091e-06
1.2133888504649761e-05,0.006003616144054869,1.9513893931269173e-06,2.0005400073905107e-06
1.2199255671630029e-05,0.006035958521071669,1.961901834893213e-06,2.011317231251064e-06
1.2264974981826166e-05,0.006068475130783695,1.9724709088377305e-06,2.022152513712651e-06
1.2331048332289096e-05,0.006101166911797229,1.9830969200469247e-06,2.033046167546092e-06
1.2397477630289454e-05,0.006134034807774766,1.993780175250802e-06,2.043998507207154e-06
1.2464264793372616e-05,0.006167079767462235,2.004520982831766e-06,2.0550098488456205e-06
1.2531411749414155e-05,0.006200302744716436,2.015319652833538e-06,2.06608051031444e-06
1.2598920436675337e-05,0.00623370469853249,2.026176496970082e-06,2.077210811178869e-06
1.2666792803859168e-05,0.006267286593071569,2.037091828634616e-06,2.0884010727257174e-06
1.2735030810166629e-05,0.006301049397688713,2.048065962908658e-06,2.0996516179726184e-06
1.2803636425353196e-05,0.006334994086960787,2.0590992165711162e-06,2.1109627716773464e-06
1.2872611629785804e-05,0.006369121640714663,2.0701919081074482e-06,2.1223348603472117e-06
1.2941958414499863e-05,0.006403433044055423,2.0813443577188304e-06,2.133768212248456e-06
1.3011678781256827e-05,0.00643792928739484,2.092556887331417e-06,2.145263157415749e-06
1.3081774742601928e-05,0.006472611366479938,2.1038298206056267e-06,2.156820027661704e-06
1.3152248321922377e-05,0.006507480282421776,2.1151634829454997e-06,2.1684391565864738e-06
1.3223101553505607e-05,0.00654253704172427,2.1265582015080643e-06,2.1801208795873544e-06
1.3294336482598107e-05,0.0065777826563132875,2.138014305212802e-06,2.1918655338684853e-06
1.3365955165464433e-05,0.006613218143565846,2.1495321247511344e-06,2.2036734584505777e-06
1.3437959669446527e-05,0.0066488445263394565,2.1611119925959646e-06,2.215544994180695e-06
1.3510352073023517e-05,0.006684662833001694,2.1727542430112947e-06,2.2274804837421117e-06
1.3583134465871541e-05,0.006720674097459804,2.1844592120618447e-06,2.2394802716641776e-06
1.3656308948924175e-05,0.0067568793591905926,2.1962272376227715e-06,2.2515447043322808e-06
1.372987763443306e-05,0.006793279663270409,2.2080586593894235e-06,2.263674129997841e-06
1.3803842646028839e-05,0.006829876060405294,2.2199538188871314e-06,2.275868898788361e-06
1.3878206118782566e-05,0.006866669606961361,2.2319130594810912e-06,2.288129362717545e-06
1.3952970199267186e-05,0.006903661364995204,2.2439367263862515e-06,2.300455875695442e-06
1.4028137045619589e-05,0.006940852402284592,2.2560251666772885e-06,2.3128487935386714e-06
1.4103708827602893e-05,0.00697824379235928,2.2681787292986265e-06,2.325308473980693e-06
1.4179687726669037e-05,0.007015836614531971,2.2803977650745025e-06,2.3378352766821287e-06
1.4256075936021879e-05,0.007053631953929533,2.292682626719113e-06,2.3504295632411627e-06
1.433287566068032e-05,0.007091630901524216,2.3050336688467688e-06,2.3630916972039525e-06
1.4410089117542074e-05,0.007129834554165202,2.3174512479821467e-06,2.375822044075139e-06
1.4487718535447601e-05,0.0071682440146102295,2.3299357225705734e-06,2.38862097132839e-06
1.4565766155244572e-05,0.007206860391557478,2.342487452988393e-06,2.4014888484170278e-06
1.4644234229852357e-05,0.007245684799677469,2.3551068015533375e-06,2.4144260467846604e-06
1.4723125024327194e-05,0.007284718359645307,2.367794132535007e-06,2.4274329398759278e-06
1.4802440815927533e-05,0.007323962198172995,2.3805498121653804e-06,2.4405099031472747e-06
1.4882183894179744e-05,0.007363417448041942,2.393374208649379e-06,2.4536573140777837e-06
1.4962356560944327e-05,0.007403085248135708,2.4062676921755174e-06,2.4668755521800918e-06
1.5042961130482178e-05,0.007442966743472792,2.41923063492656e-06,2.4801649990113153e-06
1.5123999929521503e-05,0.0074830630852397205,2.4322634110902826e-06,2.4935260381840824e-06
1.520547529732497e-05,0.007523375430824269,2.445366396870269e-06,2.5069590553776057e-06
1.5287389585757183e-05,0.007563904943848842,2.4585399704967677e-06,2.5204644383488037e-06
1.536974515935271e-05,0.007604652794204113,2.4717845122376257e-06,2.5340425769435215e-06
1.545254439538414e-05,0.007645620158082692,2.4851004044092384e-06,2.547693863107747e-06
1.5535789683930842e-05,0.007686808218013144,2.498488031387607e-06,2.561418690898949e-06
1.561948342794791e-05,0.007728218162894079,2.5119477796194236e-06,2.575217456497446e-06
1.5703628043335513e-05,0.007769851188028464,2.525480037633226e-06,2.589090558217837e-06
1.5788225959008745e-05,0.007811708495158173,2.539085196050632e-06,2.6030383965205206e-06
1.5873279616967545e-05,0.007853791292498566,2.5527636475975825e-06,2.6170613740232207e-06
1.5958791472367336e-05,0.007896100794773432,2.5665157871157023e-06,2.631159895512634e-06
1.6044763993589808e-05,0.00793863822325001,2.5803420115736824e-06,2.6453343679561e-06
1.6131199662314312e-05,0.007981404805774283,2.5942427200787644e-06,2.659585200513373e-06
1.62181009735893e-05,0.008024401776806332,2.6082183138882272e-06,2.6739128045483973e-06
1.6305470435904466e-05,0.008067630377456008,2.6222691964209897e-06,2.6883175936412047e-06
1.6393310571263148e-05,0.008111091855518752,2.6363957732692545e-06,2.7027999835998508e-06
1.648162391525507e-05,0.008154787465511563,2.650598452210206e-06,2.7173603924724054e-06
1.6570413017129675e-05,0.008198718468709287,2.664877643217804e-06,2.7319992405590477e-06
1.665968043986952e-05,0.008242886133180903,2.6792337584745883e-06,2.7467169504241634e-06
1.6749428760264382e-05,0.00828729173382619,2.693667212383595e-06,2.761513946908563e-06
1.6839660568985612e-05,0.00833193655241249,2.708178421580316e-06,2.7763906571417434e-06
1.693037847066088e-05,0.008376821877611693,2.7227678049447167e-06,2.7913475105542095e-06
1.7021585083949502e-05,0.008421949005037484,2.737435783613353e-06,2.8063849388898917e-06
1.711328304161781e-05,0.008467319237282625,2.7521827809914905e-06,2.8215033762185756e-06
1.720547499061531e-05,0.008512933883956622,2.7670092227653562e-06,2.8367032589484563e-06
1.7298163592151032e-05,0.008558794261723492,2.7819155369144106e-06,2.851985025838728e-06
1.7391351521770327e-05,0.008604901694339745,2.7969021537237036e-06,2.8673491180122423e-06
1.748504146943224e-05,0.008651257512692651,2.811969505796316e-06,2.88279597896827e-06
1.757923613958693e-05,0.008697863054838537,2.82711802806581e-06,2.8983260545952597e-06
1.7673938251253903e-05,0.00874471966604147,2.842348157808812e-06,2.9139397931837426e-06
1.7769150538100406e-05,0.008791828698812041,2.857660334657618e-06,2.9296376454392513e-06
1.78648757485205e-05,0.00883919151294648,2.8730550006129117e-06,2.9454200644953624e-06
1.7961116645714155e-05,0.008886809475565754,2.8885326000564857e-06,2.96128750592673e-06
1.805787600776718e-05,0.008934683961155116,2.904093579764094e-06,2.9772404277622723e-06
1.815515662773137e-05,0.008982816351603747,2.91973838891834e-06,2.9932792904983788e-06
1.825296131370509e-05,0.009031208036244598,2.93546747912164e-06,3.009404557112201e-06
1.8351292888914478e-05,0.009079860411894566,2.951281304409281e-06,3.0256166930750355e-06
1.8450154191794737e-05,0.009128774882894685,2.9671803212624928e-06,3.041916166365734e-06
1.8549548076072196e-05,0.009177952861150732,2.9831649886216452e-06,3.0583034474842254e-06
1.8649477410846655e-05,0.009227395766173931,2.999235767899494e-06,3.0747790094650962e-06
1.8749945080674174e-05,0.009277105025121907,3.01539312299449e-06,3.09134332789124e-06
1.885095398565048e-05,0.00932708207283995,3.0316375203041992e-06,3.1079968809076083e-06
1.8952507041494465e-05,0.009377328351902286,3.0479694287387236e-06,3.124740149234976e-06
1.9054607179632484e-05,0.009427845312653787,3.064389319734265e-06,3.1415736161838423e-06
1.9157257347282956e-05,0.009478634413251807,3.0808976672667257e-06,3.1584977676683767e-06
1.9260460507541387e-05,0.00952969711970823,3.097494947865385e-06,3.175513092220437e-06
1.936421963946607e-05,0.009581034905931847,3.114181640626681e-06,3.1926200810037016e-06
1.946853773816382e-05,0.009632649253770777,3.1309582272279967e-06,3.209819227827802e-06
1.9573417814876617e-05,0.00968454165305529,3.1478251919415967e-06,3.227111029162609e-06
1.967886289706847e-05,0.009736713601640792,3.164783021648594e-06,3.2444959841525505e-06
1.9784876028512774e-05,0.00978916660545101,3.181832205853004e-06,3.261974594631024e-06
1.9891460269380335e-05,0.009841902178521527,3.198973236695893e-06,3.279547365134898e-06
1.9998618696327447e-05,0.009894921843043357,3.21620660896955e-06,3.2972148029190397e-06
2.0106354402584892e-05,0.009948227129406928,3.2335328201317963e-06,3.314977417970988e-06
2.0214670498047122e-05,0.01000181957624622,3.250952370320328e-06,3.332835723025655e-06
2.032357010936221e-05,0.010055700730483225,3.2684657623671835e-06,3.3507902335801606e-06
2.043305638002184e-05,0.01010987214737246,3.286073501813214e-06,3.368841467908664e-06
2.054313247045223e-05,0.010164335390545936,3.3037760969227087e-06,3.3869899470773595e-06
2.065380155810531e-05,0.010219092032058237,3.321574058698053e-06,3.4052361949595048e-06
2.0765066837550406e-05,0.010274143652431868,3.3394679008944795e-06,3.4235807382505387e-06
2.0876931520566607e-05,0.010329491840702937,3.3574581400349183e-06,3.442024106483312e-06
2.0989398836235243e-05,0.010385138194466874,3.3755452954248715e-06,3.4605668320433337e-06
2.1102472031033258e-05,0.010441084319924614,3.3937298891674285e-06,3.47920945018416e-06
2.1216154368926867e-05,0.010497331831928925,3.412012446178327e-06,3.497952499042845e-06
2.133044913146575e-05,0.010553882354030956,3.4303934942011044e-06,3.516796519655465e-06
2.1445359617877945e-05,0.010610737518527197,3.448873563822358e-06,3.5357420559727645e-06
2.156088914516481e-05,0.010667898966506413,3.4674531884870133e-06,3.5547896548758102e-06
2.1677041048196962e-05,0.01072536834789711,3.4861329045137576e-06,3.573939866191817e-06
2.1793818679810446e-05,0.010783147321515061,3.5049132511105048e-06,3.593193242709994e-06
2.1911225410903692e-05,0.010841237555111285,3.523794770389985e-06,3.6125503401975355e-06
2.202926463053456e-05,0.010899640725420006,3.542778007385355e-06,3.63201171741562e-06
2.2147939746018344e-05,0.010958358518207135,3.5618635100659603e-06,3.6515779361355675e-06
2.2267254183026076e-05,0.011017392628318873,3.581051829353141e-06,3.6712495611550483e-06
2.238721138568338e-05,0.01107674475973059,3.6003435191361293e-06,3.6910271603143786e-06
2.250781481667005e-05,0.011136416625596075,3.61973913628807e-06,3.7109113045129422e-06
2.2629067957319764e-05,0.011196409948296826,3.6392392406820477e-06,3.7309025677256267e-06
2.2750974307720715e-05,0.01125672645949183,3.6588443952072785e-06,3.751001527019419e-06
2.2873537386816645e-05,0.011317367900167507,3.6785551657853542e-06,3.771208762570057e-06
2.2996760732508333e-05,0.011378336020687904,3.698372121386563e-06,3.7915248576787697e-06
2.312064790175594e-05,0.011439632580845283,3.7182958340463526e-06,3.8119503987891424e-06
2.3245202470681383e-05,0.011501259349910769,3.7383268788817907e-06,3.832485975504003e-06
2.3370428034671765e-05,0.011563218106685464,3.7584658341081988e-06,3.853132180602471e-06
2.3496328208483096e-05,0.01162551063955175,3.7787132810558365e-06,3.873889610057058e-06
2.3622906626344605e-05,0.011688138746524863,3.7990698041866716e-06,3.8947588630508685e-06
2.3750166942063822e-05,0.01175110423530485,3.819535991111284e-06,3.915740541994921e-06
2.387811282913178e-05,0.01181440892332859,3.8401124326057845e-06,3.936835252545495e-06
2.400674798082923e-05,0.011878054637822294,3.86079972262889e-06,3.958043603621644e-06
2.41360761103332e-05,0.011942043215854223,3.88159845833907e-06,3.979366207422765e-06
2.4266100950824144e-05,0.012006376504387633,3.902509240111773e-06,4.000803679446259e-06
2.4396826255593897e-05,0.012071056360334178,3.923532671556784e-06,4.022356638505331e-06
2.452825579815372e-05,0.012136084650607313,3.944669359535612e-06,4.044025706746814e-06
2.466039337234341e-05,0.012201463252176257,3.965919914179026e-06,4.065811509669142e-06
2.4793242792440745e-05,0.01226719405212008,3.987284948904662e-06,4.087714676140406e-06
2.4926807893271757e-05,0.012333278947682253,4.008765080434755e-06,4.109735838416531e-06
2.506109253032114e-05,0.012399719846325222,4.030360928813896e-06,4.131875632159481e-06
2.5196100579843737e-05,0.01246651866578552,4.0520731174269625e-06,4.154134696455634e-06
2.5331835938976394e-05,0.012533677334129073,4.0739022730171035e-06,4.176513673834234e-06
2.5468302525850393e-05,0.01260119778980681,4.095849025703824e-06,4.199013210285917e-06
2.5605504279704755e-05,0.01266908198171064,4.117914009001209e-06,4.2216339552813996e-06
2.5743445160999653e-05,0.012737331869229556,4.140097859836153e-06,4.244376561790178e-06
2.588212915153093e-05,0.012805949422306225,4.162401218566791e-06,4.267241686299398e-06
2.6021560254544994e-05,0.012874936621493815,4.184824729000964e-06,4.290229988832813e-06
2.6161742494854312e-05,0.01294429545801308,4.2073690384148e-06,4.3133421329698136e-06
2.6302679918953814e-05,0.013014027933809904,4.230034797571429e-06,4.336578785864627e-06
2.6444376595137375e-05,0.013084136061612897,4.252822660739723e-06,4.359940618265517e-06
2.658683661361546e-05,0.013154621864991545,4.275733285713207e-06,4.383428304534185e-06
2.6730064086633088e-05,0.013225487378414533,4.298767333829037e-06,4.4070425226652124e-06
2.6874063148588755e-05,0.013296734647308536,4.321925469987124e-06,4.430783954305674e-06
2.7018837956153445e-05,0.01336836572811705,4.3452083626692695e-06,4.454653284774756e-06
2.7164392688390837e-05,0.013440382688359814,4.368616683958504e-06,4.478651203083577e-06
2.731073154687789e-05,0.013512787606692429,4.392151109558473e-06,4.502778401955066e-06
2.7457858755826054e-05,0.013585582572966264,4.415812318812935e-06,4.527035577843952e-06
2.7605778562203447e-05,0.01365876968828887,4.4396009947254065e-06,4.5514234309569e-06
2.7754495235857103e-05,0.013732351065084393,4.46351782397883e-06,4.575942665272673e-06
2.7904013069636447e-05,0.013806328827154627,4.4875634969554165e-06,4.600593988562488e-06
2.8054336379517163e-05,0.013880705109740227,4.511738707756584e-06,4.625378112410436e-06
2.8205469504725708e-05,0.013955482059582277,4.536044154222968e-06,4.650295752234011e-06
2.8357416807864827e-05,0.014030661834984321,4.560480537954612e-06,4.675347627304809e-06
2.8510182675039097e-05,0.01410624660587442,4.585048564331161e-06,4.7005344607692205e-06
2.8663771515981808e-05,0.014182238553867882,4.609748942532263e-06,4.725856979669352e-06
2.881818776418216e-05,0.014258639872330113,4.634582385558022e-06,4.751315914964e-06
2.8973435877013213e-05,0.014335452766439891,4.659549610249584e-06,4.776912001549741e-06
2.9129520335860765e-05,0.01441267945325303,4.684651337309855e-06,4.802645978282182e-06
2.9286445646252374e-05,0.014490322161766196,4.709888291324253e-06,4.8285185879972375e-06
2.9444216337987632e-05,0.01456838313298126,4.735261200781661e-06,4.854530577532601e-06
2.960283696526889e-05,0.014646864619969944,4.7607707980954474e-06,4.8806826977493e-06
2.9762312106832628e-05,0.014725768887938716,4.786417819624597e-06,4.9069757035533576e-06
2.992264636608189e-05,0.01480509821429429,4.812203005695004e-06,4.933410353917625e-06
3.0083844371218795e-05,0.014884854888709071,4.838127100620785e-06,4.95998741190363e-06
3.0245910775378373e-05,0.014965041213187357,4.864190852725809e-06,4.986707644683644e-06
3.0408850256762767e-05,0.015045659502131617,4.890395014365266e-06,5.013571823562803e-06
3.057266751877651e-05,0.015126712082409385,4.9167403419474356e-06,5.040580724001418e-06
3.073736729016194e-05,0.015208201293420159,4.9432275959554606e-06,5.067735125637296e-06
3.090295432513592e-05,0.015290129487163,4.9698575409693294e-06,5.095035812308284e-06
3.1069433403527046e-05,0.015372499028304317,4.996630945687947e-06,5.1224835720748885e-06
3.123680933091352e-05,0.015455312294246019,5.023548582951313e-06,5.15007919724301e-06
3.140508693876217e-05,0.015538571675194207,5.0506112297628645e-06,5.177823484386862e-06
3.1574271084567465e-05,0.015622279574227902,5.077819667311847e-06,5.20571723437189e-06
3.174436665199206e-05,0.015706438407368465,5.105174680995907e-06,5.233761252377942e-06
3.191537855100758e-05,0.015791050603649194,5.132677060443742e-06,5.261956347922484e-06
3.2087311718036664e-05,0.015876118605185518,5.1603275995379365e-06,5.290303334884018e-06
3.2260171116095e-05,0.015961644867245172,5.188127096437808e-06,5.318803031525495e-06
3.2433961734934935e-05,0.016047631858319186,5.216076353602503e-06,5.347456260518e-06
3.2608688591189355e-05,0.016134082060192963,5.244176177814133e-06,5.376263848964465e-06
3.2784356728516494e-05,0.016220997968017847,5.2724273802010665e-06,5.405226628423554e-06
3.296097121774576e-05,0.01630838209038319,5.300830776261379e-06,5.434345434933695e-06
3.313853715702372e-05,0.016396236949388472,5.32938718588633e-06,5.463621109037157e-06
3.3317059671961525e-05,0.01648456508071616,5.3580974333840734e-06,5.493054495804353e-06
3.3496543915782794e-05,0.01657336903370478,5.386962347503439e-06,5.522646444858224e-06
3.367699506947231e-05,0.016662651371422386,5.415982761457849e-06,5.552397810398748e-06
3.385841834192584e-05,0.016752414670740595,5.445159512949408e-06,5.582309451227652e-06
3.404081897010009e-05,0.016842661522408663,5.474493444193023e-06,5.612382230773128e-06
3.422420221916414e-05,0.016933394531128337,5.503985401940755e-06,5.6426170171147986e-06
3.440857338265136e-05,0.01702461631562889,5.533636237506249e-06,5.673014683008773e-06
3.459393778261217e-05,0.017116329508742596,5.563446806789302e-06,5.703576105912824e-06
3.478030076976789e-05,0.01720853675748078,5.593417970300615e-06,5.734302168011754e-06
3.496766772366483e-05,0.017301240723109887,5.623550593186555e-06,5.765193756242808e-06
3.515604405282983e-05,0.017394444081228397,5.653845545254185e-06,5.796251762321309e-06
3.5345435194926314e-05,0.01748814952184386,5.6843037009963515e-06,5.827477082766393e-06
3.553584661691117e-05,0.01758235974945045,5.714925939616923e-06,5.858870618926871e-06
3.572728381519288e-05,0.01767707748310705,5.745713145056214e-06,5.8904332770073004e-06
3.591975231578972e-05,0.01777230545651544,5.7766662060164245e-06,5.922165968094066e-06
3.611325767448956e-05,0.01786804641809921,5.807786015987349e-06,5.954069608181733e-06
3.6307805477010174e-05,0.017964303131082982,5.8390734732721495e-06,5.986145118199473e-06
3.650340133916042e-05,0.01806107837357202,5.87052948101328e-06,6.018393424037635e-06
3.67000509070026e-05,0.01815837493863243,5.902154947218596e-06,6.050815456574524e-06
3.6897759857015046e-05,0.018256195634371475,5.933950784787501e-06,6.083412151703192e-06
3.7096533896256224e-05,0.018354543284018657,5.965917911537347e-06,6.11618445035851e-06
3.7296378762529434e-05,0.01845342072600705,5.998057250229906e-06,6.149133298544312e-06
3.749730022454834e-05,0.018552830814055087,6.030369728598001e-06,6.182259647360691e-06
3.7699304082103816e-05,0.018652776417248957,6.062856279372342e-06,6.2155644530315045e-06
3.790239616623088e-05,0.018753260420125057,6.0955178403083605e-06,6.249048676931899e-06
3.810658233937734e-05,0.01885428572275331,6.128355354213341e-06,6.282713285616111e-06
3.831186849557285e-05,0.018955855240820656,6.161369768973606e-06,6.316559250845351e-06
3.851826056059937e-05,0.019057971905715232,6.194562037581929e-06,6.350587549615892e-06
3.872576449216173e-05,0.01916063866461065,6.227933118164965e-06,6.384799164187202e-06
3.8934386280059944e-05,0.019263858480551056,6.261483974010965e-06,6.419195082110353e-06
3.914413194636194e-05,0.019367634332536462,6.295215573597547e-06,6.4537762962564896e-06
3.935500754557772e-05,0.019471969215608773,6.329128890619717e-06,6.4885438048455564e-06
3.9567019164833636e-05,0.01957686614093784,6.3632249040178834e-06,6.523498611475019e-06
3.9780172924048414e-05,0.019682328135908374,6.3975045980061724e-06,6.5586417251489e-06
3.999447497610978e-05,0.019788358244207202,6.431968962100836e-06,6.593974160306883e-06
4.0209931507051914e-05,0.0198949595259109,6.466618991148783e-06,6.629496936853581e-06
4.042654873623441e-05,0.020002135057574127,6.501455685356365e-06,6.665211080188042e-06
4.0644332916521274e-05,0.020109887932318066,6.5364800503181586e-06,6.70111762123325e-06
4.086329033446176e-05,0.020218221259919695,6.571693097046052e-06,6.7372175964659566e-06
4.108342731047174e-05,0.020327138166901355,6.607095841998415e-06,6.7735120479465684e-06
4.1304750199016105e-05,0.020436641796620813,6.6426893071094225e-06,6.8100020233492286e-06
4.152726538879246e-05,0.020546735309361967,6.678474519818611e-06,6.846688575992101e-06
4.175097930291512e-05,0.020657421882425687,6.714452513100455e-06,6.883572764867702e-06
4.1975898399100776e-05,0.020768704710221516,6.75062432549424e-06,6.9206556546735216e-06
4.220202916985487e-05,0.02088058700435965,6.7869910011340195e-06,6.9579383158427394e-06
4.2429378142658926e-05,0.020993071993743458,6.823553589778761e-06,6.99542182457512e-06
4.265795188015926e-05,0.02110616292466265,6.860313146842676e-06,7.033107262868119e-06
4.288775698035595e-05,0.02121986306088655,6.897270733425625e-06,7.070995718548045e-06
4.311880007679365e-05,0.021334175683758328,6.934427416343792e-06,7.109088285301514e-06
4.335108783875293e-05,0.021449104092289454,6.971784268160469e-06,7.147386062707e-06
4.3584626971442755e-05,0.021564651603254686,7.009342367216999e-06,7.185890156266565e-06
4.381942421619437e-05,0.02168082155128783,7.0471027976639634e-06,7.224601677437833e-06
4.4055486350655344e-05,0.021797617288977514,7.08506664949239e-06,7.263521743665975e-06
4.4292820188985626e-05,0.02191504218696395,7.123235018565277e-06,7.302651478416034e-06
4.4531432582054085e-05,0.02203309963403597,7.161609006649203e-06,7.341992011205332e-06
4.4771330417636234e-05,0.022151793037228612,7.20018972144613e-06,7.381544477636071e-06
4.501252062061336e-05,0.022271125821921416,7.2389782766254195e-06,7.421310019428156e-06
4.5255010153171936e-05,0.022391101431936858,7.277975791855907e-06,7.4612897844520795e-06
4.549880601500489e-05,0.022511723329639674,7.317183392838277e-06,7.501484926762105e-06
4.5743915243513626e-05,0.022632994996036576,7.3566022113375355e-06,7.541896606629569e-06
4.5990344914011006e-05,0.022754919930876437,7.3962333852156706e-06,7.582525990576351e-06
4.6238102139926034e-05,0.022877501652751306,7.43607805846456e-06,7.623374251408625e-06
4.6487194073008576e-05,0.023000743699197433,7.4761373812388974e-06,7.6644425682506e-06
4.673762790353619e-05,0.02312464962679736,7.516412509889456e-06,7.705732126578634e-06
4.698941086052151e-05,0.02324922301128224,7.5569046069964415e-06,7.747244118255415e-06
4.724255021192128e-05,0.02337446744763499,7.597614841403105e-06,7.788979741564427e-06
4.749705326484557e-05,0.023500386550193573,7.638544388249393e-06,7.830940201244455e-06
4.775292736576912e-05,0.023626983952755223,7.679694429005932e-06,7.873126708524412e-06
4.801017990074316e-05,0.023754263308681012,7.721066151508102e-06,7.915540481158277e-06
4.826881829560908e-05,0.023882228291001246,7.762660749990387e-06,7.958182743460313e-06
4.85288500162121e-05,0.02401088259252091,7.80447942512075e-06,8.001054726340301e-06
4.8790282568617246e-05,0.02414022992592625,7.846523384035358e-06,8.044157667339148e-06
4.9053123499325905e-05,0.024270274023891543,7.888793840373414e-06,8.087492810664591e-06
4.931738039549354e-05,0.024401018639186596,7.931292014312163e-06,8.131061407227089e-06
4.9583060885149125e-05,0.02453246754478493,7.974019132602194e-06,8.174864714676001e-06
4.985017263741472e-05,0.024664624533972154,8.016976428602743e-06,8.218903997435795e-06
5.011872336272725e-05,0.024797493420455344,8.060165142317355e-06,8.263180526742608e-06
5.0388720813060986e-05,0.024931078038472797,8.103586520429679e-06,8.307695580680924e-06
5.066017278215119e-05,0.025065382242904354,8.147241816339424e-06,8.352450444220454e-06
5.0933087105719524e-05,0.025200409909382594,8.191132290198612e-06,8.397446409253297e-06
5.12074716616996e-05,0.025336164934404055,8.235259208947851e-06,8.442684774631125e-06
5.14833343704648e-05,0.025472651235441655,8.279623846352975e-06,8.488166846202741e-06
5.1760683195056815e-05,0.02560987275105734,8.324227483041795e-06,8.533893936851766e-06
5.203952614141537e-05,0.025747833441015448,8.369071406541047e-06,8.579867366534513e-06
5.231987125860977e-05,0.025886537286396876,8.41415691131363e-06,8.62608846231816e-06
5.260172663907063e-05,0.02602598828971336,8.459485298795864e-06,8.67255855841895e-06
5.288510041882383e-05,0.026166190475022846,8.505057877435128e-06,8.71927899624078e-06
5.317000077772533e-05,0.02630714788804529,8.55087596272762e-06,8.766251124413899e-06
5.345643593969714e-05,0.026448864596279018,8.596940877256298e-06,8.81347629883382e-06
5.3744414172965156e-05,0.026591344689117995,8.643253950729137e-06,8.860955882700536e-06
5.403394379029719e-05,0.026734592277969194,8.689816520017404e-06,8.908691246557757e-06
5.432503314924336e-05,0.026878611496371132,8.736629929194325e-06,8.956683768332545e-06
5.4617690652377197e-05,0.027023406500112722,8.783695529573855e-06,9.004934833375073e-06
5.4911924747538124e-05,0.027168981467352846,8.831014679749677e-06,9.053445834498591e-06
5.520774392807573e-05,0.027315340598740745,8.878588745634476e-06,9.102218172019718e-06
5.5505156733094295e-05,0.027462488117536606,8.926419100499279e-06,9.151253253798733e-06
5.580417174769969e-05,0.027610428269733252,8.974507125013153e-06,9.200552495280307e-06
5.610479760324712e-05,0.027759165324178263,9.022854207283056e-06,9.250117319534324e-06
5.6407042977590125e-05,0.02790870357269672,9.071461742893863e-06,9.299949157296962e-06
5.6710916595331574e-05,0.028059047330214918,9.12033113494875e-06,9.35004944701205e-06
5.701642722807478e-05,0.028210200934884137,9.169463794109573e-06,9.400419634872486e-06
5.732358369467719e-05,0.028362168748205664,9.218861138637666e-06,9.451061174862053e-06
5.7632394861504706e-05,0.02851495515515616,9.268524594434734e-06,9.501975528797354e-06
5.794286964268809e-05,0.028668564564313978,9.318455595084103e-06,9.553164166370092e-06
5.8255017000379576e-05,0.028823001407985667,9.36865558189198e-06,9.604628565189364e-06
5.856884594501203e-05,0.028978270142333642,9.41912600392913e-06,9.656370210824408e-06
5.888436553555884e-05,0.029134375247504275,9.469868318072676e-06,9.708390596847427e-06
5.920158487979585e-05,0.029291321227756933,9.520883989048223e-06,9.760691224876805e-06
5.952051313456357e-05,0.029449112611593185,9.572174489472024e-06,9.813273604620306e-06
5.9841159506031984e-05,0.02960775395188726,9.623741299893571e-06,9.866139253918758e-06
6.016353324996615e-05,0.029767249826016924,9.675585908838304e-06,9.919289698789838e-06
6.0487643671993254e-05,0.029927604835994995,9.727709812850566e-06,9.97272647347209e-06
6.081350012787176e-05,0.030088823608601992,9.780114516536883e-06,1.002645112046931e-05
6.114111202376069e-05,0.030250910795518695,9.832801532609268e-06,1.0080465190594946e-05
6.147048881649163e-05,0.03041387107346025,9.885772381928973e-06,1.0134770243016934e-05
6.180164001384163e-05,0.030577709144310468,9.939028593550371e-06,1.0189367845302699e-05
6.213457517480752e-05,0.030742429735256968,9.992571704765074e-06,1.0244259573464379e-05
6.246930390988229e-05,0.03090803759892734,1.0046403261146379e-05,1.0299447012004399e-05
6.28058358813318e-05,0.03107453751352537,1.010052481659377e-05,1.0354931753961078e-05
6.31441808034742e-05,0.03124193428296865,1.015493793337786e-05,1.0410715400954715e-05
6.348434844296019e-05,0.03141023273702657,1.020964418218545e-05,1.0466799563233782e-05
6.382634861905483e-05,0.03157943773145912,1.0264645142164868e-05,1.05231858597214e-05
6.417019120392147e-05,0.03174955414815665,1.031994240097161e-05,1.057987591806213e-05
6.451588612290602e-05,0.031920586895279865,1.0375537554814075e-05,1.063687137466887e-05
6.486344335482387e-05,0.032092540907401046,1.0431432208499703e-05,1.0694173874770135e-05
6.52128729322479e-05,0.03226542114564585,1.0487627975481279e-05,1.0751785072457555e-05
6.556418494179785e-05,0.032439232597835786,1.0544126477903493e-05,1.080970663073358e-05
6.591738952443213e-05,0.03261398027863178,1.0600929346649856e-05,1.0867940221559595e-05
6.627249687573964e-05,0.0327896692296779,1.0658038221389629e-05,1.0926487525904026e-05
6.66295172462347e-05,0.03296630451974647,1.071545475062526e-05,1.0985350233790971e-05
6.698846094165272e-05,0.03314389124488357,1.0773180591739935e-05,1.1044530044348949e-05
6.734933832324763e-05,0.03332243452855547,1.0831217411045403e-05,1.110402866585993e-05
6.771215980809143e-05,0.03350193952179597,1.0889566883830158e-05,1.116384781580874e-05
6.807693586937417e-05,0.03368241140335403,1.094823069440768e-05,1.1223989220932487e-05
6.844367703670674e-05,0.0338638553798428,1.1007210536165126e-05,1.1284454617270518e-05
6.881239389642466e-05,0.03404627668588907,1.10665081116122e-05,1.1345245750214495e-05
6.918309709189363e-05,0.034229680584283495,1.112612513243026e-05,1.140636437455875e-05
6.955579732381721e-05,0.034414072366132135,1.118606331952185e-05,1.1467812254551041e-05
6.993050535054494e-05,0.034599457351007896,1.12463244030602e-05,1.1529591163943343e-05
7.030723198838341e-05,0.03478584088710357,1.1306910122539287e-05,1.1591702886043126e-05
7.068598811190822e-05,0.03497322835138529,1.1367822226823987e-05,1.1654149213764798e-05
7.106678465427843e-05,0.035161625149747196,1.1429062474200662e-05,1.171693194968155e-05
7.144963260755134e-05,0.03535103671716622,1.1490632632427764e-05,1.1780052906077249e-05
7.183454302300035e-05,0.03554146851785838,1.155253447878697e-05,1.184351390499884e-05
7.222152701143361e-05,0.03573292604543553,1.1614769800134416e-05,1.1907316778308906e-05
7.261059574351543e-05,0.03592541482306333,1.1677340392952398e-05,1.1971463367738623e-05
7.30017604500878e-05,0.036118940403619376,1.1740248063401068e-05,1.20359555249408e-05
7.339503242249513e-05,0.036313508369852816,1.180349462737066e-05,1.2100795111543405e-05
7.379042301291015e-05,0.0365091243345446,1.1867081910533918e-05,1.2165983999203299e-05
7.418794363466131e-05,0.036705793940668356,1.1931011748398727e-05,1.2231524069660225e-05
7.458760576256295e-05,0.03690352286155276,1.1995285986361223e-05,1.2297417214791228e-05
7.498942093324559e-05,0.03710231680104379,1.2059906479758915e-05,1.2363665336665116e-05
7.53934007454895e-05,0.03730218149366873,1.212487509392431e-05,1.2430270347597466e-05
7.579955686055947e-05,0.03750312270480061,1.2190193704238783e-05,1.2497234170205803e-05
7.620790100254114e-05,0.03770514623082355,1.2255864196186638e-05,1.256455873746507e-05
7.661844495868018e-05,0.037908257899299365,1.2321888465409666e-05,1.2632245992763521e-05
7.703120057972147e-05,0.03811246356913421,1.2388268417761693e-05,1.2700297889958677e-05
7.744617978025191e-05,0.03831776913074704,1.2455005969363714e-05,1.2768716393433823e-05
7.786339453904417e-05,0.0385241805062384,1.252210304665917e-05,1.2837503478154683e-05
7.828285689940226e-05,0.0387317036495602,1.2589561586469515e-05,1.2906661129726406e-05
7.870457896950985e-05,0.03894034454668683,1.2657383536050266e-05,1.2976191344450988e-05
7.912857292277883e-05,0.03915010921578631,1.272557085314701e-05,1.3046096129384736e-05
7.955485099820135e-05,0.03936100370739315,1.2794125506052065e-05,1.3116377502396326e-05
7.998342550070292e-05,0.039573034104581774,1.2863049473661237e-05,1.3187037492224983e-05
8.041430880149745e-05,0.03978620652314084,1.2932344745530931e-05,1.3258078138539075e-05
8.084751333844503e-05,0.040000527111748854,1.3002013321935684e-05,1.3329501491995036e-05
8.128305161640995e-05,0.04021600205214999,1.3072057213925749e-05,1.3401309614296445e-05
8.172093620762237e-05,0.04043263755933159,1.314247844338525e-05,1.3473504578253626e-05
8.2161179752041e-05,0.04065043988170215,1.3213279043090521e-05,1.3546088467843457e-05
8.260379495771784e-05,0.0408694153012704,1.3284461056768746e-05,1.36190633782695e-05
8.304879460116566e-05,0.041089570133825595,1.3356026539157078e-05,1.3692431416022588e-05
8.349619152772586e-05,0.04131091072911801,1.3427977556061783e-05,1.3766194698941482e-05
8.394599865193981e-05,0.041533443471041216,1.350031618441797e-05,1.3840355356274086e-05
8.43982289579216e-05,0.04175717477781488,1.3573044512349536e-05,1.3914915528738905e-05
8.485289549973259e-05,0.04198211110216853,1.3646164639229383e-05,1.3989877368586794e-05
8.531001140175895e-05,0.0422082589315268,1.371967867574017e-05,1.4065243039663226e-05
8.576958985908945e-05,0.042435624788194605,1.3793588743935036e-05,1.4141014717470544e-05
8.62316441378971e-05,0.04266421522954445,1.3867896977298997e-05,1.4217194589230908e-05
8.669618757582161e-05,0.04289403684820391,1.3942605520810437e-05,1.429378485394935e-05
8.716323358235527e-05,0.043125096272244826,1.4017716531003188e-05,1.4370787722477382e-05
8.763279563922883e-05,0.04335740016537254,1.4093232176028566e-05,1.4448205417576628e-05
8.810488730080146e-05,0.04359095522711704,1.4169154635718096e-05,1.4526040173983109e-05
8.85795221944516e-05,0.04382576819302458,1.4245486101646369e-05,1.4604294238471693e-05
8.905671402097103e-05,0.04406184583485081,1.432222877719441e-05,1.4682969869921068e-05
8.953647655495937e-05,0.0442991949607541,1.4399384877613133e-05,1.4762069339378766e-05
9.001882364522233e-05,0.04453782241549075,1.4476956630087377e-05,1.4841594930126834e-05
9.050376921517128e-05,0.044777735080610725,1.4554946273800177e-05,1.4921548937747727e-05
9.099132726322507e-05,0.045018939874654544,1.463335605999737e-05,1.5001933670190531e-05
9.148151186321478e-05,0.04526144375335158,1.4712188252052699e-05,1.5082751447837705e-05
9.197433716478884e-05,0.04550525370981844,1.479144512553297e-05,1.5164004603571887e-05
9.246981739382229e-05,0.04575037677475951,1.487112896826385e-05,1.5245695482843346e-05
9.296796685282718e-05,0.045996820016667814,1.4951242080395887e-05,1.5327826443737668e-05
9.346879992136524e-05,0.04624459054202723,1.5031786774470868e-05,1.5410399857043777e-05
9.397233105646375e-05,0.046493695495515984,1.5112765375488702e-05,1.5493418106322505e-05
9.44785747930317e-05,0.04674414206021042,1.519418022097435e-05,1.5576883587975222e-05
9.498754574428012e-05,0.046995937457790814,1.52760336610454e-05,1.56607987113131e-05
9.549925860214369e-05,0.047249088948747645,1.5358328058479925e-05,1.5745165898626663e-05
9.601372813770465e-05,0.04750360383258911,1.544106578878459e-05,1.5829987585255653e-05
9.653096920162001e-05,0.04775948944805013,1.552424924026341e-05,1.591526621965948e-05
9.705099672454898e-05,0.04801675317330151,1.560788081408645e-05,1.600100426348768e-05
9.757382571758481e-05,0.048275402426161185,1.5691962924359318e-05,1.6087204191651123e-05
9.809947127268784e-05,0.04853544466430608,1.577649799819276e-05,1.6173868492393415e-05
9.8627948563121e-05,0.048796887385485044,1.5861488475772722e-05,1.626099966736268e-05
9.915927284388856e-05,0.04905973812773348,1.5946936810430936e-05,1.6348600231683923e-05
9.96934594521753e-05,0.04932400446958804,1.6032845468715503e-05,1.6436672714031412e-05
0.00010023052380779004,0.049589694030303465,1.6119216930462223e-05,1.652521965670183e-05
0.00010077048141361043,0.04985681447007009,1.620605368886618e-05,1.6614243615687584e-05
0.00010131334785603076,0.05012537349023264,1.6293358250553702e-05,1.6703747160750647e-05
0.00010185913880541169,0.05039537883351003,1.6381133135654717e-05,1.6793732875496713e-05
0.00010240787001653237,0.050666838284216344,1.6469380877875454e-05,1.6884203357449725e-05
0.00010295955732904549,0.05093975966848312,1.655810402457162e-05,1.6975161218126918e-05
0.0001035142166679344,0.05121415085448267,1.6647305136821936e-05,1.706660908311416e-05
0.00010407186404397303,0.05149001975265273,1.6736986789502074e-05,1.7158549592141806e-05
0.00010463251555418785,0.05176737431592208,1.682715157135897e-05,1.7250985399160838e-05
0.00010519618738232235,0.052046222539937306,1.6917802085085518e-05,1.7343919172419472e-05
0.00010576289579930437,0.052326572463291046,1.700894094739571e-05,1.7437353594540183e-05
0.00010633265716371616,0.05260843216775143,1.7100570789100266e-05,1.7531291362597222e-05
0.00010690548792226578,0.05289180977849208,1.7192694255182413e-05,1.762573518819432e-05
0.00010748140461026269,0.05317671346432438,1.7285314004874384e-05,1.7720687797543122e-05
0.00010806042385209439,0.053463151437929894,1.737843271173408e-05,1.781615193154175e-05
0.00010864256236170655,0.05375113195609472,1.747205306372226e-05,1.7912130345853974e-05
0.00010922783694308573,0.054040663319944886,1.75661777632802e-05,1.8008625810988796e-05
0.00010981626449074419,0.05433175387518287,1.7660809527407636e-05,1.8105641112380378e-05
0.00011040786199020735,0.054624412012325256,1.7755951087741195e-05,1.820317905046843e-05
0.0001110026465185045,0.05491864616694204,1.7851605190633263e-05,1.8301242440779088e-05
0.00011160063524466139,0.05521446481989672,1.7947774597231235e-05,1.839983411400614e-05
0.0001122018454301963,0.05551187649758811,1.8044462083557306e-05,1.849895691609282e-05
0.00011280629442961798,0.055810889772193055,1.8141670440588508e-05,1.8598613708313895e-05
0.00011341399969092645,0.05611151326191034,1.823940247433728e-05,1.8698807367358234e-05
0.00011402497875611697,0.05641375563120632,1.8337661005932523e-05,1.87995407854119e-05
0.00011463924926168613,0.05671762559106139,1.8436448871700962e-05,1.8900816870241603e-05
0.0001152568289391414,0.057023131899218094,1.8535768923249113e-05,1.9002638545278684e-05
0.00011587773561551261,0.0573302833604303,1.863562402754554e-05,1.910500874970347e-05
0.00011650198721386643,0.05763908882671356,1.873601706700358e-05,1.920793043853008e-05
0.00011712960175382385,0.05794955719759701,1.883695093956459e-05,1.9311406582691745e-05
0.00011776059735208079,0.05826169742037682,1.8938428558781647e-05,1.9415440169126655e-05
0.00011839499222293017,0.05857551849037014,1.9040452853903506e-05,1.9520034200864023e-05
0.00011903280467878866,0.05889102945117139,1.9143026769959343e-05,1.9625191697110933e-05
0.00011967405313072442,0.05920823939490896,1.9246153267843612e-05,1.9730915693339343e-05
0.00012031875608898898,0.05952715746250386,1.934983532440156e-05,1.9837209241373793e-05
0.0001209669321635517,0.059847792843929604,1.94540759325152e-05,1.994407540947951e-05
0.00012161860006463679,0.06017015477847325,1.9558878101189693e-05,2.005151728245095e-05
0.00012227377860326313,0.06049425255499778,1.966424485564013e-05,2.0159537961700802e-05
0.0001229324866917877,0.06082009551220621,1.977017923737894e-05,2.026814056534958e-05
0.00012359474334445108,0.061147693038906575,1.9876684304303622e-05,2.037732822831557e-05
0.00012426056767792692,0.06147705457427886,1.998376313078511e-05,2.048710410240542e-05
0.00012492997891187332,0.06180818960814274,2.0091418807756448e-05,2.0597471356405024e-05
0.00012560299636948753,0.062141107681227,2.0199654442801984e-05,2.070843317617101e-05
0.00012627963947806398,0.06247581838544034,2.0308473160247134e-05,2.081999276472274e-05
0.00012695992776955487,0.06281233136414358,2.041787810124852e-05,2.0932153342334692e-05
0.00012764388088113435,0.06315065631242321,2.0527872423884717e-05,2.1044918146629543e-05
0.00012833151855576512,0.06349080297736659,2.0638459303247357e-05,2.1158290432671537e-05
0.0001290228606427681,0.06383278115833801,2.0749641931532772e-05,2.1272273473060436e-05
0.0001297179270983956,0.0641766007072567,2.086142351813412e-05,2.138687055802598e-05
0.00013041673798640778,0.06452227152887643,2.0973807289734164e-05,2.1502084995522998e-05
0.0001311193134786509,0.06486980358106571,2.1086796490398204e-05,2.1617920111326672e-05
0.00013182567385564074,0.06521920687509049,2.120039438166793e-05,2.1734379249128767e-05
0.00013253583950714694,0.06557049147589737,2.1314604242655415e-05,2.1851465770633967e-05
0.000133249830932782,0.06592366750239886,2.1429429370137797e-05,2.196918305565699e-05
0.00013396766874259345,0.06627874512776023,2.154487307865254e-05,2.208753450222019e-05
0.00013468937365765827,0.06663573457968712,2.166093870059302e-05,2.2206523526651606e-05
0.00013541496651068094,0.06699464614071528,2.1777629586304726e-05,2.232615356368352e-05
0.0001361444682465951,0.06735549014850162,2.1894949104181976e-05,2.2446428066551696e-05
0.00013687789992316795,0.06771827699611657,2.2012900640765158e-05,2.2567350507094987e-05
0.0001376152827116084,0.06808301713233837,2.2131487600838522e-05,2.2688924375855632e-05
0.0001383566378971781,0.0684497210619485,2.2250713407528428e-05,2.2811153182179983e-05
0.00013910198687980534,0.06881839934602849,2.237058150240212e-05,2.2934040454319725e-05
0.00013985135117470347,0.06918906260225875,2.2491095345567106e-05,2.305758973953385e-05
0.00014060475241299143,0.06956172150521864,2.2612258415771034e-05,2.318180460419093e-05
0.00014136221234231874,0.06993638678668812,2.273407421050215e-05,2.3306688633872192e-05
0.0001421237528274929,0.07031306923595099,2.2856546246090233e-05,2.3432245433474947e-05
0.00014288939585111037,0.07069177970009945,2.297967805780802e-05,2.3558478627316624e-05
0.00014365916351419117,0.07107252908434042,2.3103473199973328e-05,2.3685391859239387e-05
0.00014443307803681756,0.07145532835230384,2.3227935246051715e-05,2.3812988792715463e-05
0.0001452111617587742,0.07184018852635143,2.3353067788759454e-05,2.3941273110952646e-05
0.00014599343714019435,0.07222712068788842,2.347887444016746e-05,2.4070248517000874e-05
0.00014677992676220705,0.07261613597767556,2.3605358831805356e-05,2.419991873385892e-05
0.00014757065332758945,0.07300724559614363,2.3732524614766382e-05,2.4330287504581925e-05
0.00014836563966142246,0.07340046080370939,2.3860375459812863e-05,2.4461358592389518e-05
0.00014916490871174924,0.07379579292109277,2.3988915057482083e-05,2.4593135780774373e-05
0.0001499684835502374,0.0741932533296359,2.4118147118192762e-05,2.4725622873611404e-05
0.0001507763873728454,0.07459285347162391,2.4248075372352306e-05,2.4858823695267597e-05
0.00015158864350049185,0.07499460485060708,2.4378703570464343e-05,2.499274209071241e-05
0.00015240527537972907,0.07539851903172504,2.4510035483237114e-05,2.5127381925628773e-05
0.0001532263065834197,0.07580460764203215,2.4642074901692266e-05,2.526274708652468e-05
0.00015405176081141676,0.07621288237082466,2.477482563727422e-05,2.5398841480845307e-05
0.00015488166189124827,0.07662335496996972,2.4908291521960278e-05,2.553566903708586e-05
0.00015571603377880476,0.07703603725423597,2.504247640837118e-05,2.5673233704904953e-05
0.0001565549005590312,0.07745094110162574,2.5177384169882395e-05,2.5811539455238686e-05
0.00015739828644662198,0.0778680784537091,2.531301870073586e-05,2.5950590280415212e-05
0.00015824621578671948,0.07828746131595914,2.5449383916152368e-05,2.6090390194269923e-05
0.00015909871305561725,0.07870910175808941,2.5586483752444625e-05,2.6230943232261395e-05
0.00015995580286146696,0.07913301191439338,2.5724322167130934e-05,2.6372253451587918e-05
0.00016081750994498758,0.07955920398408434,2.5862903139049285e-05,2.6514324931304442e-05
0.00016168385918018094,0.07998769023163861,2.6002230668472397e-05,2.665716177244054e-05
0.0001625548755750485,0.08041848298713923,2.6142308777222993e-05,2.680076809811859e-05
0.00016343058427231377,0.08085159464662191,2.6283141508790006e-05,2.694514805367289e-05
0.0001643110105501484,0.08128703767242301,2.642473292844533e-05,2.7090305806769352e-05
0.0001651961798229015,0.08172482459352863,2.65670871233611e-05,2.7236245547525744e-05
0.00016608611764183298,0.0821649680059257,2.671020820272767e-05,2.7382971488632646e-05
0.00016698084969585158,0.08260748057295508,2.685410029787224e-05,2.7530487865475044e-05
0.00016788040181225607,0.0830523750256661,2.6998767562378123e-05,2.7678798936254625e-05
0.00016878479995748123,0.08349966416317327,2.714421417220466e-05,2.782790898211269e-05
0.00016969407023784713,0.08394936085301428,2.729044432580778e-05,2.7977822307253756e-05
0.00017060823890031242,0.08440147803151007,2.7437462244261082e-05,2.8128543239069704e-05
0.00017152733233323234,0.08485602870412665,2.7585272171377772e-05,2.8280076128264778e-05
0.0001724513770671202,0.08531302594583877,2.773387837383313e-05,2.8432425348981112e-05
0.00017338039977541375,0.0857724829014956,2.7883285141287735e-05,2.8585595298925112e-05
0.00017431442727524466,0.08623441278618782,2.8033496786511248e-05,2.8739590399494312e-05
0.00017525348652821244,0.08669882888561653,2.818451764550684e-05,2.8894415095904936e-05
0.0001761976046411629,0.08716574455646445,2.83363520776364e-05,2.905007385732031e-05
0.00017714680886697136,0.08763517322676893,2.8489004465746506e-05,2.9206571176979918e-05
0.00017810112660532782,0.088107128396296,2.8642479216294676e-05,2.9363911572328936e-05
0.00017906058540352948,0.08858162363691759,2.8796780759476822e-05,2.9522099585148805e-05
0.00018002521295727464,0.08905867259298926,2.8951913549354946e-05,2.9681139781688214e-05
0.0001809950371114627,0.08953828898173077,2.9107882063985787e-05,2.9841036752794924e-05
0.00018197008586099826,0.09002048659360831,2.9264690805550116e-05,3.000179511404839e-05
0.00018295038735159885,0.09050527929271848,2.9422344300482673e-05,3.0163419505892896e-05
0.00018393596988060707,0.09099268101717387,2.9580847099602762e-05,3.0325914593771504e-05
0.00018492686189780798,0.09148270577949127,2.9740203778245685e-05,3.0489285068260754e-05
0.00018592309200624982,0.09197536766698122,2.9900418936394762e-05,3.065353564520604e-05
0.00018692468896307045,0.09247068084213991,3.0061497198814234e-05,3.0818671065857826e-05
0.00018793168168032686,0.09296865954304254,3.0223443215182646e-05,3.098469609700842e-05
0.0001889440992258295,0.09346931808373876,3.0386261660227024e-05,3.115161553112953e-05
0.00018996197082398193,0.09397267085465032,3.054995723385796e-05,3.131943418651072e-05
0.00019098532585662387,0.09447873232297037,3.0714534661305116e-05,3.1488156907398384e-05
0.00019201419386388012,0.09498751703306502,3.087999869325382e-05,3.1657788564135694e-05
0.0001930486045450127,0.09549903960687657,3.104635410598207e-05,3.1828334053303134e-05
0.00019408858775927794,0.09601331474432859,3.121360570149835e-05,3.1999798297859786e-05
0.00019513417352678855,0.09653035722373329,3.1381758307680344e-05,3.217218624728546e-05
0.00019618539202938105,0.09705018190220134,3.1550816778414334e-05,3.234550287772371e-05
0.00019724227361148534,0.0975728037160521,3.172078599373516e-05,3.2519753192125224e-05
0.00019830484878100244,0.09809823768122806,3.189167085996729e-05,3.2694942220392504e-05
0.00019937314821018352,0.09862649889370896,3.2063476309866224e-05,3.287107501952481e-05
0.00020044720273651613,0.09915760252992985,3.2236207302761025e-05,3.304815667376429e-05
0.00020152704336361452,0.09969156384720021,3.2409868824697476e-05,3.322619229474274e-05
0.00020261270126211434,0.10022839818412532,3.258446588858198e-05,3.3405187021629136e-05
0.0002037042077705719,0.10076812096102933,3.276000353432619e-05,3.358514602127788e-05
0.00020480159439636953,0.10131074768038104,3.293648682899261e-05,3.3766074488378093e-05
0.00020590489281662448,0.10185629392722106,3.311392086694073e-05,3.3947977645603455e-05
0.00020701413487910414,0.1024047753695918,3.3292310769974274e-05,3.413086074376307e-05
0.00020812935260314475,0.10295620775896877,3.3471661687488884e-05,3.431472906195299e-05
0.00020925057818057537,0.10351060693069396,3.365197879662078e-05,3.4499587907708515e-05
0.00021037784397664772,0.10406798880441209,3.3833267302396214e-05,3.468544261715751e-05
0.00021151118253097002,0.10462836938450808,3.401553243788175e-05,3.487229855517436e-05
0.00021265062655844685,0.10519176476054728,3.4198779464335335e-05,3.506016111553494e-05
0.00021379620895022324,0.10575819110771748,3.438301367135816e-05,3.524903572107226e-05
0.00021494796277463346,0.10632766468727257,3.456824037704726e-05,3.5438927823832895e-05
0.00021610592127815613,0.10690020184697921,3.475446492814909e-05,3.562984290523447e-05
0.00021727011788637456,0.10747581902156537,3.494169270021396e-05,3.582178647622394e-05
0.00021844058620494003,0.10805453273317026,3.512992909775101e-05,3.601476407743651e-05
0.00021961736002054367,0.1086363595917976,3.531917955438442e-05,3.620878127935576e-05
0.00022080047330189014,0.10922131629576982,3.55094495330101e-05,3.640384368247425e-05
0.00022198996020067886,0.10980941963218527,3.5700744525953395e-05,3.659995691745527e-05
0.0002231858550525903,0.11040068647737747,3.5893070055127765e-05,3.679712664529545e-05
0.00022438819237827662,0.11099513379737613,3.608643167219408e-05,3.699535855748811e-05
0.0002255970068843577,0.11159277864837044,3.628083495872081e-05,3.719465837618746e-05
0.00022681233346442373,0.11219363817717487,3.647628552634525e-05,3.739503185437387e-05
0.00022803420720004185,0.11279772962169679,3.667278901693543e-05,3.7596484776019915e-05
0.00022926266336176966,0.11340507031140673,3.6870351102753084e-05,3.779902295625742e-05
0.00023049773741017277,0.11401567766781039,3.706897748661731e-05,3.8002652241545204e-05
0.00023173946499684798,0.11462956920492258,3.726867390206912e-05,3.820737850983783e-05
0.00023298788196545305,0.11524676252974432,3.746944611353706e-05,3.8413207670755334e-05
0.000234243024352741,0.11586727534274129,3.767129991650348e-05,3.8620145665753825e-05
0.0002355049283896009,0.11649112543832511,3.787424113767204e-05,3.882819846829699e-05
0.0002367736305021034,0.11711833070533652,3.8078275635135725e-05,3.903737208402854e-05
0.00023804916731255161,0.11774890912753039,3.828340929854593e-05,3.9247672550945435e-05
0.00023933157564053875,0.11838287878406371,3.8489648049282514e-05,3.945910593957228e-05
0.0002406208925040117,0.119020257849986,3.869699784062488e-05,3.967167835313668e-05
0.00024191715512033793,0.11966106459673044,3.890546465792352e-05,3.988539592774511e-05
0.00024322040090738158,0.12030531739260944,3.9115054518773096e-05,4.0100264832560394e-05
0.0002445306674845821,0.12095303470331044,3.932577347318589e-05,4.031629126997946e-05
0.0002458479926740408,0.12160423509239522,3.9537627603766534e-05,4.053348147581256e-05
0.0002471724145016129,0.12225893722180138,3.9750623025887734e-05,4.07518417194633e-05
0.0002485039711980051,0.12291715985234568,3.996476588786663e-05,4.0971378304109526e-05
0.0002498427011998784,0.12357892184422951,4.018006237114221e-05,4.1192097566885264e-05
0.0002511886431509582,0.12424424215754741,4.0396518690453955e-05,4.141400587906365e-05
0.00025254183590314977,0.12491313985279712,4.061414109402104e-05,4.163710964624091e-05
0.00025390231851765997,0.12558563409139276,4.0832935863722867e-05,4.1861415308521234e-05
0.0002552701302661247,0.1262617441361795,4.105290931528031e-05,4.208692934070272e-05
0.00025664531063174174,0.12694148935195054,4.127406779843796e-05,4.231365825246411e-05
0.0002580278993104113,0.12762488920596726,4.14964176971475e-05,4.254160858855285e-05
0.0002594179362118815,0.12831196326848074,4.171996542975191e-05,4.277078692897394e-05
0.000260815461460901,0.1290027312132564,4.194471744917092e-05,4.300119988917998e-05
0.0002622205153983768,0.12969721281810054,4.217068024308714e-05,4.323285412026206e-05
0.0002636331385825381,0.13039542796538867,4.239786033413322e-05,4.346575630914165e-05
0.00026505337179010826,0.13109739664259745,4.2626264280080365e-05,4.369991317876377e-05
0.00026648125601748054,0.1318031389428378,4.285589867402743e-05,4.393533148829094e-05
0.00026791683248190317,0.13251267506539136,4.308677014459148e-05,4.417201803329847e-05
0.0002693601426226678,0.13322602531624841,4.3318885356098874e-05,4.440997964597046e-05
0.0002708112281023059,0.13394321010864849,4.355225100877777e-05,4.4649223195297014e-05
0.00027227013080779127,0.13466424996362328,4.3786873838951445e-05,4.488975558727256e-05
0.0002737368928517501,0.13538916551054253,4.402276061923293e-05,4.513158376509526e-05
0.00027521155657367596,0.13611797748766144,4.425991815872034e-05,4.53747147093674e-05
0.0002766941645411513,0.13685070674267055,4.449835330319346e-05,4.5619155438296794e-05
0.0002781847595510771,0.1375873742332483,4.473807293531134e-05,4.586491300789946e-05
0.00027968338463090777,0.13832800102761608,4.4979083974810975e-05,4.6111994512203254e-05
0.0002811900830398939,0.13907260830509544,4.5221393378707185e-05,4.636040708345276e-05
0.0002827048982703306,0.13982121735666772,4.5465008141493304e-05,4.6610157892315104e-05
0.0002842278740488121,0.14057384958553557,4.5709935295343004e-05,4.68612541480868e-05
0.00028575905433749497,0.14133052650768774,4.595618191031344e-05,4.711370309890206e-05
0.00028729848333536653,0.14209126975246567,4.6203755094549195e-05,4.736751203194184e-05
0.0002888462054795218,0.14285610106313304,4.645266199448772e-05,4.762268827364444e-05
0.0002904022654464451,0.14362504229744685,4.6702909795065356e-05,4.7879239189916775e-05
0.0002919667081532997,0.14439811542823144,4.695450571992479e-05,4.813717218634702e-05
0.00029353957875922473,0.14517534254395484,4.720745703162364e-05,4.83964947084184e-05
0.0002951209226666387,0.14595674584930748,4.7461771031844e-05,4.865721424172415e-05
0.00029671078552255043,0.1467423476657837,4.77174550616034e-05,4.891933831218363e-05
0.00029830921321987656,0.14753217043226496,4.797451650146656e-05,4.918287448625952e-05
0.0002999162518987653,0.14832623670560546,4.823296277175839e-05,4.9447830371176105e-05
0.0003015319479479293,0.14912456916122097,4.849280133277822e-05,4.971421361513904e-05
0.00030315634800598493,0.1499271905936796,4.875403968501531e-05,4.998203190755609e-05
0.0003047894989627983,0.15073412391729474,4.901668536936524e-05,5.0251292979259137e-05
0.0003064314479608379,0.15154539216672056,4.928074596734748e-05,5.0522004602727144e-05
0.0003080822423965363,0.15236101849755,4.9546229101324354e-05,5.079417459231066e-05
0.0003097419299216581,0.15318102618691518,4.981314243472105e-05,5.106781080445737e-05
0.00031141055844467584,0.15400543863409044,5.008149367224691e-05,5.134292113793895e-05
0.0003130881761321526,0.15483427936109734,5.035129056011775e-05,5.1619513534079e-05
0.00031477483141013175,0.15566757201331186,5.062254088627935e-05,5.18975959769822e-05
0.0003164705729655356,0.15650534036007482,5.089525248063249e-05,5.217717649376489e-05
0.0003181754497475703,0.15734760829530395,5.1169433215258755e-05,5.245826315478667e-05
0.00031988951096913973,0.15819439983810937,5.144509100464797e-05,5.2740864073883584e-05
0.0003216128061082654,0.1590457391334101,5.172223380592659e-05,5.3024987408602194e-05
0.0003233453849095141,0.15990165045255358,5.200086961908724e-05,5.3310641360434884e-05
0.0003250872973854347,0.16076215819393805,5.2281006487219836e-05,5.359783417505687e-05
0.00032683859381800126,0.1616272868836367,5.256265249674361e-05,5.388657414256406e-05
0.0003285993247600654,0.16249706117602464,5.284581577764072e-05,5.4176869597712494e-05
0.0003303695410368149,0.16337150585440804,5.31305045036908e-05,5.446872892015888e-05
0.0003321492937472401,0.1642506458316552,5.341672689270683e-05,5.476216053470231e-05
0.00033393863426560975,0.16513450615083072,5.370449120677245e-05,5.505717291152764e-05
0.00033573761424295453,0.16602311198583233,5.399380575248054e-05,5.535377456645003e-05
0.00033754628560855724,0.16691648864202893,5.428467888117289e-05,5.565197406116065e-05
0.0003393647005714513,0.1678146615569016,5.4577118989181175e-05,5.595178000347379e-05
0.0003411929116219288,0.16871765630068725,5.487113451806951e-05,5.625320104757539e-05
0.0003430309715330549,0.16962549857702414,5.516673395487796e-05,5.655624589427284e-05
0.00034487893336219213,0.17053821422360058,5.546392583236772e-05,5.6860923291246213e-05
0.0003467368504525317,0.17145582921280497,5.576271872926735e-05,5.7167242033300774e-05
0.0003486047764346319,0.17237836965237807,5.6063121270520185e-05,5.7475210962620583e-05
0.00035048276522796796,0.17330586178606913,5.636514212753364e-05,5.778483896902408e-05
0.0003523708710424873,0.17423833199429256,5.666879001842921e-05,5.809613499022046e-05
0.0003542691483801755,0.17517580679478836,5.697407370829443e-05,5.8409108012067866e-05
0.00035617765203662906,0.17611831284328403,5.728100200943578e-05,5.8723767068832694e-05
0.0003580964371026362,0.17706587693415854,5.758958378163285e-05,5.904012124345022e-05
0.00036002555896576835,0.1780185260011096,5.789982793239435e-05,5.9358179667786985e-05
0.00036196507331197786,0.1789762871178221,5.8211743417215065e-05,5.9677951522904277e-05
0.00036391503612720705,0.17993918749864038,5.852533923983453e-05,5.99994460393233e-05
0.00036587550369900334,0.18090725449924105,5.884062445249691e-05,6.032267249729159e-05
0.0003678465326181431,0.18188051561730872,5.9157608156212045e-05,6.0647640227050625e-05
0.00036982817978026625,0.18285899849321408,5.9476299501018364e-05,6.0974358609105406e-05
0.0003718205023875192,0.18384273091069522,5.979670768624714e-05,6.130283707449535e-05
0.00037382355795020537,0.18483174079753925,6.0118841960787876e-05,6.163308510506629e-05
0.0003758374042884443,0.185826056226267,6.044271162335513e-05,6.196511223374414e-05
0.00037786209953384224,0.18682570541482052,6.076832602275721e-05,6.229892804481033e-05
0.00037989770213116904,0.18783071672725196,6.109569455816589e-05,6.263454217417819e-05
0.0003819442708400464,0.1888411186744155,6.142482667938777e-05,6.297196430967133e-05
0.0003840018647366436,0.18985693991466052,6.175573188713715e-05,6.331120419130323e-05
0.0003860705432153815,0.19087820925452698,6.208841973331002e-05,6.365227161155826e-05
0.0003881503659906486,0.19190495564944382,6.242289982125996e-05,6.399517641567441e-05
0.00039024139309852383,0.19293720820442875,6.275918180607532e-05,6.433992850192753e-05
0.0003923436848985106,0.1939749961747907,6.309727539485802e-05,6.468653782191715e-05
0.0003944573020752785,0.19501834896683393,6.343719034700364e-05,6.503501438085362e-05
0.00039658230564041427,0.19606729613856383,6.37789364744831e-05,6.53853682378468e-05
0.00039871875693418395,0.19712186740039578,6.412252364212594e-05,6.573760950619661e-05
0.000400866717627303,0.19818209261586556,6.446796176790505e-05,6.609174835368488e-05
0.0004030262497227174,0.19924800180234212,6.481526082322318e-05,6.644779500286897e-05
0.00040519741555739274,0.20031962513174167,6.516443083320047e-05,6.680575973137676e-05
0.00040738027780411304,0.20139699293124422,6.551548187696399e-05,6.716565287220324e-05
0.0004095748994732902,0.2024801356840118,6.586842408793849e-05,6.752748481400881e-05
0.00041178134391478414,0.20356908402990995,6.622326765413931e-05,6.789126600141941e-05
0.00041399967481973044,0.20466386876622925,6.658002281846622e-05,6.82570069353278e-05
0.00041622995622237787,0.20576452084840954,6.69386998789989e-05,6.86247181731965e-05
0.00041847225250193833,0.2068710713907666,6.729930918929455e-05,6.899441032936289e-05
0.0004207266283844442,0.20798355166721977,6.76618611586865e-05,6.936609407534539e-05
0.000422993148944618,0.2091019931120227,6.80263662525849e-05,6.97397801401516e-05
0.00042527187960775015,0.21022642732049462,6.83928349927788e-05,7.01154793105881e-05
0.00042756288615158645,0.21135688604975358,6.876127795773955e-05,7.049320243157147e-05
0.0004298662347082281,0.2124934012194522,6.913170578292651e-05,7.087296040644165e-05
0.0004321819917660401,0.2136360049125147,6.950412916109387e-05,7.125476419727652e-05
0.00043451022417157143,0.21478472937587625,6.987855884259945e-05,7.163862482520853e-05
0.0004368509991314841,0.2159396070212232,7.025500563571496e-05,7.20245533707427e-05
0.0004392043842144921,0.2171006704257346,7.063348040693789e-05,7.241256097407639e-05
0.000441570447353313,0.2182679523328273,7.101399408130523e-05,7.28026588354209e-05
0.00044394925684662824,0.21944148565290036,7.139655764270883e-05,7.319485821532485e-05
0.000446340881361056,0.22062130346408335,7.178118213421268e-05,7.358917043499931e-05
0.0004487453899331323,0.22180743901298433,7.216787865837142e-05,7.398560687664454e-05
0.0004511628519713028,0.22299992571543964,7.255665837755079e-05,7.438417898377829e-05
0.00045359333725792755,0.224198797157266,7.294753251424994e-05,7.47848982615664e-05
0.000456036915951296,0.22540408709501425,7.334051235142553e-05,7.518777627715494e-05
0.0004584936585876513,0.2266158294567233,7.373560923281727e-05,7.559282466000405e-05
0.0004609636360832256,0.22783405834267573,7.413283456327527e-05,7.600005510222343e-05
0.0004634469197362884,0.22905880802615597,7.453219980908937e-05,7.640947935891006e-05
0.00046594358122920373,0.2302901129542082,7.49337164983201e-05,7.682110924848748e-05
0.00046845369263050067,0.2315280077483972,7.533739622113158e-05,7.723495665304702e-05
0.00047097732639695295,0.23277252720556915,7.574325063012597e-05,7.76510335186907e-05
0.0004735145553756692,0.2340237062986133,7.615129144067965e-05,7.806935185587595e-05
0.00047606545280619756,0.23528158017722656,7.656153043128173e-05,7.848992373976247e-05
0.00047863009232263854,0.23654618416867743,7.697397944387373e-05,7.891276131056069e-05
0.00048120854795577207,0.23781755377857278,7.738865038419175e-05,7.933787677388235e-05
0.0004838008941351937,0.23909572469162402,7.780555522210996e-05,7.976528240109285e-05
0.0004864072056914619,0.24038073277241462,7.8224705991986e-05,8.019499052966511e-05
0.0004890275578582594,0.24167261406616938,7.86461147930085e-05,8.062701356353608e-05
0.0004916620262745646,0.24297140479952387,7.90697937895463e-05,8.106136397346454e-05
0.0004943106869868353,0.24427714138129553,7.949575521149971e-05,8.149805429739142e-05
0.0004969736164512043,0.24558986040325487,7.992401135465347e-05,8.19370971408015e-05
0.000499650891535684,0.2469095986408966,8.035457458103147e-05,8.237850517708711e-05
0.0005023425895223872,0.2482363930542135,8.078745731925378e-05,8.282229114791409e-05
0.0005050487881097585,0.24957028078846996,8.122267206489555e-05,8.326846786358985e-05
0.0005077695654148161,0.25091129917497595,8.166023138084749e-05,8.371704820343296e-05
0.0005105049999754065,0.2522594857318613,8.210014789767855e-05,8.416804511614469e-05
0.0005132551707524716,0.25361487816485095,8.254243431400055e-05,8.46214716201831e-05
0.0005160201571323283,0.25497751436804067,8.298710339683455e-05,8.50773408041386e-05
0.0005188000389289609,0.2563474324246738,8.343416798197985e-05,8.553566582711213e-05
0.0005215948963863245,0.2577246706079168,8.388364097438423e-05,8.599645991909476e-05
0.0005244048101806597,0.2591092673816354,8.433553534851615e-05,8.645973638134936e-05
0.0005272298614228232,0.2605012614011725,8.478986414873977e-05,8.692550858679498e-05
0.0005300701316606284,0.26190069151412393,8.524664048969115e-05,8.739378998039248e-05
0.0005329257028812002,0.2633075967611169,8.570587755665712e-05,8.786459407953311e-05
0.0005357966575133417,0.26472201637658627,8.61675886059558e-05,8.83379344744284e-05
0.0005386830784299113,0.26614398978955095,8.663178696531886e-05,8.881382482850228e-05
0.0005415850489502172,0.26757355662439153,8.709848603427676e-05,8.929227887878577e-05
0.0005445026528424215,0.2690107567016267,8.75676992845452e-05,8.977331043631344e-05
0.0005474359743259593,0.27045563003869005,8.803944026041427e-05,9.025693338652208e-05
0.0005503850980739695,0.2719082168507059,8.85137225791394e-05,9.074316168965168e-05
0.0005533501092157371,0.27336855755126427,8.899055993133395e-05,9.123200938114794e-05
0.000556331093339152,0.2748366927531967,8.946996608136494e-05,9.172349057206777e-05
0.0005593281364931807,0.27631266326935133,8.995195486775024e-05,9.221761944948669e-05
0.0005623413251903491,0.2777965101133665,9.043654020355811e-05,9.271441027690829e-05
0.0005653707464092384,0.27928827450044297,9.092373607680839e-05,9.321387739467563e-05
0.0005684164875969977,0.28078799784811775,9.141355655087671e-05,9.371603522038559e-05
0.0005714786366718672,0.2822957217770348,9.190601576490029e-05,9.422089824930477e-05
0.0005745572820257175,0.2838114881117167,9.240112793418618e-05,9.472848105478832e-05
0.0005776525125266004,0.28533533888133294,9.289890735062162e-05,9.523879828870027e-05
0.0005807644175213123,0.2868673163204686,9.339936838308618e-05,9.575186468183634e-05
0.0005838930868379759,0.2884074628698917,9.390252547786707e-05,9.626769504434953e-05
0.000587038610788631,0.2899558211773188,9.44083931590757e-05,9.678630426617723e-05
0.0005902010801718441,0.2915124340981798,9.491698602906745e-05,9.730770731747158e-05
0.0005933805862753281,0.2930773446963805,9.542831876886275e-05,9.783191924903126e-05
0.0005965772208785755,0.29465059624506323,9.594240613857093e-05,9.835895519273568e-05
0.0005997910762555101,0.2962322322273671,9.645926297781635e-05,9.888883036198226e-05
0.0006030222451771493,0.2978222963371848,9.697890420616667e-05,9.94215600521252e-05
0.000606270820914284,0.29942083247992,9.750134482356384e-05,9.995715964091741e-05
0.0006095368972401694,0.30102788477323944,9.802659991075683e-05,0.00010049564458895419
0.0006128205684332303,0.3026434975478243,9.855468462973675e-05,0.00010103703044011922
0.0006161219292797849,0.3042677153481204,9.908561422417474e-05,0.00010158133282203363
0.0006194410750767818,0.3059005829330856,9.96194040198623e-05,0.00010212856744650716
0.0006227781016345465,0.30754214527693186,0.00010015606942515297,0.00010267875010999123
0.0006261331052795528,0.30919244756987013,0.00010069562593140794,0.00010323189669403561
0.0006295061828571981,0.31085153521884673,0.00010123808911344241,0.00010378802316574613
0.0006328974317346013,0.31251945384828084,0.0001017834746299756,0.00010434714557824592
0.0006363069498034147,0.31419624930079815,0.00010233179822408294,0.00010490928007113909
0.0006397348354826482,0.31588196763796045,0.00010288307572365023,0.00010547444287097622
0.0006431811877215091,0.31757665514099215,0.00010343732304183035,0.00010604265029172273
0.0006466461060022604,0.3192803583115045,0.00010399455617750303,0.00010661391873522997
0.0006501296903430909,0.320993123872215,0.00010455479121573623,0.0001071882646917086
0.0006536320413010046,0.32271499876766535,0.00010511804432825101,0.00010776570474020477
0.0006571532599747219,0.3244460301649328,0.00010568433177388798,0.00010834625554907864
0.0006606934480075965,0.3261862654543387,0.00010625366989907648,0.00010892993387648515
0.0006642527075905514,0.32793575225015403,0.00010682607513830673,0.00010951675657085817
0.0006678311414650278,0.3296945383912994,0.000107401564014604,0.0001101067405713966
0.0006714288529259523,0.3314626719420421,0.00010798015314000592,0.00011069990290855373
0.0006750459458247177,0.3332402011926869,0.00010856185921604179,0.00011129626070452852
0.0006786825245721792,0.33502717466026277,0.00010914669903421439,0.00011189583117375975
0.0006823386941416697,0.3368236410892054,0.00010973468947648501,0.000112498631623423
0.0006860145600720319,0.3386296494520356,0.000110325847515761,0.00011310467945393064
0.0006897102284706604,0.34044524895002887,0.00011092019021638508,0.00011371399215943345
0.0006934258060165695,0.3422704890138849,0.00011151773473462851,0.0001143265873283263
0.000697161399963468,0.3441054193043861,0.00011211849831918592,0.00011494248264375515
0.0007009171181428577,0.3459500897130549,0.00011272249831167329,0.0001155616958841279
0.0007046930689671467,0.3478045503628035,0.00011332975214712883,0.0001161842449236277
0.0007084893614327781,0.3496688516085774,0.000113940277354516,0.00011681014773272878
0.0007123061051233742,0.3515430440379918,0.00011455409155722936,0.0001174394223787148
0.0007161434102129027,0.353427178471964,0.00011517121247360356,0.00011807208702620095
0.0007200013874688547,0.3553213059653375,0.00011579165791742454,0.00011870815993765782
0.0007238801482554448,0.35722547780750036,0.00011641544579844417,0.00011934765947393907
0.0007277798045368242,0.3591397455229956,0.00011704259412289695,0.0001199906040948112
0.000731700468880311,0.36106416087212423,0.00011767312099401953,0.00012063701235948601
0.0007356422544596422,0.3629987758515422,0.00011830704461257366,0.00012128690292715696
0.0007396052750582382,0.3649436426948487,0.00011894438327737135,0.00012194029455753718
0.0007435896450724907,0.36689881387316814,0.00011958515538580337,0.00012259720611140177
0.0007475954795150624,0.36886434209572216,0.00012022937943437018,0.00012325765655113165
0.000751622894018206,0.37084028031039346,0.00012087707401921541,0.0001239216649412608
0.0007556720048371034,0.3728266817042831,0.00012152825783666321,0.00012458925044902692
0.0007597429288532233,0.37482359970425866,0.00012218294968375796,0.0001252604323449249
0.0007638357835776907,0.3768310879774905,0.0001228411684588063,0.00012593523000326237
0.0007679506871546845,0.37884920043198406,0.0001235029331619234,0.00012661366290271986
0.0007720877583648422,0.38087799121709737,0.0001241682628955807,0.00012729575062691222
0.0007762471166286919,0.38291751472405267,0.00012483717686515765,0.00012798151286495433
0.0007804288820100999,0.38496782558643744,0.00012550969437949625,0.0001286709694120296
0.0007846331752197358,0.3870289786806942,0.00012618583485145846,0.00012936414016996125
0.0007888601176185548,0.3891010291265998,0.00012686561779848586,0.0001300610451477865
0.0007931098312213034,0.3911840322877356,0.0001275490628431638,0.00013076170446233446
0.0007973824387000403,0.39327804377194536,0.0001282361897137875,0.0001314661383388066
0.0008016780633876789,0.3953831194317837,0.0001289270182449317,0.00013217436711136096
0.0008059968292815471,0.397499315364951,0.00012962156837802318,0.00013288641122369908
0.0008103388610469637,0.399626687914716,0.00013031986016191608,0.00013360229122965535
0.0008147042840208405,0.40176529367033015,0.00013102191375347088,0.00013432202779379125
0.0008190932242152977,0.4039151894674252,0.00013172774941813627,0.00013504564169199122
0.0008235058083213045,0.40607643238840224,0.0001324373875305341,0.0001357731538120629
0.0008279421637123345,0.40824907976280445,0.0001331508485750477,0.00013650458515433996
0.0008324024184480401,0.4104331891676773,0.00013386815314641258,0.00013723995683228768
0.0008368867012779515,0.4126288184279167,0.00013458932195031142,0.00013797929007311306
0.0008413951416451956,0.41483602561660377,0.000135314375803972,0.00013872260621837772
0.0008459278696902259,0.4170548690553206,0.00013604333563676716,0.00013946992672461299
0.0008504850162545869,0.4192854073144591,0.00013677622249082022,0.00014022127316394058
0.000855066712884684,0.42152769921350736,0.00013751305752161117,0.00014097666722469405
0.0008596730918355844,0.42378180382132585,0.00013825386199858793,0.0001417361307120455
0.0008643042860748356,0.4260477804564073,0.0001389986573057806,0.0001424996855486351
0.0008689604292863019,0.42832568868711907,0.00013974746494241827,0.00014326735377520372
0.0008736416558740224,0.43061558833192976,0.00014050030652354952,0.00014403915755122897
0.0008783481009660925,0.4329175394596203,0.0001412572037806668,0.00014481511915556507
0.0008830799004185631,0.4352316023894771,0.00014201817856233324,0.00014559526098708575
0.0008878371908193647,0.437557837691469,0.00014278325283481383,0.00014637960556533133
0.0008926201094922486,0.439896306186405,0.00014355244868270945,0.00014716817553115836
0.0008974287945007491,0.4422470689460737,0.0001443257883095938,0.00014796099364739295
0.0009022633846521709,0.4446101872933663,0.00014510329403865472,0.00014875808279948827
0.0009071240195015951,0.4469857228023785,0.00014588498831333865,0.00014955946599618482
0.0009120108393559096,0.4493737372984954,0.00014667089369799845,0.00015036516637017508
0.0009169239852778577,0.4517742928584543,0.00014746103287854487,0.00015117520717877105
0.0009218635990901077,0.4541874518103874,0.0001482554286631007,0.00015198961180457504
0.0009268298233793494,0.45661327673384594,0.00014905410398265975,0.00015280840375615518
0.0009318228015004121,0.45905183045980313,0.0001498570818917492,0.00015363160666872447
0.0009368426775803963,0.46150317607063196,0.00015066438556909388,0.00015445924430482167
0.0009418895965228418,0.46396737690006695,0.00015147603831828658,0.00015529134055499883
0.0009469637040119037,0.4664444965331375,0.00015229206356845987,0.0001561279194385096
0.0009520651465165605,0.46893459880608246,0.00015311248487496256,0.0001569690051040032
0.0009571940712948441,0.47143774780624115,0.00015393732592004032,0.0001578146218302215
0.0009623506263980887,0.4739540078719186,0.00015476661051351849,0.00015866479402669995
0.0009675349606752022,0.47648344359222655,0.00015560036259348954,0.0001595195462344715
0.0009727472237769661,0.47902611980690213,0.00015643860622700434,0.00016037890312677576
0.000977987566160353,0.4815821016060984,0.0001572813656107664,0.0001612428895097707
0.0009832561390928733,0.4841514543301522,0.00015812866507183119,0.00016211153032324926
0.000988553094656939,0.4867342435693229,0.0001589805290683077,0.00016298485064135897
0.000993878585754252,0.4893305351635033,0.0001598369821900642,0.00016386287567332533
0.0009992327661102207,0.4919403952019078,0.00016069804915943856,0.00016474563076418006
0.0010046157902783956,0.4945638900227283,0.0001615637548319518,0.0001656331413954924
0.0010100278136449335,0.4972010862127642,0.00016243412419702559,0.00016652543318610496
0.0010154689924330807,0.49985205060702165,0.0001633091823787036,0.00016742253189287322
0.0010209394837076807,0.5025168502882826,0.00016418895463637636,0.00016832446341140842
0.0010264394453797104,0.505195552586646,0.00016507346636551056,0.00016923125377682553
0.0010319690362108407,0.5078882250790374,0.00016596274309838287,0.0001701429291644953
0.0010375284158180126,0.5105949355886846,0.00016685681050481553,0.00017105951589079836
0.0010431177446780528,0.5133157521845658,0.00016775569439291883,0.0001719810404138869
0.0010487371841322987,0.5160507431808191,0.0001686594207098348,0.00017290752933444634
0.0010543868963912592,0.5187999771361248,0.00016956801554248696,0.00017383900939646444
0.0010600670445392994,0.5215635228530505,0.00017048150511833341,0.0001747755074880033
0.0010657777925393418,0.5243414493773599,0.0001713999158061231,0.00017571705064197468
0.001071519305237607,0.5271338259972924,0.00017232327411665827,0.0001766636660369215
0.0010772917483683638,0.5299407222427973,0.00017325160670355816,0.00017761538099780083
0.001083095288558722,0.5327622078847426,0.00017418494036403005,0.00017857222299677455
0.0010889300933334344,0.5355983529340758,0.00017512330203964127,0.0001795342196540006
0.0010947963311197363,0.5384492276409535,0.00017606671881709767,0.00018050139873843107
0.0011006941712522103,0.5413149024938315,0.00017701521792902594,0.00018147378816861428
0.0011066237839776664,0.5441954482185106,0.00017796882675475835,0.00018245141601349942
0.0011125853404600657,0.5470909357771494,0.00017892757282112474,0.00018343431049324817
0.0011185790127854515,0.5500014363672274,0.0001798914838032455,0.00018442249998004776
0.0011246049739669268,0.5529270214204771,0.00018086058752533185,0.00018541601299893175
0.0011306633979496399,0.555867762601762,0.00018183491196148796,0.00018641487822860186
0.0011367544596158085,0.558823731807919,0.00018281448523651866,0.00018741912450225635
0.0011428783347897725,0.5617950011665561,0.00018379933562674225,0.00018842878080842308
0.0011490352002430598,0.5647816430347993,0.000184789491560805,0.0001894438762917948
0.0011552252336994996,0.567783729998002,0.00018578498162050367,0.00019046444025407202
0.0011614486138403438,0.5708013348684001,0.00018678583454160894,0.0001914905021548075
0.001167705520309428,0.573834530683724,0.0001877920792146954,0.00019252209161225726
0.0011739961337183607,0.5768833907057628,0.00018880374468597651,0.00019355923840423585
0.0011803206356517297,0.579947988418874,0.00018982086015814132,0.00019460197246897498
0.001186679208672352,0.5830283975284504,0.00019084345499119896,0.00019565032390598896
0.0011930720363265337,0.5861246919593279,0.00019187155870332485,0.000196704322976942
0.0011994993031493792,0.58923694585415,0.00019290520097171407,0.00019776400010652347
0.0012059611946701094,0.5923652335716706,0.00019394441163343704,0.00019882938588332473
0.0012124578974174191,0.5955096296850076,0.0001949892206863007,0.00019990051106072242
0.0012189895989248673,0.5986702089798452,0.00019603965828971575,0.0002009774065577672
0.0012255564877362802,0.6018470464525693,0.00019709575476556542,0.00020206010346007465
0.0012321587534112046,0.6050402173083589,0.00019815754059908237,0.00020314863302072403
0.001238796586530369,0.6082497969592087,0.00019922504643972726,0.00020424302666115907
0.0012454701787011958,0.6114758610219022,0.00020029830310207484,0.00020534331597209653
0.0012521797225633227,0.6147184853159158,0.00020137734156670226,0.00020644953271443665
0.0012589254117941675,0.6179777458612679,0.0002024621929810837,0.00020756170882018052
0.0012657074411145223,0.6212537188763063,0.0002035528886604904,0.0002086798763933525
0.001272526006294166,0.6245464807754261,0.00020464946008889287,0.0002098040677109255
0.0012793813041575253,0.6278561081667319,0.00020575193891987157,0.00021093431522375438
0.0012862735325893466,0.6311826778496259,0.00020686035697752893,0.00021207065155751098
0.0012932028905404131,0.6345262668123357,0.0002079747462574089,0.00021321310951362687
0.0013001695780332913,0.6378869522293739,0.00020909513892742107,0.0002143617220702406
0.0013071737961680946,0.6412648114589216,0.00021022156732876745,0.00021551652238314812
0.0013142157471283005,0.6446599220401538,0.00021135406397687826,0.0002166775437867618
0.001321295634186575,0.6480723616904804,0.00021249266156234828,0.0002178448197950706
0.0013284136617106516,0.6515022083027268,0.00021363739295188257,0.00021901838410260963
0.0013355700351692205,0.6549495399422295,0.0002147882911892436,0.00022019827058543086
0.0013427649611378642,0.6584144348438643,0.00021594538949620552,0.00022138451330208173
0.0013499986473050245,0.661896971408997,0.00021710872127351426,0.00022257714649458925
0.0013572713024779884,0.6653972282023509,0.00021827832010184968,0.00022377620458944642
0.0013645831365889252,0.6689152839488035,0.0002194542197427968,0.00022498172219860807
0.0013719343607009374,0.6724512175300941,0.0002206364541398188,0.0002261937341204881
0.0013793251870141624,0.6760051079814585,0.00022182505741923824,0.00022741227534096576
0.0013867558288718895,0.6795770344881716,0.00022302006389122092,0.00022863738103439383
0.0013942265007667214,0.6831670763820118,0.00022422150805076686,0.00022986908656461496
0.0014017374183467708,0.6867753131376386,0.0002254294245787065,0.00023110742748598282
0.0014092887984218747,0.690401824368877,0.00022664384834270046,0.000232352439544387
0.001416880858969865,0.6940466898249228,0.00022786481439824772,0.00023360415867828676
0.0014245138191428498,0.6977099893864468,0.00022909235798969593,0.0002348626210197465
0.0014321878992735438,0.7013918030616135,0.00023032651455125958,0.00023612786289547972
0.0014399033208816342,0.7050922109820087,0.00023156731970804342,0.00023739992082789837
0.0014476603066801623,0.7088112933984603,0.00023281480927706916,0.000238678831536165
0.001455459080581967,0.7125491306767787,0.00023406901926831126,0.00023996463193725533
0.0014632998677061334,0.7163058032933826,0.0002353299858857345,0.0002412573591470212
0.0014711828943845058,0.7200813918308387,0.00023659774552834109,0.0002425570504812644
0.0014791083881682088,0.7238759769732901,0.00023787233479121946,0.00024386374345681204
0.0014870765778342203,0.7276896395017844,0.00023915379046660147,0.0002451774757926
0.0014950876933919812,0.7315224602895025,0.00024044214954492508,0.0002464982854107628
0.0015031419660900224,0.7353745202968682,0.00024173744921590057,0.00024782621043772604
0.0015112396284226541,0.7392459005665641,0.00024303972686958575,0.00024916128920530973
0.001519380914136663,0.7431366822184227,0.0002443490200974636,0.00025050356025183175
0.0015275660582380732,0.74704694644422,0.0002456653666935291,0.0002518530623232234
0.0015357952969989183,0.7509767745023406,0.00024698880465537853,0.00025320983437414503
0.0015440688679640667,0.7549262477123386,0.0002483193721853073,0.00025457391556911213
0.0015523870099580833,0.7588954474493773,0.0002496571076914129,0.00025594534528362595
0.0015607499630921114,0.762884455138544,0.0002510020497887024,0.00025732416310530874
0.001569157968770818,0.7668933522490531,0.0002523542373002086,0.0002587104088350483
0.0015776112696993501,0.7709222202883168,0.00025371370925810963,0.00026010412248814527
0.001586110109890345,0.7749711407958954,0.0002550805049048555,0.0002615053442954688
0.0015946547346709801,0.7790401953373204,0.0002564546636943023,0.0002629141147046187
0.0016032453906900418,0.7831294654977836,0.00025783622529284916,0.0002643304743810912
0.001611882325925059,0.7872390328757012,0.0002592252295805851,0.00026575446420945494
0.0016205657896894482,0.7913689790761366,0.0002606217166524383,0.0002671861252945286
0.001629296032639723,0.7955193857040963,0.00026202572681933555,0.0002686254989625704
0.0016380733067827182,0.799690334357678,0.000263437300609364,0.00027007262676246837
0.0016468978654828688,0.8038819066210865,0.00026485647876894186,0.0002715275504669407
0.0016557699634695293,0.808094184057506,0.00026628330226399527,0.00027299031207374274
0.001664689856844314,0.8123272482018208,0.00026771781228113905,0.00027446095380687677
0.0016736578030885046,0.8165811805532008,0.0002691600502288678,0.0002759395181178135
0.0016826740610704674,0.8208560625675249,0.00027061005773874885,0.0002774260476867151
0.00169173889105314,0.8251519756496655,0.00027206787666662625,0.0002789205854236695
0.0017008525547015335,0.8294690011456088,0.00027353354909382717,0.00028042317446992697
0.001710015315090288,0.8338072203344227,0.00027500711732837723,0.00028193385819914613
0.0017192274367112744,0.8381667144200707,0.0002764886239062228,0.0002834526802186473
0.0017284891854812154,0.8425475645230538,0.00027797811159245664,0.0002849796843706687
0.0017378008287493763,0.8469498516719006,0.00027947562338255494,0.0002865149147336346
0.0017471626353052696,0.8513736567944805,0.0002809812025036161,0.00028805841562342603
0.001756574875386419,0.8558190607091556,0.0002824948924156095,0.0002896102315946597
0.0017660378206861658,0.860286144115759,0.0002840167368126311,0.00029117040744197625
0.0017755517443614986,0.8647749875863956,0.0002855467796241621,0.0002927389882013307
0.0017851169210409538,0.8692856715560737,0.00028708506501634026,0.0002943160191512946
0.0017947336268325266,0.8738182763131461,0.00028863163739323126,0.0002959015458143611
0.0018044021393316572,0.8783728819895826,0.00029018654139811384,0.000297495613958261
0.0018141227376292305,0.882949568551044,0.0002917498219147659,0.0002990982695972822
0.0018238957023196383,0.8875484157867772,0.00029332152406876124,0.00030070955899359823
0.0018337213155088837,0.8921695032993203,0.0002949016932287726,0.00030232952865860533
0.0018435998608227122,0.896812910494004,0.0002964903750078799,0.00030395822535426217
0.0018535316234148125,0.901478716568271,0.00029808761526488846,0.00030559569609444253
0.0018635168899750342,0.9061670005007815,0.0002996934601056511,0.00030724198814629003
0.001873555948737678,0.9108778410403306,0.0003013079558844009,0.00030889714903158463
0.0018836490894898021,0.9156113166945472,0.00030293114920508735,0.0003105612265281125
0.0018937966035795929,0.9203675057183915,0.00030456308692272275,0.00031223426867104596
0.001903998783924782,0.9251464861024452,0.00030620381614473514,0.0003139163237543313
0.001914255925021086,0.9299483355609721,0.00030785338423232637,0.0003156074403320801
0.0019245683229507247,0.93477313151978,0.00030951183880184135,0.0003173076672199736
0.0019349362753909541,0.9396209511038444,0.0003111792277261408,0.0003190170534966699
0.0019453600816226634,0.944491871124717,0.0003128555991359836,0.0003207356485052209
0.0019558400425390213,0.9493859680677099,0.00031454100142141745,0.00032246350185449805
0.0019663764606541482,0.9543033180788351,0.00031623548323317315,0.0003242006634206224
0.001976969640111862,0.959243996951525,0.00031793909348407177,0.0003259471833484059
0.001987619886694445,0.9642080801131042,0.00031965188135043394,0.0003277031120527976
0.0019983275078314833,0.9691956426110278,0.0003213738962735018,0.0003294685002203404
0.00200909281260873,0.9742067590988669,0.00032310518796086385,0.00033124339881063236
0.0020199161117770304,0.9792415038220522,0.0003248458063878911,0.0003330278590577987
0.0020307977177613,0.9842999506033666,0.00032659580179918043,0.00033482193247197145
0.0020417379446695297,0.9893821728281743,0.00032835522471000273,0.0003366256708407747
0.0020527371083018655,0.9944882434294008,0.00033012412590776327,0.00033843912623082094
0.0020637955261597115,0.99961823487224,0.00033190255645346574,0.0003402623509892124
0.002074913517454911,1.004772219138607,0.00033369056768318864,0.0003420953977450546
0.0020860914031189427,1.0099502677113057,0.00033548821120956427,0.0003439383194109727
0.002097329505812197,1.015152451557935,0.00033729553892327026,0.00034579116918464017
0.002108628149933291,1.0203788411145134,0.00033911260299452814,0.00034765400055031563
0.0021199876616284194,1.0256295062688134,0.00034093945587460695,0.0003495268672803837
0.0021314083688007877,1.0309045163434263,0.0003427761502973399,0.00035140982343691084
0.0021428906011200606,1.036203940078519,0.0003446227392806444,0.00035330292337320266
0.0021544346900318843,1.0415278456143096,0.0003464792761280533,0.0003552062217353742
0.0021660409687674627,1.046876300473244,0.0003483458144302547,0.0003571197734639287
0.002177709772353159,1.0522493715418597,0.00035022240806663655,0.0003590436337953404
0.0021894414376201856,1.05764712505236,0.0003521091112068443,0.00036097785826365227
0.0022012363032143075,1.0630696265638597,0.00035400597831234217,0.0003629225027020761
0.0022130947096056387,1.0685169409433346,0.0003559130641379879,0.00036487762324460734
0.002225016999098451,1.0739891323462343,0.0003578304237336108,0.000366843276327642
0.002237003515841063,1.0794862641967817,0.0003597581124456019,0.00036881951869160805
0.0022490546058357825,1.08500839916795,0.00036169618591851263,0.00037080640738260335
0.002261170616948877,1.0905555991610891,0.0003636447000966586,0.0003728039997540404
0.0022733518989206314,1.0961279252852372,0.00036560371122573693,0.00037481235346830446
0.00228559880337543,1.1017254378360726,0.000367573275854448,0.0003768315264984154
0.002297911683831921,1.1073481962745355,0.00036955345083612923,0.00037886157712970365
0.002310290895713206,1.1129962592050862,0.0003715442933303948,0.00038090256396149075
0.0023227367963571076,1.1186696843536175,0.00037354586080478637,0.00038295454590878114
0.0023352497450264895,1.124368528545005,0.0003755582110364325,0.0003850175822039645
0.0023478301029196125,1.1300928476802894,0.0003775814021137147,0.00038709173239852274
0.002360478233180578,1.1358426967134998,0.0003796154924379469,0.00038917705636475205
0.0023731945009097958,1.1416181296280885,0.00038166054072505797,0.00039127361429748834
0.0023859792731745276,1.1474191994129983,0.00038371660600728855,0.0003933814667158464
0.0023988329190194925,1.1532459580383483,0.0003857837476348961,0.00039550067446496724
0.002411755809477501,1.1590984564307163,0.000387862025277865,0.0003976312987177724
0.0024247483175801865,1.1649767444480479,0.00038995149892763205,0.00039977340097673263
0.0024378108183687524,1.1708808708541487,0.0003920522288988161,0.0004019270430756403
0.0024509436889048174,1.1768108832927868,0.00039416427583096046,0.0004040922871813965
0.0024641473082812836,1.182766828261379,0.00039628770069028205,0.0004062691957958043
0.002477422057633286,1.188748751084265,0.00039842256477143177,0.00040845783175737265
0.0024907683201492023,1.1947566958855678,0.0004005689296992651,0.00041065825824313255
0.0025041864810816956,1.2007907055616198,0.000402726857430618,0.00041287053877045693
0.002517676927758857,1.2068508217529734,0.00040489641025609897,0.0004150947371988985
0.002531240049595363,1.2129370848159609,0.0004070776508018833,0.0004173309177320285
0.002544876238103741,1.2190495337938332,0.00040927064203152505,0.0004195791449192944
0.002558585886905648,1.2251882063874349,0.0004114754472477702,0.00042183948365787994
0.0025723693917432434,1.2313531389254415,0.00041369213009438666,0.00042411199919457915
0.002586227150490621,1.237544366334141,0.00041592075455800155,0.00042639675712768195
0.002600159563165272,1.2437619221067417,0.0004181613849699459,0.0004286938234088638
0.002614167031939658,1.2500058382722308,0.00042041408600811494,0.00043100326434509356
0.0026282499611527976,1.2562761453637445,0.00042267892269883184,0.00043332514660054407
0.0026424087573219475,1.2625728723864704,0.0004249559604187262,0.0004356595371985182
0.0026566438291543443,1.2688960467850674,0.0004272452648966223,0.00043800650352338413
0.0026709555875589854,1.2752456944105859,0.00042954690221543387,0.000440366113322518
0.002685344445658509,1.2816218394869088,0.0004318609388140745,0.00044273843470826274
0.0026998108188011002,1.288024504576676,0.00043418744148937245,0.00044512353615989075
0.0027143551245725,1.29445371054672,0.00043652647739800173,0.000447521486525584
0.0027289777828080433,1.3009094765329743,0.0004388781140584182,0.00044993235502441866
0.002743679215604781,1.3073918199048733,0.00044124241935280937,0.000452356211248364
0.0027584598473336785,1.3139007562292335,0.00044361946152905566,0.00045479312516429255
0.002773320104651841,1.3204362992335903,0.0004460093092026967,0.00045724316711599734
0.002788260416514855,1.326998460769021,0.00044841203135891576,0.00045970640782622504
0.0028032812141891472,1.3335872507724076,0.00045082769735452823,0.00046218291839871466
0.002818382931264455,1.3402026772281705,0.00045325637691998597,0.000464672770320253
0.002833566003666324,1.346844746129437,0.000455698140161388,0.00046717603546273526
0.0028488308696686983,1.3535134614386601,0.0004581530575625048,0.00046969278608524124
0.002864177969906583,1.360208825047676,0.0004606211999868148,0.00047222309483612183
0.00287960774738874,1.3669308367371793,0.0004631026386795462,0.0004747670347550939
0.0028951206475105024,1.3736794941356425,0.00046559744526973807,0.00047732467927535146
0.0029107171180666083,1.3804547926776347,0.0004681056917723034,0.00047989610222568224
0.002926397609264136,1.3872567255615662,0.00047062745059011046,0.00048248137783260065
0.002942162573735511,1.394085283706842,0.0004731627945160735,0.0004850805807224915
0.0029580124665515464,1.4009404557104026,0.0004757117967352509,0.0004876937859237606
0.0029739477452346078,1.4078222278026784,0.0004782745308269614,0.0004903210688690048
0.0029899688697717923,1.414730583802919,0.00048085107076690435,0.0004929625053971854
0.0030060763026282323,1.4216655050739182,0.0004834414909292989,0.0004956181717558208
0.0030222705087604236,1.4286269704761079,0.00048604586608902716,0.0004982881446031843
0.0030385519556296557,1.4356149563210283,0.0004886642714237944,0.0005009725010105186
0.0030549211132155155,1.4426294363241734,0.0004912967825163008,0.0005036713184642618
0.0030713784540294304,1.4496703815571756,0.000493943475356419,0.0005063846748682804
0.0030879244531283345,1.4567377603993734,0.0004966044263433923,0.0005091126485461223
0.0031045595881283557,1.463831538488702,0.0004992797122880357,0.0005118553182432738
0.0031212843392186274,1.4709516786719519,0.0005019694104149569,0.0005146127631294361
0.0031380991891751283,1.478098140954344,0.0005046735983647822,0.0005173850628008075
0.0031550046233746274,1.485270882448454,0.0005073923541963994,0.0005201722972823827
0.003172001129808704,1.492469857322459,0.0005101257563892117,0.0005229745470302638
0.0031890891990978116,1.499695016747697,0.0005128738838454006,0.0005257918929339791
0.0032062693245054675,1.5069463088455612,0.0005156368158922064,0.0005286244163188232
0.0032235420019524658,1.514223678633684,0.0005184146322842154,0.000531472198948199
0.0032409077300312055,1.5215270679714423,0.0005212074132056628,0.0005343353230259812
0.00325836701002009,1.5288564155047597,0.0005240152392727501,0.0005372138711988903
0.0032759203458979764,1.5362116566101949,0.0005268381915359668,0.0005401079265588735
0.003293568244358747,1.5435927233383377,0.0005296763514824354,0.0005430175726455088
0.003311311214825911,1.5509995443564655,0.0005325298010382585,0.0005459428934484114
0.0033291497694673366,1.5584320448905091,0.0005353986225708896,0.0005488839734096628
0.0033470844232100093,1.5658901466662658,0.000538282898891504,0.0005518408974262439
0.0033651156937549082,1.5733737678498994,0.0005411827132573938,0.0005548137508524881
0.0033832441015919593,1.5808828229877088,0.000544098149374371,0.000557802619502546
0.0034014701700150357,1.588417222945137,0.0005470292913991805,0.0005608075896528591
0.0034197944251370903,1.5959768748450642,0.0005499762239419336,0.000563828748044654
0.003438217395905317,1.6035616820053276,0.0005529390320685461,0.0005668661818864429
0.003456739614116444,1.6111715438755114,0.0005559178013031981,0.0005699199788565443
0.003475361614432061,1.618806355972961,0.0005589126176307983,0.0005729902271056105
0.0034940839343940663,1.6264660098180512,0.000561923567499469,0.0005760770152591736
0.0035129071144401895,1.6341503928686878,0.0005649507378230414,0.0005791804324202058
0.00353183169791957,1.6418593884540313,0.0005679942159835621,0.0005823005681716869
0.0035508582311084684,1.6495928757074683,0.0005710540898338189,0.0005854375125791952
0.0035699872632260106,1.6573507294987866,0.000574130447699873,0.0005885913561935027
0.0035892193464500534,1.6651328203655884,0.0005772233783836108,0.0005917621900531915
0.003608555035933132,1.672939014443922,0.0005803329711653084,0.0005949501056872827
0.0036279948898184627,1.680769173398116,0.0005834593158062041,0.0005981551951178744
0.00364753946925608,1.6886231543498456,0.0005866025025510961,0.0006013775508628033
0.003667189338419009,1.696500809806393,0.0005897626221309404,0.0006046172659383094
0.0036869450645195772,1.7044019875881327,0.0005929397657654758,0.0006078744338617271
0.0037068072178257634,1.7123265307552082,0.000596134025165853,0.0006111491486541793
0.00372677637167767,1.7202742775334245,0.0005993454925372829,0.000614441504843294
0.003746853102504084,1.7282450612393452,0.0006025742605817005,0.0006177515974659338
0.003767037989839089,1.7362387102045764,0.0006058204225004363,0.000621079522070936
0.003787331616338827,1.7442550476992753,0.000609084071996912,0.0006244253747218749
0.003807734567798283,1.752293891854832,0.0006123653032793394,0.0006277892519998297
0.003828247433168228,1.7603550555857799,0.0006156642110634459,0.0006311712510061776
0.0038488708045721926,1.7684383465108773,0.0006189808905752029,0.0006345714693653926
0.003869605277323569,1.7765435668734066,0.0006223154375535778,0.0006379900052278646
0.0038904514499428088,1.7846705134606724,0.0006256679482532984,0.0006414269572727353
0.00391140992417467,1.7928189775226844,0.0006290385194476268,0.000644882424710741
0.003932481305005624,1.8009887446900663,0.0006324272484311593,0.0006483565072870833
0.003953666200681283,1.8091795948911396,0.0006358342330226286,0.0006518493052843021
0.003974965222723977,1.8173913022682326,0.0006392595715677304,0.0006553609195251726
0.003996378985950413,1.82562363509319,0.0006427033629419639,0.0006588914513756184
0.0040179081084894,1.8338763556820807,0.0006461657065534816,0.000662441002747632
0.004039553211799716,1.8421492203091372,0.0006496467023459628,0.0006660096761022223
0.004061314920688021,1.8504419791198836,0.0006531464508014952,0.0006695975744523666
0.004083193863326923,1.8587543760435083,0.0006566650529434788,0.0006732048013659892
0.004105190671273083,1.8670861487044375,0.000660202610339539,0.0006768314609689475
0.004127305979485455,1.8754370283331443,0.0006637592251044584,0.0006804776579480377
0.0041495404263436324,1.883806739676196,0.0006673349999031288,0.0006841434975540206
0.004171894653666241,1.8921950009055168,0.0006709300379535078,0.0006878290856046533
0.004194369306729501,1.9006015235269222,0.0006745444430296047,0.0006915345284877507
0.004216965034285822,1.9090260122878715,0.0006781783194644703,0.000695259933164249
0.004239682488582561,1.9174681650845053,0.0006818317721532147,0.0006990054071713013
0.0042625223253808225,1.9259276728679198,0.0006855049065560291,0.0007027710586253744
0.004285485203974397,1.934404219549731,0.0006891978287012329,0.0007065569962253728
0.0043085717872088074,1.9428974819069142,0.0006929106451883354,0.0007103633292557783
0.004331782741500416,1.9514071294859214,0.0006966434631911098,0.0007141901675898002
0.004355118736855688,1.9599328245061167,0.0007003963904606899,0.0007180376216925511
0.004378580446890509,1.9684742217624969,0.0007041695353286776,0.0007219058026242321
0.004402168548849637,1.9770309685277516,0.0007079630067102712,0.0007257948220433395
0.004425883723626269,1.9856027044536488,0.0007117769141074113,0.000729704792209891
0.004449726655781663,1.9941890614717526,0.0007156113676119364,0.0007336358259886602
0.004473698033564932,2.0027896636935174,0.0007194664779087676,0.000737588036852441
0.00449779854893288,2.0114041273097305,0.0007233423562790962,0.0007415615388853165
0.004522028897570008,2.0200320604893607,0.000727239114603603,0.0007455564467859588
0.004546389778908565,2.0286730632777847,0.0007311568653656824,0.0007495728758709338
0.004570881896148752,2.0373267274944444,0.0007350957216546902,0.0007536109420780329
0.004595505956279034,2.0459926366299386,0.0007390557971692122,0.0007576707619696205
0.0046202626700965164,2.05467036574254,0.0007430372062203398,0.0007617524527359956
0.004645152752227497,2.063359481354217,0.0007470400637349752,0.0007658561321987778
0.004670176921148061,2.072059541346105,0.0007510644852591441,0.0007699819188143046
0.004695335899204856,2.0807700948535186,0.0007551105869613358,0.0007741299316770552
0.004720630412635909,2.0894906821604606,0.0007591784856358515,0.0007783002905230837
0.004746061191591608,2.0982208345937075,0.0007632682987061785,0.0007824931157334772
0.004771628970155788,2.1069600744164543,0.0007673801442283808,0.0007867085283378329
0.0047973344863668915,2.115707914721553,0.0007715141408945022,0.0007909466500177468
0.004823178482239309,2.124463859324387,0.000775670408035999,0.0007952076031103318
0.004849161703784764,2.133227402655373,0.0007798490656271776,0.0007994915106117431
0.004875284901033865,2.1419980296521532,0.0007840502342886619,0.0008037984961807323
0.004901548828057765,2.150775215651487,0.0007882740352908753,0.0008081286841422172
0.004927954242989899,2.159558426280862,0.0007925205905575377,0.000812482199490867
0.004954501908047905,2.168347117349883,0.000796790022669189,0.0008168591678947149
0.00498119258955559,2.177140734741438,0.0008010824548667237,0.0008212597156987806
0.005008027057965084,2.1859387143027034,0.0008053980110549522,0.0008256839699287225
0.005035006087879053,2.1947404817359963,0.0008097368158061733,0.0008301320582944994
0.005062130458073065,2.20354545248952,0.0008140989943637714,0.0008346041091940587
0.0050894009515180935,2.2123530316480586,0.0008184846726458349,0.0008391002517170461
0.005116818355403078,2.221162613823607,0.0008228939772487849,0.0008436206156485249
0.005144383461157689,2.2299735830460383,0.0008273270354510357,0.00084816533147273
0.005172097064475133,2.2387853126537887,0.0008317839752166623,0.0008527345303768262
0.005199959965335162,2.2475971651846587,0.0008362649251991009,0.0008573283442547032
0.005227972968027128,2.2564084922667162,0.0008407700147448565,0.0008619469057107756
0.0052561368811732175,2.2652186345093948,0.000845299373897239,0.0008665903480638142
0.005284452517751808,2.274026921394807,0.0008498531334001194,0.0008712588053507961
0.005312920695120896,2.282832671169315,0.000854431424701698,0.0008759524123307676
0.005341542235041739,2.2916351907354393,0.0008590343799583052,0.0008806713044887412
0.005370317963702532,2.300433775544106,0.0008636621320382106,0.0008854156180396004
0.005399248711742279,2.309227709487337,0.0008683148145254608,0.0008901854899320341
0.005428335314274783,2.3180162647914044,0.0008729925617237371,0.0008949810578524924
0.00545757861091271,2.326798701910503,0.0008776955086602273,0.0008998024602291539
0.00548697944579188,2.3355742694210235,0.000882423791089529,0.0009046498362359299
0.00551653866759558,2.3443422039164505,0.0008871775454975624,0.0009095233257964734
0.00554625712957911,2.3531017299029835,0.0008919569091055167,0.0009144230695882262
0.005576135689594374,2.361852059695901,0.000896762019873804,0.0009193492090464718
0.005606175210114659,2.3705923933167696,0.0009015930165060446,0.0009243018863684219
0.005636376558259549,2.3793219183915495,0.0009064500384530739,0.0009292812445173236
0.005666740605819913,2.3880398100496407,0.0009113332259169604,0.0009342874272265787
0.005697268229283121,2.396745230823992,0.0009162427198550618,0.0009393205790039008
0.0057279603098582925,2.405437330552279,0.000921178661984083,0.0009443808451354785
0.005758817733501782,2.414115246279295,0.000926141194784178,0.0009494683716901776
0.005789841390942716,2.4227781021605588,0.0009311304615030532,0.0009545833055237492
0.005821032177708716,2.4314250093672745,0.0009361466061601066,0.0009597257942830727
0.0058523909941517694,2.4400550659926976,0.0009411897735505864,0.0009648959864104199
0.005883918745474181,2.4486673569599753,0.0009462601092497661,0.000970094031147734
0.005915616341754743,2.4572609539315846,0.0009513577596171515,0.0009753200785409435
0.005947484697974969,2.465834915220405,0.0009564828718007004,0.0009805742794442881
0.005979524734045521,2.474388285702559,0.0009616355937410723,0.000985856785524675
0.006011737374832785,2.482920096732084,0.0009668160741759016,0.00099116774926606
0.0060441235501855215,2.491429366057522,0.0009720244626440845,0.0009965073239738425
0.0060766841949617565,2.49991509774056,0.0009772609094901023,0.0010018756637792975
0.0061094202490557204,2.508376282076761,0.0009825255658683545,0.0010072729236440176
0.006142332657425026,2.5168118955185492,0.0009878185837475285,0.0010126992593643938
0.006175422370117902,2.525220900600487,0.0009931401159149796,0.0010181548275761047
0.006208690342300638,2.5336022458670002,0.000998490315981145,0.0010236397857586413
0.006242137534285171,2.541954865802634,0.0010038693383839798,0.0010291542922398565
0.006275764911556766,2.550277680764938,0.0010092773383934073,0.0010346985062005263
0.006309573444801936,2.5585695969201256,0.0010147144721158107,0.0010402725876789544
0.006343564109936414,2.5668295061815805,0.0010201808964985309,0.0010458766975755835
0.0063777378881333426,2.5750562861513586,0.0010256767693343986,0.0010515109976576428
0.006412095765851621,2.583248800064802,0.0010312022492662942,0.0010571756505638205
0.006446638734864333,2.5914058967383515,0.0010367574957917188,0.0010628708198089517
0.0064813677922874215,2.599526410520736,0.0010423426692674064,0.0010685966697887457
0.006516283940608427,2.6076091612476144,0.0010479579309139431,0.0010743533657845234
0.006551388187715475,2.615652954199841,0.0010536034428204318,0.0010801410739679962
0.006586681546926321,2.6236565800654503,0.00105927936794916,0.0010859599614060549
0.006622165037017622,2.631618814905522,0.0010649858701403101,0.0010918101960655957
0.006657839682254369,2.639538420124062,0.0010707231141166896,0.0010976919468183718
0.006693706512419399,2.6474141424420052,0.0010764912654884786,0.0011036053834458594
0.006729766562843182,2.6552447138755415,0.0010822904907580202,0.0011095506766441682
0.006766020874433645,2.6630288517188467,0.0010881209573246153,0.0011155279980289581
0.0068024704937062795,2.6707652585314237,0.0010939828334893653,0.0011215375201404046
0.0068391164728143,2.678452622130156,0.0010998762884600222,0.0011275794164481675
0.006875959869579035,2.686089615586259,0.0011058014923558744,0.001133653861356404
0.006913001747520484,2.6936748972272793,0.001111758616212662,0.0011397610302088057
0.006950243175887969,2.7012071106442774,0.0011177478319875057,0.0011459010992936512
0.006987685229691055,2.708684884704401,0.0011237693125638792,0.0011520742458489045
0.007025328989730528,2.716106833568952,0.0011298232317565892,0.0011582806480673214
0.007063175542629623,2.7234715567171754,0.0011359097643168009,0.0011645204851015991
0.007101225980865403,2.7307776389759026,0.0011420290859370803,0.0011707939370695479
0.0071394814028002485,2.7380236505552156,0.0011481813732564599,0.001177101185059284
0.007177942912713622,2.7452081470903478,0.0011543668038655475,0.0011834424111344644
0.007216611620833883,2.7523296696899404,0.0011605855563116402,0.0011898177983395342
0.007255488643370395,2.7593867449908953,0.00116683781010389,0.0011962275307050186
0.007294575102545694,2.7663778852199465,0.001173123745718475,0.0012026717932528256
0.007333872126627908,2.773301588262194,0.0011794435446038137,0.001209150772001593
0.0073733808499633425,2.7801563377367366,0.0011857973891858057,0.0012156646539720583
0.007413102413009177,2.78694060307962,0.0011921854628730879,0.0012222136271924492
0.007453037962366443,2.793652839634297,0.0011986079500623398,0.001228797880703922
0.00749318865081306,2.8002914887497665,0.0012050650361435937,0.0012354176045660068
0.007533555637337178,2.8068549778866236,0.0012115569075055997,0.0012420729898621043
0.007574140087170572,2.813341720731186,0.001218083751541192,0.0012487642287049914
0.007614943171822305,2.8197501173179207,0.0012246457566527055,0.0012554915142423718
0.007655966069112569,2.8260785541603717,0.0012312431122574162,0.0012622550406624535
0.007697209963206625,2.832325404390772,0.0012378760087930006,0.0012690550031995453
0.007738676044649049,2.838489027908584,0.0012445446377230395,0.0012758915981397024
0.0077803655103980485,2.844567771538137,0.001251249191542541,0.0012827650228263829
0.00782227956386003,2.8505599691956074,0.0012579898637834948,0.0012896754756661485
0.007864419414924363,2.8564639420655302,0.0012647668490204662,0.0012966231561343943
0.007906786279998253,2.862277998787064,0.0012715803428762023,0.0013036082647810976
0.007949381382041912,2.868000435650228,0.0012784305420272875,0.0013106310032366176
0.0079922059506038,2.8736295368023215,0.001285317644209811,0.0013176915742175034
0.008035261221856178,2.87916357446475,0.0012922418482250852,0.0013247901815323577
0.008078548438630739,2.8846008091604665,0.0012992033539453737,0.0013319270300877083
0.008122068850454509,2.889939489952262,0.0013062023623196654,0.0013391023258939286
0.00816582371358593,2.8951778546921174,0.0013132390753794775,0.0013463162760711854
0.008209814291051082,2.9003141302818345,0.0013203136962446783,0.0013535690888554107
0.00825404185268019,2.9053465329451793,0.0013274264291293606,0.001360860973604319
0.008298507675144225,2.910273268511747,0.0013345774793477251,0.0013681921408034445
0.00834321304199182,2.9150925327127903,0.001341767053320019,0.0013755628020722225
0.00838815924368626,2.9198025114891992,0.0013489953585784811,0.0013829731701700918
0.008433347577642757,2.9244013813119043,0.0013562626037733406,0.0013904234590026367
0.00847877934826593,2.92888730951487,0.0013635689986788385,0.0013979138836277675
0.008524455866987399,2.9332584546409515,0.001370914754199278,0.0014054446602619172
0.008570378452303701,2.937512966800788,0.0013783000823751192,0.0014130160062862942
0.008616548429814302,2.9416489880449967,0.001385725196389092,0.0014206281402531456
0.008662967132259877,2.945664652749843,0.0013931903105723511,0.001428281281892071
0.008709635899560813,2.9495580880166448,0.0014006956404106704,0.0014359756521163686
0.008756556078855823,2.9533274140850905,0.001408241402550649,0.0014437114730294007
0.008803729024540902,2.9569707447607083,0.0014158278148059774,0.0014514889679310174
0.008851156098308355,2.9604861878566826,0.0014234550961637127,0.0014593083613239882
0.008898838669186176,2.9638718456502335,0.0014311234667906123,0.0014671698789204962
0.008946778113577499,2.9671258153537683,0.0014388331480394757,0.0014750737476486404
0.008994975815300356,2.9702461896009913,0.00144658436245554,0.0014830201956589919
0.009043433165627656,2.9732310569481917,0.0014543773337829082,0.0014910094523311811
0.009092151563327273,2.976078502390883,0.0014622122869709943,0.0014990417482805113
0.009141132414702508,2.9787866078960112,0.0014700894481810304,0.0015071173153646247
0.009190377133632594,2.9813534529498846,0.0014780090447925822,0.0015152363866901821
0.009239887141613596,2.983777115122044,0.001485971305410123,0.0015233991966196055
0.009289663867799372,2.9860556706452153,0.0014939764598696213,0.00153160598077783
0.009339708749042858,2.988187195011538,0.001502024739245181,0.0015398569760591099
0.009390023229937568,2.990169763585233,0.0015101163758557139,0.0015481524206338612
0.009440608762859235,2.9920014522318534,0.0015182516032716344,0.0015564925539555256
0.009491466808007805,2.993680337964284,0.0015264306563216145,0.0015648776167674918
0.009542598833449524,2.9952044996056353,0.0015346537710993506,0.0015733078511100376
0.009594006315159337,2.9965720184691516,0.0015429211849703813,0.0015817835003273154
0.00964569073706353,2.9977809790552894,0.0015512331365789454,0.0015903048090743848
0.009697653591082496,2.9988294697660636,0.0015595898658548562,0.0015988720233242612
0.009749896377173876,2.999715583636778,0.0015679916140204427,0.0016074853903750286
0.00980242060337578,3.0004374190852556,0.0015764386235974962,0.0016161451588569639
0.009855227785850396,3.0009930806786413,0.0015849311384142834,0.0016248515787397268
0.009908319448927685,3.0013806799178755,0.001593469403612576,0.001633604901339562
0.009961697125149415,3.0015983360398932,0.0016020536656547264,0.0016424053793265608
0.010015362355313428,3.0016441768376287,0.0016106841723307888,0.0016512532667319552
0.010069316688518045,3.0015163394978464,0.0016193611727656607,0.0016601488189554399
0.010123561682206864,3.0012129714568583,0.001628084917426284,0.001669092292772558
0.010178098902213635,3.0007322312741302,0.0016368556581288615,0.001678083946342098
0.010232929922807547,3.0000722895237963,0.0016456736480461407,0.0016871240392135583
0.010288056326738588,2.9992313297040685,0.001654539141714706,0.0016962128323346278
0.010343479705283272,2.99820754916452,0.0016634523950423328,0.0017053505880587209
0.010399201658290601,2.9969991600512125,0.0016724136653153776,0.001714537570152556
0.010455223794228172,2.9956043902696026,0.0016814232112061934,0.001723774043803756
0.010511547730228695,2.994021484465166,0.0016904812927806064,0.0017330602756285174
0.010568175092136596,2.992248705021649,0.001699588171505414,0.001742396533679292
0.010625107514554978,2.990284333076848,0.0017087441102559334,0.0017517830874525279
0.010682346640892843,2.988126669555773,0.001717949373323596,0.0017612202078964557
0.01073989412341245,2.9857740362210867,0.0017272042264235624,0.0017707081674188951
0.010797751623277105,2.9832247767406175,0.0017365089367024063,0.0017802472398951302
0.01085592081059901,2.980477257771794,0.0017458637727458095,0.0017898377006758026
0.010914403364487572,2.9775298700627726,0.0017552690045863296,0.0017994798265948701
0.010973200973097792,2.9743810295700523,0.0017647249037111813,0.001809173895977587
0.011032315333679028,2.9710291785923073,0.0017742317430700756,0.0018189201886485398
0.01109174815262402,2.967472786920177,0.001783789797083106,0.001828718985939732
0.01115150114551807,2.9637103530017144,0.0017933993416486538,0.0018385705706986878
0.011211576037188647,2.9597404051231715,0.0018030606541513665,0.0018484752272966334
0.011271974561755105,2.955561502604765,0.0018127740134701498,0.0018584332416366881
0.011332698462678805,2.9511722370110696,0.0018225396999862306,0.001868444901162132
0.01139374949281338,2.9465712333756238,0.0018323579955912364,0.001878510494864687
0.01145512941445536,2.9417571514393197,0.0018422291836953369,0.0018886303132928661
0.01151683999939508,2.9367286869021374,0.0018521535492354289,0.0018988046485603634
0.01157888302896774,2.931484572687724,0.0018621313786833492,0.0019090337943544714
0.01164126029410492,2.926023580220315,0.0018721629600541548,0.0019193180459445734
0.011703973595386196,2.9203445207134497,0.0018822485829144244,0.0019296577001906518
0.01176702474309115,2.9144462464699137,0.00189238853839062,0.0019400530555518615
0.011830415557251658,2.908327652192287,0.0019025831191774964,0.0019505044120951506
0.01189414786770435,2.9019876763034977,0.0019128326195465351,0.0019610120715039064
0.011958223514143518,2.895425302276656,0.0019231373353544516,0.0019715763370866776
0.012022644346174132,2.88863955997353,0.0019334975640517213,0.001982197513785915
0.01208741222336532,2.881629526990878,0.0019439136046911774,0.001992875908186785
0.012152529015303969,2.8743943300138906,0.001954385757936629,0.002003611828526007
0.012217996601648722,2.8669331461759437,0.0019649143260715486,0.0020144055847007543
0.01228381687218428,2.859245204423794,0.0019754996130077933,0.002025257488277604
0.012349991726875852,2.85132978688739,0.0019861419242943714,0.0020361678525015144
0.01241652307592412,2.84318623025333,0.001996841567126272,0.0020471369923048856
0.01248341283982026,2.834813927141078,0.002007598850353316,0.0020581652243166276
0.012550662949401492,2.826212327480896,0.0020184140844890894,0.002069252866871318
0.012618275345906718,2.8173809398925327,0.0020292875817198835,0.002080400240018374
0.012686251981032601,2.8083193330635505,0.002040219655913716,0.0020916076655312973
0.01275459481698994,2.7990271371262305,0.0020512106226293976,0.0021028754669169627
0.012823305826560218,2.7895040450319284,0.002062260799125619,0.002114203969424945
0.012892386993152658,2.779749813921662,0.00207337050437013,0.002125593500056922
0.012961840310861379,2.7697642664917823,0.0020845400590489265,0.0021370443875760943
0.013031667784523,2.7595472923534325,0.0020957697855755143,0.0021485569625166825
0.01310187142977455,2.7490988493845174,0.002107060008100217,0.002160131557193472
0.013172453273111558,2.7384189650728836,0.0021184110525195223,0.0021717685057113904
0.013243415351946657,2.7275077378493053,0.0021298232464855003,0.0021834681439751665
0.013314759714668289,2.716365338408918,0.002141296919415242,0.0021952308096990043
0.01338648842069994,2.7049920110196153,0.002152832402500387,0.0022070568424163526
0.013458603540559498,2.6933880748159793,0.0021644300287166655,0.002218946583489685
0.013531107155919047,2.6815539250771927,0.002176090132833512,0.0022309003761203585
0.013604001359665021,2.6694900344873878,0.002187813051423739,0.002242918565358527
0.013677288255958495,2.657196954376884,0.0021995991228732285,0.002255001498113082
0.013750969960296053,2.6446753159426217,0.00221144868739072,0.0022671495231616837
0.013825048599570733,2.6319258314462126,0.002223362087017611,0.002279362991160807
0.01389952631213354,2.6189492953878357,0.0022353396656378454,0.0022916422546558836
0.013974405247855069,2.605746585654339,0.0022473817689878215,0.0023039876680914545
0.014049687568187603,2.5923186646397065,0.0022594887446663785,0.0023163995878214103
0.014125375446227554,2.578666580336149,0.0022716609421448326,0.0023288783721192837
0.014201471066778092,2.564791467394015,0.0022838987127770495,0.002341424381188567
0.014277976626412317,2.5506945481486047,0.002296202409809601,0.0023540379771731347
0.014354894333536575,2.536377133612097,0.002308572388391944,0.0023667195241676695
0.014432226408454244,2.5218406244286116,0.002321009005586677,0.002379469388228182
0.014509975083429865,2.5070865117905257,0.002333512620379851,0.0023922879373825846
0.01458814260275349,2.4921163783140843,0.002346083593691315,0.002405175541641288
0.014666731222805563,2.4769318988723166,0.0023587222883851493,0.0024181325730079062
0.014745743212121952,2.4615348413832936,0.002371429069280118,0.002431159405489969
0.014825180851459544,2.4459270675516795,0.0023842043031602187,0.0024442564151097358
0.014905046433861976,2.4301105335616113,0.0023970483587852512,0.002457423979915032
0.01498534226472587,2.4140872907188045,0.0024099616069014618,0.0024706624799901633
0.015066070661867433,2.3978594860398634,0.002422944420252257,0.0024839722974668945
0.015147233955589244,2.3814293627867835,0.0024359971735889367,0.0024973538165354576
0.01522883448874766,2.3647992609444772,0.002449120243681535,0.0025108074234556636
0.015310874616820304,2.347971617639392,0.002462314009329669,0.002524333506568024
0.015393356707974192,2.3309489674970143,0.002475578851373493,0.0025379324563049818
0.015476283143133982,2.313733942936333,0.00248891515270467,0.00255160466520216
0.01555965631605075,2.2963292743990893,0.0025023232982774295,0.002565350527909696
0.01564347863337113,2.278737790511833,0.0025158036751196846,0.00257917044120364
0.015727752514706678,2.260962418178746,0.002529356672344185,0.0025930648039973873
0.015812480392703842,2.24300618260316,0.002542982681159762,0.0026070340173532107
0.01589766471311407,2.22487220723586,0.0025566820948826037,0.0026210784844938138
0.015983307934864462,2.2065637136480967,0.0025704553089476137,0.00263519861081398
0.01606941253012879,2.18808402132742,0.0025843027209198283,0.0026493948038922763
0.016155980984398747,2.1694365473944295,0.002598224730505871,0.0026636674735027945
0.01624301579655583,2.150624806238478,0.002612221739565511,0.002678017031627003
0.016330519478943345,2.131652409070591,0.0026262941521232367,0.0026924438924656115
0.016418494557439045,2.1125230633917047,0.0026404423743799366,0.0027069484724505447
0.01650694357152793,2.093240572374553,0.0026546668147246016,0.0027215311902569405
0.016595869074375613,2.073808834157444,0.002668967883746122,0.002736192466815243
0.016685273632902065,2.0542318410483,0.00268334599424514,0.0027509327253233545
0.016775159827855577,2.034513678637438,0.002697801561245944,0.0027657523912588307
0.01686553025388742,2.014658524817466,0.0027123350020084695,0.00278065189239118
0.01695638751962659,1.9946706487089891,0.002726946736040315,0.0027956316587941857
0.01704773424775524,1.9745544094906335,0.002741637185108872,0.002810692122858338
0.01713957307508427,1.9543142551322288,0.0027564067732534754,0.0028258337193032947
0.017231906652629504,1.9339547210298544,0.002771255926797648,0.002841056885190432
0.017324737645688256,1.9134804285416946,0.002786185074361415,0.0028563620599354645
0.017418068733916145,1.8928960834237354,0.002801194646873646,0.0028717496853211087
0.017511902611404583,1.8722064741643043,0.00281628507758452,0.0028872202055098516
0.01760624198675843,1.8514164702167728,0.0028314568020780017,0.0029027740670567463
0.01770108958317422,1.8305310201296594,0.0028467102582844257,0.002918411718922311
0.017796448138518835,1.809555149573595,0.002862045886493136,0.0029341336124854888
0.0178923204054084,1.7884939592647653,0.002877464129365175,0.0029499402015566558
0.017988709151287894,1.7673526227844178,0.002892965431946079,0.002965831942390738
0.018085617158510876,1.746136384294392,0.0029085502416786955,0.002981809293700351
0.018183047224419966,1.7248505561484953,0.002924219008416123,0.0029978727166690674
0.018281002161427445,1.7035005163999872,0.0029399721844346654,0.0030140226749646943
0.01837948479709651,1.6820917062053033,0.0029558102244468952,0.0030302596347526714
0.018478497974222925,1.6606296271244991,0.0029717335856147818,0.0030465840647095226
0.01857804455091699,1.6391198383190084,0.002987742727562865,0.0030629964360363673
0.018678127400686154,1.617567953647381,0.003003838112391537,0.0030794972224725318
0.01877874941251783,1.5959796386600063,0.0030200202046903575,0.0030960869003092036
0.018879913490962946,1.5743606074937868,0.0030362894715514816,0.0031127659484031967
0.018981622556219633,1.5527166196681585,0.0030526463825831123,0.0031295348481907427
0.019083879544217596,1.5310534767837618,0.0030690914099230694,0.003146394083701398
0.019186687406702912,1.5093770191254696,0.0030856250282524133,0.0031633441415720187
0.0192900491113231,1.4876931221715906,0.003102247714809126,0.003180385511060775
0.01939396764171294,1.4660076930111758,0.003118959949401903,0.003197518684061302
0.019498445997580476,1.4443266666717325,0.003135762214423979,0.003214744155116865
0.01960348719479363,1.4226560023596548,0.003152654994867053,0.003232062421434639
0.01970909426546735,1.4010016796159912,0.0031696387783352953,0.0032494739829000705
0.01981527025805099,1.3793696943904028,0.0031867140550593935,0.0032669793420912695
0.01992201823741645,1.357766055036206,0.0032038813179107203,0.0032845790042935435
0.020029341284946503,1.3361967782298252,0.0032211410624155366,0.003302273477513951
0.020137242498623895,1.3146678848179452,0.0032384937867693045,0.0033200632724959813
0.02024572499312063,1.293185395596102,0.003255939991851049,0.0033379489027342696
0.02035479189988795,1.271755327022432,0.0032734801812378143,0.0033559308844894275
0.020464446367246758,1.2503836868706517,0.0032911148612192057,0.0033740097368029406
0.0205746915604784,1.229076469826532,0.0033088445408119734,0.0033921859815121296
0.020685530661916154,1.2078396530322144,0.0033266697317747276,0.003410460143265227
0.020796966871036958,1.1866791915831127,0.003344590948622676,0.0034288327495364925
0.020909003404553914,1.1656010139821198,0.003362608708642495,0.0034473043306414543
0.021021643496508993,1.1446110175562687,0.0033807235319072344,0.0034658754197521915
0.021134890398366475,1.1237150638409548,0.0033989359412913292,0.003484546552912724
0.021248747379106845,1.1029189739371974,0.0034172464624856996,0.0035033182690544914
0.02136321772532101,1.082228523847533,0.0034356556240128905,0.003522191110011874
0.021478304741305354,1.061649439796236,0.0034541639572423536,0.003541165620537859
0.021594011749156955,1.0411873935399114,0.0034727719964057456,0.0035602423483197293
0.021710342088869558,1.0208479976744638,0.0034914802786123627,0.0035794218439948763
0.021827299118430035,1.0006368009447444,0.003510289343864638,0.0035987046611667
0.021944886213915184,0.9805592835633092,0.0035291997350737044,0.0036180913564205523
0.022063106769589343,0.9606208525447627,0.0035482119980750812,0.0036375824893398255
0.022181964198002193,0.9408268370624561,0.0035673266816443946,0.0036571786225220683
0.02230146193008746,0.9211824838342396,0.003586544337513243,0.003676880321595248
0.02242160341526177,0.9016929525442793,0.0036058655203850855,0.0036966881552340392
0.022542392121524302,0.8823633113078633,0.0036252907879512565,0.003716602695176245
0.02266383153555697,0.8631985321863168,0.0036448207009070694,0.003736624516239304
0.02278592516282488,0.8442034867592539,0.0036644558229679634,0.0037567541963368398
0.022908676527677748,0.8253829417612687,0.0036841967208857992,0.0037769923164953775
0.0230320891734514,0.806741554790498,0.0037040439644651776,0.0037973394608710625
0.023156166662570286,0.7882838700962167,0.0037239981265799146,0.0038177962167665527
0.023280912576650103,0.7700143144529275,0.00374405978318953,0.0038383631746479285
0.023406330516601292,0.7519371931281724,0.0037642295133558878,0.0038590409281617473
0.023532424102733037,0.734056685951433,0.0037845078992599047,0.003879830074152172
0.023659196974857587,0.7163768434914342,0.0038048955262183237,0.0039007312126781673
0.023786652792395547,0.6989015833490043,0.003825392982700627,0.003921744947030841
0.02391479523448131,0.6816346865727867,0.0038460008603459868,0.003942871883750823
0.024043628000069348,0.6645797942047872,0.003866719753980347,0.00396411263264577
0.02417315480804106,0.6477404039628154,0.0038875502616335916,0.003985467806807971
0.02430337939731195,0.6311198670667072,0.003908492984556772,0.004006938022632008
0.02443430552693974,0.6147213852149969,0.003929548527239479,0.0040285238998325704
0.02456593697623268,0.5985480077187182,0.003950717497427255,0.004050226061462294
0.02469827754485887,0.5826026287986389,0.003972000506139156,0.004072045133929774
0.024831331052955728,0.5668879850522411,0.003993398167685347,0.004093981747017601
0.02496510134124036,0.5514066530963693,0.004014911099684838,0.004116036533900548
0.025099592271120488,0.5361610473913383,0.004036539923083314,0.004138210131163836
0.025234807724805755,0.5211534182520486,0.004058285262171014,0.004160503178821481
0.02537075160541997,0.5063858500512785,0.004080147744600776,0.004182916320334783
0.025507427837113593,0.4918602596201875,0.0041021280014061105,0.004205450202630853
0.02564484036517719,0.47757839485059317,0.004124226667019432,0.004228105476121311
0.025782993156155155,0.4635418335034188,0.004146444379290335,0.004250882794721015
0.02592189019796029,0.4497519822272129,0.004168781779504007,0.004273782815866941
0.026061535499988978,0.4362100757903871,0.004191239512399732,0.004296806200537155
0.02620193309323675,0.4229171765304194,0.004213818226189468,0.00431995361326985
0.02634308703041485,0.4098741740227998,0.0042365185725765685,0.0043432257221825525
0.026485001386067037,0.39708178497222374,0.004259341206774563,0.004366623198991358
0.026627680256687276,0.3845405533279675,0.004282286787526056,0.004390146719030323
0.026771127760838072,0.3722508506250363,0.004305355977121753,0.004413796961270961
0.026915348039269166,0.3602128765522257,0.004328549441419525,0.004437574608341786
0.02706034525503728,0.3484266597476812,0.004351867849863657,0.004461480346548048
0.027206123593626064,0.3368920588222102,0.00437531187550411,0.004485514865891487
0.027352687263067138,0.3256087636099641,0.004398882195015987,0.004509678860090271
0.027500040494061375,0.31457629664576736,0.004422579488718997,0.004533973026598975
0.027648187540101087,0.30379401486774094,0.004446404440597116,0.004558398066628711
0.02779713267759291,0.2932611115434459,0.004470357738318307,0.004582954685167364
0.02794688020598105,0.2829766184172655,0.004494440073254336,0.004607643590999897
0.02809743444787159,0.27293940807615585,0.004518652140500743,0.004632465496728832
0.028248799749157075,0.26314819653050575,0.004542994638896851,0.004657421118794753
0.028400980479142166,0.253601546006205,0.004567468271045968,0.004682511177497026
0.028553981030669567,0.24429786794363953,0.00459207374333561,0.004707736397014524
0.02870780582024692,0.23523542619871415,0.00461681176595789,0.004733097505426538
0.028862459288174377,0.2264123404405788,0.004641683052930018,0.004758595234733782
0.029017945898672563,0.21782658974023664,0.004666688322114854,0.004784230320879474
0.02917427014001169,0.20947601634366703,0.00469182829524166,0.004810003503770602
0.029331436524640885,0.20135832962272734,0.00471710369792687,0.0048359155272992204
0.029489449589318564,0.19347111019653504,0.004742515259695036,0.004861967139363932
0.02964831389524345,0.18581181421565585,0.004768063713999885,0.004888159091891455
0.02980803402818606,0.1783777778009853,0.004793749798245432,0.004914492140858286
0.02996861459862127,0.17116622162875147,0.004819574253807286,0.0049409670463125355
0.03013006024186122,0.16417425565275817,0.004845537826053993,0.004967584572395808
0.030292375618189305,0.15739888395452412,0.0048716412643685725,0.004994345487365278
0.03045556541299452,0.15083700971172084,0.004897885322170083,0.005021250563615811
0.030619634336906787,0.14448544027490218,0.004924270756935381,0.0050483005777022475
0.03078458712593302,0.13834089234228136,0.0049507983302209645,0.005075496310361821
0.030950428541593626,0.13239999722202647,0.004977468807684906,0.005102838546536627
0.0311171633710602,0.12665930617127508,0.00500428295910897,0.005130328075396307
0.031284796427293454,0.12111529580091336,0.0050312415584207746,0.005157965690360756
0.0314533325491824,0.11576437353491915,0.005058345383716142,0.005185752189123049
0.031622776601683826,0.11060288311298601,0.005085595217281507,0.005213688373672405
0.03179313347596279,0.10562711012497608,0.005112991845616484,0.005241775050317327
0.03196440808953393,0.10083328756569829,0.005140536059456564,0.00527001302970887
0.03213660538640318,0.09621760139846583,0.005168228653795882,0.005298403126863975
0.03230973033721075,0.09177619611584557,0.005196070427910182,0.005326946161189017
0.032483787939374356,0.08750518028607986,0.0052240621853798155,0.005355642956503389
0.032658783217233596,0.08340063207368065,0.0052522047341129405,0.005384494341063275
0.03283472122219509,0.07945860472281815,0.005280498886368833,0.00541350114758555
0.03301160703287803,0.07567513199226371,0.0053089454587812585,0.005442664213271743
0.03318944575526107,0.0720462335307822,0.005337545272382068,0.0054719843798322265
0.033368242522829425,0.06856792018212213,0.005366299152624828,0.005501462493510443
0.03354800249672337,0.06523619920894339,0.0053952079294086654,0.00553109940510734
0.03372873086588692,0.06204707942534165,0.005424272437102144,0.005560895970005865
0.03391043284721778,0.05899657622789717,0.005453493514567355,0.005590853048195649
0.03409311368571797,0.05608071651554428,0.005482872005184105,0.005620971504297804
0.03427677865464505,0.053295543488924374,0.005512408756874199,0.0056512522075898245
0.03446143305566458,0.05063712132027293,0.005542104622125928,0.005681696032030689
0.03464708221900288,0.048101539685351635,0.0055719604580186065,0.0057123038562860076
0.0348337315036012,0.04568491814936258,0.0056019771262473175,0.005743076563753402
0.03502138629727012,0.043383410399301145,0.005632155493147722,0.005774015042587931
0.03521005201684521,0.041193208315680636,0.005662496429721051,0.005805120185727714
0.035399734108343496,0.03911054587711563,0.005693000811659227,0.005836392890919686
0.03559043804712042,0.037131702891793766,0.005723669519370076,0.005867834060745445
0.03578216933802816,0.03525300855042549,0.005754503438002747,0.005899444602647304
0.03597493351557427,0.0334708447958603,0.005785503457473189,0.00593122542895442
0.03616873614408161,0.03178164950513766,0.005816670472489821,0.005963177456909105
0.036363582817849,0.030181919480356863,0.005848005382579349,0.005995301608693293
0.036559479161312504,0.02866821324536465,0.005879509092112644,0.006027598811455063
0.03675643082920803,0.027237153645867058,0.005911182510330856,0.00606006999733543
0.03695444350673431,0.02588543025121047,0.005943026551371591,0.006092716103495153
0.037153522909717275,0.02460980155668202,0.005975042134295293,0.0061255380721418045
0.03735367478477481,0.023407096985812684,0.006007230183111697,0.00615853685055688
0.03755490490948272,0.02227421869276883,0.0060395916268064865,0.006191713391123124
0.037757219092541636,0.02120814316553006,0.00607212739936808,0.006225068651351994
0.037960623173944434,0.020205922631148017,0.00610483843981451,0.006258603593911219
0.03816512302514509,0.01926468626495472,0.006137725692220541,0.0062923191866525955
0.03837072454922792,0.01838164120616765,0.006170790105744836,0.0063262164026398355
0.03857743368107808,0.017554073382877355,0.006204032634657321,0.0063602962201766275
0.038785256387553,0.016779348149939075,0.006237454238366719,0.0063945596228348585
0.038994198667654356,0.016054910743796655,0.006271055881448148,0.00642900759948291
0.03920426655270156,0.015378286558743876,0.00630483853367098,0.006463641144314207
0.0394154661065055,0.014747081249594545,0.00633880317002672,0.006498461256875821
0.03962780342554397,0.014158980666151035,0.0063729507707571825,0.006533468942097328
0.0398412846391373,0.01361175062527051,0.006407282321382667,0.006568665210319717
0.040055915909625435,0.013103236526687989,0.006441798812730396,0.006604051077324529
0.04027170343254595,0.01263136281909712,0.0064765012409630845,0.006639627564363155
0.04048865343681258,0.012194132323292445,0.0065113906076075916,0.006675395698186198
0.040706772184895365,0.01178962541944256,0.006546467919583846,0.006711356511073135
0.040926065973001094,0.011415999105803641,0.006581734189233797,0.006747511040861998
0.04114654113125539,0.011071485936376768,0.006617190434350647,0.006783860330979336
0.041368204023885115,0.010754392845181596,0.006652837678208123,0.006820405430470225
0.04159106104940223,0.010463099864942814,0.006688676949589994,0.006857147394028526
0.041815118640788615,0.01019605874808204,0.006724709282819718,0.006894087282027289
0.042040383265681464,0.00995179149796504,0.006760935717790212,0.006931226160549254
0.04226686142656033,0.009728888818375862,0.006797357299993856,0.006968565101417632
0.0424945596609345,0.009526008489181944,0.006833975080552574,0.00700610518222692
0.04272348454153187,0.009341873676107726,0.006870790116248139,0.007043847486373985
0.04295364267648877,0.009175271182460807,0.006907803469552633,0.007081793103089291
0.04318504070954044,0.009025049650547927,0.00694501620865902,0.0071199431274682244
0.043417685320213145,0.008890117720381537,0.006982429407511963,0.0071582986605027085
0.04365158322401661,0.008769442153115748,0.0070200441458387166,0.007196860809112855
0.043886741172638265,0.008662045926458896,0.0070578615091802825,0.007235630686178919
0.04412316595413781,0.008567006309097392,0.007095882588922637,0.007274609410573295
0.044360864393143275,0.00848345292092711,0.007134108482328181,0.007313798107192779
0.04459984335104819,0.008410565785631872,0.007172540292567387,0.007353197906990993
0.0448401097262093,0.008347573381872054,0.007211179128750506,0.007392809947010901
0.04508167045414605,0.008293750699053071,0.007250026105959586,0.007432635370417631
0.045324532507740475,0.008248417303336723,0.007289082345280533,0.00747267532653134
0.04556870289743877,0.00821093541923799,0.007328348973835456,0.007512930970860371
0.0458141886714534,0.008180708031820534,0.007367827124815081,0.007553403465134494
0.04606099691596662,0.008157177014165705,0.00740751793751141,0.007594093977338373
0.04630913475533525,0.008139821284446357,0.007447422557350563,0.007635003681745238
0.04655860935229591,0.00812815499658898,0.007487542135925703,0.007676133758950654
0.04680942790817223,0.0081217257681581,0.00752787783103028,0.007717485395906569
0.04706159766308236,0.008120112948748058,0.007568430806691304,0.007759059785955462
0.04731512589614808,0.00812292593181983,0.0076092022332028995,0.007800858128864706
0.04757001992570511,0.008129802512577887,0.0076501932871600314,0.007842881630861172
0.04782628710951399,0.008140407294144374,0.007691405151492323,0.007885131504665882
0.0480839348449729,0.00815443014395819,0.0077328390154982034,0.007927608969529015
0.04834297056933072,0.008171584702005059,0.007774496074879064,0.007970315251264936
0.04860340175990221,0.008191606942173999,0.007816377531773777,0.008013251582287563
0.048865235934283414,0.00821425378773589,0.007858484594793243,0.008056419201645796
0.04912848065056887,0.008239301781653158,0.007900818479055207,0.00809981935505922
0.0493931435075699,0.008266545812156282,0.007943380406219286,0.008143453294953985
0.04965923214503363,0.00829579789376398,0.007986171604522077,0.00818732228049882
0.04992675424386389,0.00832688600368053,0.00802919330881258,0.00823142757764135
0.05019571752634256,0.008359652973275544,0.008072446760587696,0.008275770459144459
0.05046612975635287,0.008393955434140224,0.008115933208028024,0.008320352204623021
0.05073799873960315,0.008429662818018577,0.00815965390603374,0.008365174100580661
0.051011332323852306,0.008466656409734015,0.008203610116260751,0.008410237440446828
0.05128613839913653,0.008504828452069716,0.008247803107157033,0.008455543524614037
0.05156242489799666,0.008544081301416134,0.008292234153999094,0.008501093660475264
0.05184019979570759,0.008584326632870615,0.00833690453892874,0.008546889162461626
0.0521194711105081,0.008625484693361335,0.008381815550989932,0.00859293135208016
0.052400246903832534,0.008667483601271522,0.008426968486165906,0.008639221557951896
0.05268253528054355,0.008710258690958414,0.008472364647416509,0.008685761115850107
0.05296634438916581,0.008753751900494879,0.008518005344715628,0.008732551368738711
0.05325168242212154,0.008797911200909508,0.008563891895088974,0.008779593666810975
0.05353855761596665,0.008842690065161687,0.008610025622651906,0.008826889367528304
0.05382697825162887,0.008888046975062396,0.008656407858647618,0.008874439835659387
0.05411695265464643,0.0089339449643367,0.008703039941485375,0.008922246443319405
0.05440848919540855,0.008980351196021174,0.008749923216779067,0.00897031057000953
0.05470159628939721,0.009027236572396369,0.00879705903738595,0.009018633602656664
0.054996282397429715,0.009074575375670715,0.008844448763445513,0.009067216935653275
0.05529255602590332,0.009122344937657801,0.008892093762418687,0.009116061970897588
0.05559042572704037,0.009170525336720982,0.008939995409127122,0.009165170117833854
0.05588990009913561,0.009219099120299383,0.008988155085792808,0.009214542793492974
0.05619098778680397,0.00926805105137422,0.009036574182077792,0.009264181422533197
0.05649369748123028,0.009317367877285468,0.00908525409512417,0.00931408743728114
0.05679803792042034,0.009367038119363496,0.009134196229594325,0.00936426227777302
0.05710401788945271,0.00941705188189877,0.009183401997711256,0.009414707391796003
0.0574116462207328,0.009467400679034505,0.009232872819299291,0.00946542423492995
0.05772093179424739,0.009518077278229994,0.009282610121824865,0.009516414270589201
0.058031883537821155,0.009569075559008062,0.009332615340437583,0.009567678970064691
0.058344510427374534,0.009620390385765672,0.009382889918011564,0.009619219812566322
0.05865882148718244,0.009672017493493,0.009433435305186859,0.009671038285265419
0.0589748257901352,0.009723953385312909,0.009484252960411239,0.009723135883337586
0.059292532458,0.009776195240817817,0.009535344349982086,0.009775514110005629
0.05961195066168465,0.009828740834246168,0.009586710948088623,0.009828174476582864
0.05993308962150191,0.009881588461603372,0.00963835423685424,0.0098811185025165
0.06025595860743581,0.009934736875894303,0.00969027570637916,0.009934347715431382
0.060580566939409435,0.009988185229693655,0.009742476854783305,0.009987863651173922
0.06090692398755352,0.010041933024338126,0.009794959188249304,0.01004166785385621
0.0612350391724774,0.0100959800650798,0.009847724221065883,0.010095761875900479
0.061564921965540476,0.010150326421592365,0.00990077347567133,0.01015014727808366
0.0618965818891261,0.010204972393272466,0.009954108482697331,0.010204825629582342
0.06223002851691602,0.010259918478825422,0.010007730781012924,0.0102597985080178
0.0625652714741669,0.010315165349669789,0.010061641917768755,0.01031506749950139
0.0629023204379884,0.010370713826737044,0.010115843448441582,0.010370634198680161
0.06324118513762196,0.010426564860282001,0.01017033693687893,0.010426500208782632
0.06358187535472234,0.010482719512356624,0.01022512395534413,0.010482667141664955
0.06392440092363935,0.010539178941633432,0.0102802060845614,0.010539136617857159
0.064268771731702,0.010595944390296931,0.010335584913761367,0.010595910266609773
0.0646149977195041,0.010653017172750055,0.010391262040726712,0.01065298972594066
0.06496308888119073,0.010710398665909563,0.010447239071838069,0.01071037664268204
0.06531305526474729,0.010768090300889072,0.010503517622120236,0.010768072672527882
0.06566490697228897,0.010826093555890206,0.010560099315288526,0.010826079480081397
0.06601865416035292,0.010884409950143434,0.010616985783795486,0.01088439873890297
0.06637430704019096,0.01094304103875777,0.010674178668877748,0.010943032131558141
0.06673187587806452,0.011001988408355985,0.010731679620603207,0.011001981349666002
0.06709137099554119,0.011061253673386406,0.010789490297918456,0.011061248093947823
0.06745280276979222,0.011120838473015933,0.010847612368696389,0.011120834074275828
0.06781618163389258,0.01118074446852137,0.010906047509784186,0.011180741009722404
0.06818151807712158,0.01124097334110617,0.010964797407051393,0.0112409706286094
0.0685488226452662,0.011301526790080013,0.01102386375543845,0.011301524668557848
0.06891810594092504,0.01136240653134636,0.011083248259005293,0.011362404876537799
0.06928937862381453,0.011423614296151206,0.011142952630980313,0.01142361300891852
0.06966265141107694,0.011485151830052416,0.011202978593809629,0.011485150831518989
0.07003793507758914,0.011547020892074749,0.011263327879206439,0.0115470201196585
0.07041524045627426,0.011609223254021188,0.011324002228200859,0.011609222658207751
0.07079457843841387,0.011671760699914834,0.01138500339118984,0.011671760241640012
0.07117595997396262,0.011734635025550095,0.011446333127987452,0.011734634674082667
0.07155939607186446,0.011797848038134856,0.011507993207875456,0.011797847769369074
0.07194489780036999,0.011861401556007976,0.011569985409654003,0.011861401351090524
0.07233247628735648,0.011925297408419541,0.011632311521692815,0.011925297252648709
0.07272214272064859,0.011989537435362472,0.011694973341982424,0.01198953731730825
0.0731139083483418,0.012054123487446838,0.011757972678185872,0.0120541233982497
0.07350778447912663,0.012119057425808826,0.011821311347690506,0.012119057358622636
0.07390378248261532,0.012184341122048404,0.011884991177660204,0.012184341071599198
0.07430191378967022,0.012249976458190218,0.011949014005087825,0.01224997642042785
0.0747021898927332,0.012315965326663398,0.01201338167684785,0.012315965298487361
0.07510462234615806,0.01238230963029688,0.01207809604974948,0.012382309609341217
0.07550922276654341,0.012449011282327064,0.012143158990589827,0.012449011266792157
0.07591600283306862,0.01251607220641569,0.01220857237620755,0.01251607219493716
0.07632497428783039,0.01258349433667574,0.012274338093536646,0.012583494328222583
0.07673614893618193,0.012651279617703936,0.012340458039660603,0.012651279611499661
0.07714953864707404,0.012719430004618613,0.012406934121866867,0.012719430000080382
0.07756515535339702,0.012787947463101601,0.012473768257701455,0.012787947459793416
0.07798301105232593,0.01285683396944383,0.012540962375024072,0.01285683396704066
0.07840311780566622,0.012926091510593428,0.012608518412063308,0.012926091508853805
0.07882548774020218,0.012995722084206175,0.012676438317472252,0.012995722082951348
0.07925013304804726,0.013065727698697828,0.012744724050384439,0.013065727697795937
0.0796770659869954,0.013136110373297724,0.012813377580469902,0.013136110372651845
0.08010629888087553,0.01320687213810384,0.012882400887991795,0.013206872137642996
0.08053784411990668,0.013278015034138646,0.01295179596386302,0.01327801503381104
0.08097171416105625,0.013349541113406,0.013021564809703444,0.013349541113173982
0.08140792152839905,0.013421452438948598,0.013091709437897168,0.0134214524387849
0.08184647881347903,0.013493751084906176,0.013162231871650257,0.01349375108479112
0.08228739867567304,0.01356643913657426,0.01323313414504877,0.013566439136493705
0.08273069384255563,0.013639518690463303,0.013304418303116954,0.013639518690407124
0.08317637711026717,0.013712991854358455,0.013376086401875978,0.013712991854319428
0.08362446134388248,0.013786860747379547,0.013448140508402722,0.013786860747352546
0.0840749594777829,0.013861127500041709,0.01352058270088912,0.013861127500023102
0.08452788451602908,0.013935794254316132,0.01359341506870162,0.013935794254303363
0.0849832495327366,0.014010863163691368,0.013666639712441055,0.01401086316368264
0.08544106767245359,0.014086336393234944,0.013740258744002887,0.014086336393229005
0.08590135215053961,0.014162216119655254,0.013814274286637594,0.014162216119651228
0.08636411625354774,0.014238504531363909,0.01388868847501158,0.014238504531361192
0.08682937333960764,0.014315203828538327,0.013963503455268245,0.0143152038285365
0.08729713683881121,0.01439231622318472,0.01403872138508944,0.014392316223183498
0.08776742025360072,0.014469843939201478,0.014114344433757347,0.014469843939200665
0.08824023715915782,0.014547789212442697,0.014190374782216438,0.014547789212442158
0.08871560120379617,0.014626154290782322,0.014266814623136063,0.014626154290781967
0.08919352610935469,0.014704941434178345,0.014343666160973101,0.014704941434178111
0.08967402567159434,0.014784152914737616,0.014420931612035148,0.014784152914737463
0.09015711376059579,0.014863791016780757,0.014498613204543893,0.014863791016780658
0.09064280432115998,0.014943858036907572,0.014576713178698887,0.014943858036907507
0.09113111137321098,0.015024356284062804,0.014655233786741727,0.015024356284062762
0.09162204901220002,0.0151052880796021,0.01473417729302038,0.015105288079602075
0.09211563140951311,0.015186655757358534,0.014813545974054087,0.015186655757358516
0.09261187281287937,0.01526846166370923,0.014893342118598376,0.01526846166370922
0.0931107875467831,0.015350708157642633,0.014973568027710656,0.015350708157642626
0.09361239001287651,0.015433397610825829,0.01505422601481591,0.015433397610825825
0.0941166946903958,0.01551653240767244,0.01513531840577292,0.015516532407672437
0.0946237161365794,0.015600114945410842,0.015216847538940825,0.01560011494541084
0.09513346898708744,0.01568414763415258,0.015298815765245851,0.01568414763415258
0.0956459679564251,0.01576863289696143,0.015381225448248695,0.01576863289696143
0.09616122783836659,0.01585357316992251,0.015464078964211939,0.01585357316992251
0.09667926350638249,0.015938970902211986,0.01554737870216805,0.015938970902211986
0.09720008991406948,0.016024828556167103,0.015631127063987702,0.016024828556167103
0.09772372209558111,0.01611114860735643,0.015715326464448294,0.01611114860735643
0.09825017516606278,0.01619793354465075,0.01579997933130312,0.01619793354465075
0.09877946432208712,0.016285185870293987,0.015885088105350557,0.016285185870293987
0.09931160484209345,0.01637290809997487,0.015970655240503968,0.01637290809997487
0.09984661208682821,0.016461102762898642,0.016056683203861662,0.016461102762898642
0.10038450149978857,0.016549772401859345,0.01614317447577742,0.016549772401859345
0.10092528860766854,0.016638919573312493,0.01623013154993138,0.016638919573312493
0.1014689890208066,0.01672854684744797,0.016317556933401152,0.01672854684744797
0.10201561843363645,0.01681865680826342,0.016405453146733424,0.01681865680826342
0.10256519262514079,0.016909252053638153,0.016493822724016057,0.016909252053638153
0.1031177274593056,0.017000335195407085,0.01658266821295021,0.017000335195407085
0.1036732388855788,0.017091908859435408,0.01667199217492319,0.017091908859435408
0.10423174293933057,0.017183975685693485,0.016761797185081532,0.017183975685693485
0.10479325574231588,0.01727653832833216,0.016852085832404433,0.01727653832833216
0.10535779350314076,0.017369599455758594,0.016942860719777752,0.017369599455758594
0.10592537251772897,0.01746316175071218,0.017034124464068105,0.01746316175071218
0.10649600916979315,0.01755722791034121,0.017125879696197582,0.01755722791034121
0.10706971993130761,0.017651800646279733,0.01721812906121881,0.017651800646279733
0.1076465213629835,0.017746882684724855,0.017310875218390302,0.017746882684724855
0.10822643011474783,0.017842476766514605,0.01740412084125244,0.017842476766514605
0.10880946292622273,0.017938585647205844,0.017497868617703506,0.017938585647205844
0.10939563662720952,0.018035212097152958,0.01759212125007641,0.018035212097152958
0.10998496813817432,0.018132358901586765,0.01768688145521569,0.018132358901586765
0.1105774744707362,0.018230028860693834,0.01778215196455491,0.018230028860693834
0.1111731727281592,0.01832822478969644,0.017877935524194623,0.01832822478969644
0.11177208010584468,0.018426949518932496,0.017974234894980394,0.018426949518932496
0.11237421389182851,0.018526205893936356,0.0180710528525816,0.018526205893936356
0.11297959146727976,0.018625996775519748,0.01816839218757039,0.018625996775519748
0.11358823030700324,0.018726325039853393,0.018266255705501323,0.018726325039853393
0.1142001479799426,0.018827193578548666,0.01836464622699101,0.018827193578548666
0.1148153621496884,0.018928605298740055,0.018463566587798613,0.018928605298740055
0.11543389057498774,0.01903056312316785,0.018563019638906438,0.01903056312316785
0.1160557511102566,0.019133069990261292,0.018663008246601134,0.019133069990261292
0.11668096170609629,0.01923612885422234,0.01876353529255535,0.01923612885422234
0.1173095404098101,0.019339742685109452,0.018864603673909502,0.019339742685109452
0.11794150536592521,0.019443914468922237,0.01896621630335437,0.019443914468922237
0.11857687481671621,0.019548647207686332,0.019068376109213872,0.019548647207686332
0.11921566710273147,0.019653943919538716,0.01917108603552832,0.019653943919538716
0.11985790066332354,0.01975980763881368,0.019274349042138286,0.01975980763881368
0.12050359403717986,0.01986624141612884,0.019378168104768504,0.01986624141612884
0.121152765862859,0.019973248318471967,0.0194825462151126,0.019973248318471967
0.12180543487932838,0.020080831429288144,0.01958748638091812,0.020080831429288144
0.1224616199265049,0.020188993848567288,0.019692991626071896,0.020188993848567288
0.12312133994579981,0.02029773869293237,0.019799064990686153,0.02029773869293237
0.12378461398066401,0.020407069095727714,0.019905709531184593,0.020407069095727714
0.12445146117713869,0.020516988207108098,0.020012928320389405,0.020516988207108098
0.12512190078440752,0.020627499194128117,0.020120724447608377,0.020627499194128117
0.12579595215535333,0.02073860524083226,0.02022910101872281,0.02073860524083226
0.12647363474711523,0.020850309548345002,0.02033806115627541,0.020850309548345002
0.12715496812165117,0.020962615334961802,0.02044760799955906,0.020962615334961802
0.12783997194630256,0.02107552583624038,0.020557744704705883,0.02107552583624038
0.12852866599436155,0.021189044305092435,0.02066847444477671,0.021189044305092435
0.12922107014564288,0.02130317401187605,0.020779800409851244,0.02130317401187605
0.12991720438705628,0.02141791824448819,0.0208917258071183,0.02141791824448819
0.13061708881318432,0.02153328030845805,0.02100425386096687,0.02153328030845805
0.13132074362686222,0.021649263527040705,0.02111738781307752,0.021649263527040705
0.13202818913976086,0.021765871241311234,0.021231130922514184,0.021765871241311234
0.132739445772974,0.021883106810259553,0.02134548646581668,0.021883106810259553
0.13345453405760638,0.022000973610885297,0.02146045773709335,0.022000973610885297
0.1341734746353671,0.022119475038293594,0.02157604804811442,0.022119475038293594
0.1348962882591656,0.0222386145057912,0.02169226072840584,0.0222386145057912
0.1356229957937101,0.022358395444983026,0.021809099125343432,0.022358395444983026
0.13635361821611117,0.022478821305869475,0.021926566604247893,0.022478821305869475
0.1370881766164855,0.022599895556943743,0.02204466654847968,0.022599895556943743
0.13782669219856591,0.022721621685290155,0.022163402359535,0.022721621685290155
0.13856918628031273,0.022844003196682682,0.022282777457141894,0.022844003196682682
0.13931568029453034,0.022967043615684246,0.022402795279357138,0.022967043615684246
0.1400661957894842,0.023090746485746102,0.0225234592826632,0.023090746485746102
0.14082075442952394,0.02321511536930814,0.02264477294206612,0.02321511536930814
0.14157937799570838,0.02334015384789953,0.02276673975119367,0.02334015384789953
0.14234208838643414,0.023465865522239827,0.022889363222394033,0.023465865522239827
0.1431089076180688,0.023592254012340896,0.02301264688683523,0.023592254012340896
0.14387985782558466,0.023719322957608785,0.023136594294604525,0.023719322957608785
0.1446549612631989,0.023847076016946703,0.02326120901480889,0.023847076016946703
0.14543424030501576,0.02397551686885822,0.02338649463567569,0.02397551686885822
0.14621771744567183,0.024104649211550998,0.023512454764653908,0.024104649211550998
0.1470054153009869,0.02423447676304132,0.023639093028516127,0.02423447676304132
0.1477973566086148,0.024365003261258664,0.023766413073460543,0.024365003261258664
0.1485935642287009,0.024496232464151255,0.023894418565213973,0.024496232464151255
0.1493940611445419,0.02462816814979197,0.024023113189135196,0.02462816814979197
0.15019887046324873,0.024760814116484727,0.024152500650318705,0.024760814116484727
0.15100801541641493,0.024894174182871733,0.024282584673699408,0.024894174182871733
0.15182151936078536,0.025028252188040695,0.024413369004157193,0.025028252188040695
0.15263940577893165,0.025163051991633125,0.024544857406622628,0.025163051991633125
0.15346169827992942,0.02529857747395291,0.024677053666182874,0.02529857747395291
0.15428842060004103,0.02543483253607568,0.02480996158818841,0.02543483253607568
0.15511959660339888,0.025571821099958293,0.024943584998359844,0.025571821099958293
0.15595525028269555,0.02570954710854931,0.025077927742895738,0.02570954710854931
0.156795405759876,0.02584801452589985,0.025212993688580716,0.02584801452589985
0.1576400872868336,0.025987227337274932,0.025348786722894163,0.025987227337274932
0.1584893192461114,0.02612718954926569,0.025485310754119663,0.02612718954926569
0.1593431261516042,0.026267905189901637,0.025622569711454577,0.026267905189901637
0.1602015326492672,0.02640937830876396,0.025760567545120596,0.02640937830876396
0.1610645635178273,0.026551612977099216,0.02589930822647461,0.026551612977099216
0.16193224366949802,0.026694613287933506,0.026038795748120194,0.026694613287933506
0.16280459815069975,0.026838383356187566,0.02617903412401987,0.026838383356187566
0.16368165214278102,0.026982927318791858,0.026320027389607394,0.026982927318791858
0.16456343096274653,0.0271282493348028,0.026461779601901193,0.0271282493348028
0.16544996006398768,0.027274353585519304,0.02660429483961805,0.027274353585519304
0.166341265037017,0.02742124427459988,0.026747577203287423,0.02742124427459988
0.167237371610208,0.027568925628180634,0.02689163081536651,0.027568925628180634
0.16813830565053617,0.027717401894993308,0.027036459820355477,0.027717401894993308
0.16904409316432667,0.02786667734648441,0.027182068384913678,0.02786667734648441
0.16995476029800455,0.028016756276934684,0.02732846069797627,0.028016756276934684
0.17087033333885074,0.02816764300357946,0.027475640970871577,0.02816764300357946
0.17179083871575893,0.02831934186672906,0.027623613437438646,0.02831934186672906
0.17271630299999974,0.028471857229890388,0.027772382354145853,0.028471857229890388
0.17364675290598733,0.02862519347988877,0.02792195200020983,0.02862519347988877
0.17458221529205037,0.028779355026990545,0.028072326677715028,0.028779355026990545
0.1755227171612086,0.02893434630502638,0.028223510711734123,0.02893434630502638
0.17646828566195016,0.02909017177151475,0.028375508450448436,0.02909017177151475
0.1774189480890168,0.029246835907786563,0.028528324265269613,0.029246835907786563
0.17837473188419128,0.02940434321911013,0.02868196255096148,0.02940434321911013
0.17933566463708925,0.029562698234816717,0.028836427725762663,0.029562698234816717
0.180301774085957,0.029721905508427054,0.02899172423150995,0.029721905508427054
0.18127308811847004,0.02988196961777788,0.02914785653376184,0.02988196961777788
0.1822496347725396,0.03004289516514966,0.029304829121923132,0.03004289516514966
0.18323144223712148,0.030204686777394716,0.02946264650936997,0.030204686777394716
0.18421853885302947,0.0303673491060659,0.0296213132335754,0.0303673491060659
0.1852109531137549,0.030530886827546275,0.02978083385623595,0.030530886827546275
0.18620871366628694,0.03069530464317879,0.02994121296339813,0.03069530464317879
0.1872118493119409,0.030860607279397226,0.030102455165586222,0.030860607279397226
0.188220389007189,0.031026799487857373,0.030264565097930348,0.031026799487857373
0.1892343618644976,0.031193886045569316,0.03042754742029546,0.031193886045569316
0.19025379715316543,0.03136187175502963,0.03059140681741042,0.03136187175502963
0.1912787243001699,0.03153076144435494,0.03075614799899832,0.03153076144435494
0.19230917289101615,0.03170055996741577,0.0309217756999071,0.03170055996741577
0.1933451726705907,0.031871272203971075,0.03108829468024082,0.031871272203971075
0.19438675354402168,0.03204290305980375,0.0312557097254919,0.03204290305980375
0.19543394557753963,0.0322154574668561,0.03142402564667338,0.0322154574668561
0.196486778999347,0.03238894038336672,0.031593247280452416,0.03238894038336672
0.19754528420049036,0.03256335679400763,0.031763379489284156,0.03256335679400763
0.19860949173573716,0.0327387117100221,0.031934427161546236,0.0327387117100221
0.19967943232445948,0.0329150101693635,0.03210639521167428,0.0329150101693635
0.20075513685151825,0.033092257236834115,0.032279288580297404,0.033092257236834115
0.20183663636815638,0.033270458004225366,0.03245311223437501,0.033270458004225366
0.20292396209289473,0.03344961759045828,0.03262787116733389,0.03344961759045828
0.20401714541243288,0.03362974114172475,0.032803570399206096,0.03362974114172475
0.20511621788255668,0.033810833831629694,0.03298021497676769,0.033810833831629694
0.2062212112290467,0.033992900861333324,0.03315780997367757,0.033992900861333324
0.20733215734859584,0.03417594745969477,0.03333636049061761,0.03417594745969477
0.20844908830972886,0.03435997888341584,0.03351587165543306,0.03435997888341584
0.2095720363537302,0.03454500041718617,0.03369634862327406,0.03454500041718617
0.21070103389557174,0.03473101737382803,0.03387779657673711,0.03473101737382803
0.21183611352485043,0.03491803509444281,0.03406022072600796,0.03491803509444281
0.21297730800672848,0.0351060589485577,0.034243626309004765,0.0351060589485577
0.21412465028287875,0.035295094334273094,0.03442801859152199,0.035295094334273094
0.21527817347243738,0.03548514667841113,0.03461340286737532,0.03548514667841113
0.2164379108729572,0.03567622143666407,0.03479978445854654,0.03567622143666407
0.21760389596137064,0.03586832409374428,0.034987168715329885,0.03586832409374428
0.21877616239495562,0.03606146016353441,0.03517556101647863,0.03606146016353441
0.21995474401230672,0.03625563518923841,0.035364966769352454,0.03625563518923841
0.2211396748343136,0.0364508547435335,0.0355553914100658,0.0364508547435335
0.22233098906514054,0.03664712442872225,0.03574684040363628,0.03664712442872225
0.22352872109321545,0.036844449876885975,0.03593931924413449,0.036844449876885975
0.22473290549222213,0.03704283675003867,0.03613283345483406,0.03704283675003867
0.2259435770220978,0.03724229074028148,0.036327388588362604,0.03724229074028148
0.2271607706300383,0.03744281756995834,0.03652299022685359,0.03744281756995834
0.22838452145150415,0.037644422991811664,0.03671964398209824,0.037644422991811664
0.22961486481123655,0.03784711278913939,0.036917355495698884,0.03784711278913939
0.23085183622427619,0.03805089277595239,0.037116130439222586,0.03805089277595239
0.23209547139699027,0.038255768797133057,0.03731597451435591,0.038255768797133057
0.23334580622810044,0.03846174672859384,0.03751689345305969,0.03846174672859384
0.23460287680972086,0.03866883247743729,0.03771889301772528,0.03866883247743729
0.2358667194283996,0.03887703198211649,0.0379219790013311,0.03887703198211649
0.23713737056616552,0.03908635121259618,0.03812615722759992,0.03908635121259618
0.23841486690158348,0.03929679617051506,0.03833143355115731,0.03929679617051506
0.23969924531081,0.03950837288934803,0.03853781385769,0.03950837288934803
0.24099054286865979,0.03972108743456998,0.03874530406410575,0.03972108743456998
0.24228879684967541,0.03993494590381991,0.038953910118693584,0.03993494590381991
0.2435940447292027,0.04014995442706581,0.03916363800128471,0.04014995442706581
0.24490632418447467,0.04036611916677078,0.03937449372341466,0.04036611916677078
0.24622567309569596,0.04058344631805891,0.0395864833284853,0.04058344631805891
0.24755212954713834,0.04080194210888293,0.03979961289192839,0.04080194210888293
0.24888573182823953,0.04102161280019207,0.04001388852136952,0.04102161280019207
0.25022651843470806,0.041242464686100794,0.04022931635679277,0.041242464686100794
0.25157452806963626,0.041464504094058566,0.040445902570706495,0.041464504094058566
0.2529297996446147,0.041687737385019706,0.040663653368309086,0.041687737385019706
0.2542923722808574,0.041912170953614776,0.04088257498765634,0.041912170953614776
0.25566228531032975,0.04213781122832217,0.04110267369982889,0.04213781122832217
0.25703957827688645,0.042364664671641114,0.041323955809101205,0.042364664671641114
0.25842429093740943,0.04259273778026446,0.04154642765311018,0.04259273778026446
0.2598164632629578,0.04282203708525322,0.04177009560302557,0.04282203708525322
0.26121613543992106,0.04305256915221131,0.04199496606372061,0.04305256915221131
0.2626233478711785,0.043284340581461245,0.04222104547394347,0.043284340581461245
0.2640381411772678,0.043517358008220854,0.04244834030648991,0.043517358008220854
0.26546055619755415,0.043751628102780084,0.042676857068375734,0.043751628102780084
0.2668906339914115,0.043987157570679315,0.04290660230101101,0.043987157570679315
0.2683284158394069,0.04422395315288809,0.043137582580374506,0.04422395315288809
0.26977394324449205,0.04446202162598465,0.043369804517188956,0.04446202162598465
0.27122725793320296,0.0447013698023366,0.043603274757097556,0.0447013698023366
0.27268840185686155,0.04494200453028156,0.04383799998084024,0.04494200453028156
0.27415741719278863,0.04518393269430953,0.04407398690443172,0.04518393269430953
0.27563434634552086,0.045427161215245405,0.04431124227933983,0.045427161215245405
0.27711923194803434,0.04567169705043253,0.04454977289266459,0.04567169705043253
0.2786121168629772,0.04591754719391731,0.04478958556731854,0.04591754719391731
0.280113044183904,0.046164718676633784,0.04503068716220696,0.046164718676633784
0.28162205723652134,0.046413218566589906,0.04527308457240975,0.046413218566589906
0.2831391995799379,0.04666305396905402,0.04551678472936347,0.04666305396905402
0.2846645150079236,0.046914232026742754,0.04576179460104486,0.046914232026742754
0.28619804755017086,0.04716675992000872,0.046008121192154125,0.04716675992000872
0.28773984147356724,0.04742064486702993,0.04625577154429987,0.04742064486702993
0.2892899412834733,0.04767589412399969,0.0465047527361845,0.04767589412399969
0.2908483917250061,0.04793251498531703,0.04675507188379023,0.04793251498531703
0.2924152377843337,0.048190514783778664,0.04700673614056654,0.048190514783778664
0.2939905246899698,0.04844990089077064,0.04725975269761726,0.04844990089077064
0.29557429791408185,0.04871068071646182,0.04751412878388953,0.04871068071646182
0.2971666031738031,0.048972861709997595,0.04776987166636309,0.048972861709997595
0.2987674864325515,0.049236451359694525,0.048026988650240125,0.049236451359694525
0.300376993901359,0.04950145719323614,0.04828548707913673,0.04950145719323614
0.30199517204020193,0.04976788677786867,0.04854537433527385,0.04976788677786867
0.3036220675593442,0.05003574772059848,0.04880665783967026,0.05003574772059848
0.30525772742068547,0.05030504766838985,0.04906934505233561,0.05030504766838985
0.3069021988391158,0.05057579430836353,0.04933344347246438,0.05057579430836353
0.3085555292838813,0.050847995367996675,0.04959896063863114,0.050847995367996675
0.3102177664799505,0.05112165861532247,0.04986590412898552,0.05112165861532247
0.3118889584093942,0.05139679185913157,0.05013428156144899,0.05139679185913157
0.3135691533127698,0.051673402949173865,0.05040410059391184,0.051673402949173865
0.3152583996905161,0.05195149977636155,0.05067536892443155,0.05195149977636155
0.31695674630434933,0.05223109027297191,0.050948094291430934,0.05223109027297191
0.3186642421786735,0.052512182412852125,0.05122228447389804,0.052512182412852125
0.32038093660199474,0.05279478421162416,0.05149794729158638,0.05279478421162416
0.32210687912834346,0.053078903726890565,0.051775090605215957,0.053078903726890565
0.3238421195787075,0.05336454905844161,0.052053722316675516,0.05336454905844161
0.3255867080424661,0.05365172834846207,0.05233385036922455,0.05365172834846207
0.3273406948788386,0.053940449781739945,0.05261548274769728,0.053940449781739945
0.3291041307183374,0.054230721585875455,0.05289862747870663,0.054230721585875455
0.3308770664642287,0.05452255203149072,0.05318329263084926,0.05452255203149072
0.3326595532940047,0.054815949432440926,0.05346948631491169,0.054815949432440926
0.3344516426608567,0.055110922146025074,0.05375721668407623,0.055110922146025074
0.33625338629516316,0.05540747857319868,0.0540464919341288,0.05540747857319868
0.3380648362059822,0.055705627158786686,0.05433732030366687,0.055705627158786686
0.33988604468255235,0.05600537639169722,0.054629710074308314,0.05600537639169722
0.3417170642958044,0.05630673480513653,0.054923669570901466,0.05630673480513653
0.343557947899875,0.056609710976823824,0.05521920716173489,0.056609710976823824
0.34540874863363513,0.05691431352920786,0.05551633125874905,0.05691431352920786
0.3472695199222224,0.05722055112968365,0.055815050317748055,0.05722055112968365
0.34914031547858626,0.05752843249081068,0.05611537283861286,0.05752843249081068
0.35102118930503406,0.05783796637053076,0.05641730736551407,0.05783796637053076
0.352912195694793,0.05814916157238777,0.056720862487126655,0.05814916157238777
0.354813389233576,0.05846202694574747,0.057026046836844896,0.05846202694574747
0.35672482480115764,0.0587765713860185,0.05733286909299803,0.0587765713860185
0.3586465575729602,0.0590928038348742,0.057641337979067266,0.0590928038348742
0.3605786430216427,0.05941073328047441,0.05795146226390236,0.05941073328047441
0.3625211369187048,0.059730368757689015,0.05826325076194015,0.059730368757689015
0.364474095336096,0.060051719348321764,0.058576712333423264,0.060051719348321764
0.36643757464783333,0.060374794181334755,0.05889185588461941,0.060374794181334755
0.368411631531632,0.06069960243307436,0.059208690368042244,0.06069960243307436
0.37039632297053654,0.06102615332749663,0.05952722478267168,0.06102615332749663
0.372391706254569,0.06135445613639468,0.05984746817417608,0.06135445613639468
0.3743978389823818,0.061684520179626265,0.060169429635134525,0.061684520179626265
0.3764147790629195,0.06201635482534194,0.060493118305260114,0.06201635482534194
0.3784425847170936,0.06234996949021479,0.060818543371624234,0.06234996949021479
0.38048131447945843,0.06268537363966943,0.0611457140688805,0.06268537363966943
0.3825310271999041,0.06302257678811317,0.06147463967949068,0.06302257678811317
0.38459178204535355,0.06336158849916702,0.061805329533950494,0.06336158849916702
0.3866636385014734,0.06370241838589821,0.0621377930110169,0.06370241838589821
0.38874665637438677,0.06404507611105222,0.062472039537934884,0.06404507611105222
0.3908408957924025,0.06438957138728668,0.06280807859066614,0.06438957138728668
0.39294641720775003,0.0647359139774054,0.06314591969411786,0.0647359139774054
0.39506328139832375,0.06508411369459312,0.06348557242237211,0.06508411369459312
0.3971915494694405,0.0654341804026515,0.06382704639891673,0.0654341804026515
0.3993312828555987,0.06578612401623472,0.06417035129687548,0.06578612401623472
0.40148254332225486,0.06613995450108673,0.06451549683924011,0.06613995450108673
0.40364539296760565,0.0664956818742788,0.0648624927991026,0.0664956818742788
0.4058198942243799,0.06685331620444772,0.06521134899988794,0.06685331620444772
0.4080061098616436,0.0672128676120351,0.06556207531558836,0.0672128676120351
0.41020410298660726,0.06757434626952628,0.0659146816709967,0.06757434626952628
0.4124139370464506,0.06793776240169107,0.06626917804194186,0.06793776240169107
0.41463567583015326,0.06830312628582448,0.06662557445552426,0.06830312628582448
0.4168693834703355,0.0686704482519881,0.06698388099035192,0.0686704482519881
0.41911512444511245,0.06903973868325285,0.06734410777677773,0.06903973868325285
0.4213729635799504,0.0694110080159408,0.06770626499713601,0.0694110080159408
0.42364296604954177,0.06978426673986929,0.0680703628859813,0.06978426673986929
0.4259251973796841,0.07015952539859453,0.0684364117303265,0.07015952539859453
0.4282197234491755,0.07053679458965677,0.06880442186988274,0.07053679458965677
0.430526610491711,0.07091608496482465,0.06917440369729841,0.07091608496482465
0.43284592509779757,0.0712974072303416,0.06954636765840007,0.0712974072303416
0.435177734216676,0.07168077214717195,0.06992032425243326,0.07168077214717195
0.4375221051582521,0.07206619053124767,0.07029628403230391,0.07206619053124767
0.43987910559504345,0.0724536732537166,0.07067425760482102,0.0724536732537166
0.4422488035641276,0.07284323124118942,0.07105425563093844,0.07284323124118942
0.4446312674691093,0.07323487547598882,0.07143628882599849,0.07323487547598882
0.4470265660820942,0.07362861699639844,0.07182036795997566,0.07362861699639844
0.4494347685456734,0.07402446689691233,0.07220650385772062,0.07402446689691233
0.4518559443749226,0.07442243632848566,0.07259470739920544,0.07442243632848566
0.45429016345940354,0.07482253649878431,0.07298498951976802,0.07482253649878431
0.4567374960651848,0.07522477867243674,0.07337736121035826,0.07522477867243674
0.45919801283686945,0.07562917417128517,0.07377183351778424,0.07562917417128517
0.46167178479963317,0.07603573437463762,0.07416841754495855,0.07603573437463762
0.4641588833612782,0.07644447071952086,0.07456712445114595,0.07644447071952086
0.46665938031428916,0.07685539470093249,0.07496796545221018,0.07685539470093249
0.46917334783790887,0.07726851787209477,0.0753709518208623,0.07726851787209477
0.4717008585002203,0.07768385184470813,0.07577609488690883,0.07768385184470813
0.4742419852602448,0.07810140828920593,0.07618340603750116,0.07810140828920593
0.4767968014700428,0.07852119893500797,0.07659289671738372,0.07852119893500797
0.47936538087683445,0.07894323557077605,0.07700457842914413,0.07894323557077605
0.4819477976251281,0.07936753004466907,0.07741846273346303,0.07936753004466907
0.4845441262588592,0.07979409426459844,0.07783456124936405,0.07979409426459844
0.4871544417235458,0.08022294019848462,0.07825288565446505,0.08022294019848462
0.48977881936844664,0.08065407987451248,0.07867344768522812,0.08065407987451248
0.49241733494873957,0.08108752538138837,0.07909625913721136,0.08108752538138837
0.49507006462770753,0.08152328886859679,0.0795213318653202,0.08152328886859679
0.49773708497893604,0.08196138254665737,0.07994867778405916,0.08196138254665737
0.5004184729885277,0.08240181868738274,0.08037830886778431,0.08240181868738274
0.5031143060573182,0.08284460962413523,0.0808102371509547,0.08284460962413523
0.5058246620031148,0.08328976775208517,0.08124447472838546,0.08328976775208517
0.5085496190629415,0.08373730552846884,0.08168103375550041,0.08373730552846884
0.5112892558952964,0.08418723547284633,0.0821199264485847,0.08418723547284633
0.5140436515824264,0.08463957016736055,0.08256116508503863,0.08463957016736055
0.5168128856326041,0.08509432225699474,0.08300476200362987,0.08509432225699474
0.5195970379824262,0.08555150444983162,0.08345072960474738,0.08555150444983162
0.5223961889991198,0.0860111295173118,0.08389908035065477,0.0860111295173118
0.5252104194828657,0.08647321029449316,0.08434982676574435,0.08647321029449316
0.5280398106691254,0.08693775968030877,0.08480298143678991,0.08693775968030877
0.530884444230989,0.08740479063782625,0.08525855701320113,0.08740479063782625
0.5337444022815327,0.08787431619450664,0.08571656620727706,0.08787431619450664
0.5366197673761879,0.08834634944246303,0.08617702179445981,0.08834634944246303
0.5395106225151278,0.08882090353872012,0.08663993661358907,0.08882090353872012
0.542417051145658,0.089297991705472,0.0871053235671547,0.089297991705472
0.5453391371646285,0.08977762723034156,0.08757319562155119,0.08977762723034156
0.5482769649208548,0.09025982346663895,0.0880435658073311,0.09025982346663895
0.5512306192175518,0.09074459383361995,0.08851644721945838,0.09074459383361995
0.5542001853147862,0.09123195181674505,0.08899185301756268,0.09123195181674505
0.5571857489319304,0.09172191096793658,0.08946979642619125,0.09172191096793658
0.5601873962501419,0.09221448490583739,0.08995029073506304,0.09221448490583739
0.5632052139148495,0.09270968731606857,0.09043334929932126,0.09270968731606857
0.5662392890382535,0.09320753195148669,0.0909189855397859,0.09320753195148669
0.5692897092018447,0.09370803263244185,0.091407212943207,0.09370803263244185
0.5723565624589259,0.09421120324703346,0.09189804506251564,0.09421120324703346
0.5754399373371578,0.09471705775136777,0.09239149551707655,0.09471705775136777
0.5785399228411127,0.09522561016981355,0.09288757799293937,0.09522561016981355
0.5816566084548477,0.09573687459525887,0.0933863062430903,0.09573687459525887
0.5847900841444812,0.09625086518936525,0.09388769408770221,0.09625086518936525
0.5879404403607946,0.09676759618282356,0.09439175541438534,0.09676759618282356
0.5911077680418416,0.09728708187560825,0.09489850417843729,0.09728708187560825
0.5942921586155727,0.09780933663723115,0.09540795440309222,0.09780933663723115
0.5974937040024783,0.09833437490699562,0.09592012017977049,0.09833437490699562
0.6007124966182356,0.09886221119424832,0.096435015668326,0.09886221119424832
0.6039486293763806,0.09939286007863214,0.09695265509729463,0.09939286007863214
0.6072021956909897,0.09992633621033765,0.09747305276414149,0.09992633621033765
0.6104732894793735,0.10046265431035362,0.09799622303550694,0.10046265431035362
0.6137620051647945,0.10100182917071818,0.09852218034745362,0.10100182917071818
0.6170684376791841,0.10154387565476686,0.09905093920571025,0.10154387565476686
0.620392682465888,0.10208880869738192,0.0995825141859167,0.10208880869738192
0.6237348354824204,0.10263664330524008,0.10011691993386769,0.10263664330524008
0.6270949932032326,0.10318739455705901,0.10065417116575529,0.10318739455705901
0.6304732526225026,0.1037410776038442,0.10119428266841146,0.1037410776038442
0.6338697112569277,0.10429770766913256,0.1017372692995482,0.10429770766913256
0.6372844671485437,0.10485730004923739,0.10228314598799806,0.10485730004923739
0.6407176188675537,0.10541987011349081,0.10283192773395326,0.10541987011349081
0.6441692655151775,0.10598543330448636,0.10338362960920415,0.10598543330448636
0.6476395067265048,0.10655400513831863,0.10393826675737519,0.10655400513831863
0.6511284426733769,0.10712560120482341,0.10449585439416173,0.10712560120482341
0.654636174067276,0.107700237167816,0.10505640780756426,0.107700237167816
0.6581628021622321,0.10827792876532788,0.10561994235812196,0.10827792876532788
0.6617084287577504,0.10885869180984332,0.10618647347914571,0.10885869180984332
0.665273156201742,0.1094425421885325,0.10675601667694784,0.1094425421885325
0.6688570873934836,0.1100294958634852,0.1073285875310725,0.1100294958634852
0.6724603257865865,0.11061956887194209,0.10790420169452376,0.11061956887194209
0.6760829753919819,0.11121277732652453,0.10848287489399232,0.11121277732652453
0.6797251407809278,0.11180913741546372,0.10906462293008137,0.11180913741546372
0.6833869270880202,0.11240866540282622,0.10964946167752936,0.11240866540282622
0.6870684400142332,0.11301137762873985,0.11023740708543289,0.11301137762873985
0.6907697858299683,0.11361729050961684,0.11082847517746698,0.11361729050961684
0.6944910713781214,0.11422642053837519,0.11142268205210375,0.11422642053837519
0.6982324040771719,0.11483878428465923,0.11202004388283035,0.11483878428465923
0.7019938919242751,0.11545439839505602,0.1126205769183628,0.11545439839505602
0.7057756434983857,0.11607327959331232,0.1132242974828604,0.11607327959331232
0.7095777679633888,0.1166954446805477,0.11383122197613652,0.1166954446805477
0.7134003750712564,0.11732091053546734,0.11444136687386919,0.11732091053546734
0.7172435751652081,0.11794969411457017,0.11505474872780697,0.11794969411457017
0.7211074791829005,0.11858181245235719,0.11567138416597525,0.11858181245235719
0.7249921986596293,0.11921728266153635,0.11629128989287911,0.11921728266153635
0.7288978457315467,0.11985612193322505,0.11691448268970402,0.11985612193322505
0.7328245331389044,0.12049834753715137,0.11754097941451523,0.12049834753715137
0.7367723742292994,0.12114397682185069,0.11817079700245282,0.12114397682185069
0.7407414829609512,0.12179302721486167,0.11880395246592618,0.12179302721486167
0.7447319739059903,0.12244551622291902,0.11944046289480516,0.12244551622291902
0.7487439622537639,0.123101461432143,0.12008034545660856,0.123101461432143
0.7527775638141667,0.12376088050822774,0.12072361739669107,0.12376088050822774
0.7568328950209752,0.12442379119662426,0.12137029603842533,0.12442379119662426
0.7609100729352141,0.1250902113227227,0.12202039878338315,0.1250902113227227
0.7650092152485346,0.12576015879203073,0.12267394311151332,0.12576015879203073
0.7691304402866098,0.1264336515903487,0.12333094658131578,0.1264336515903487
0.7732738670125564,0.1271107077839428,0.1239914268300146,0.1271107077839428
0.7774396150303594,0.12779134551971258,0.12465540157372493,0.12779134551971258
0.7816278045883308,0.1284755830253578,0.1253228886076195,0.1284755830253578
0.785838556582578,0.12916343860954005,0.12599390580609035,0.12916343860954005
0.7900719925604989,0.12985493066204257,0.12666847112290872,0.12985493066204257
0.7943282347242822,0.13055007765392407,0.12734660259137875,0.13055007765392407
0.79860740593444,0.13124889813767115,0.1280283183244906,0.13124889813767115
0.802909629713354,0.13195141074734604,0.12871363651506842,0.13195141074734604
0.8072350302488382,0.13265763419872997,0.12940257543591466,0.13265763419872997
0.8115837323977311,0.1333675872894645,0.13009515343995195,0.1333675872894645
0.8159558616894896,0.1340812888991858,0.13079138896035863,0.1340812888991858
0.8203515443298194,0.13479875798965746,0.13149130051070249,0.13479875798965746
0.8247709072043158,0.13552001360489785,0.13219490668506967,0.13552001360489785
0.8292140778821253,0.13624507487130308,0.132902226158189,0.13624507487130308
0.8336811846196348,0.13697396099776693,0.13361327768555373,0.13697396099776693
0.8381723563641631,0.13770669127579335,0.13432808010353575,0.13770669127579335
0.8426877227576902,0.13844328507960726,0.13504665232949875,0.13844328507960726
0.8472274141405981,0.13918376186625903,0.13576901336190458,0.13918376186625903
0.8517915615554309,0.1399281411757242,0.13649518228041588,0.1399281411757242
0.8563802967506852,0.1406764426309996,0.13722517824599437,0.1406764426309996
0.8609937521846016,0.1414286859381915,0.13795902050099226,0.1414286859381915
0.8656320610289965,0.1421848908866015,0.13869672836924093,0.1421848908866015
0.8702953571731016,0.14294507734880518,0.1394383212561332,0.14294507734880518
0.8749837752274364,0.14370926528072722,0.14018381864870147,0.14370926528072722
0.8796974505276832,0.14447747472170802,0.14093324011568845,0.14447747472170802
0.8844365191386008,0.14524972579456744,0.1416866053076148,0.14524972579456744
0.88920111785795,0.1460260387056613,0.14244393395683966,0.1460260387056613
0.8939913842204409,0.1468064337449321,0.1432052458776157,0.1468064337449321
0.8988074565017103,0.14759093128595474,0.14397056096613983,0.14759093128595474
0.9036494737223023,0.14837955178597353,0.14473989920059477,0.14837955178597353
0.908517575651688,0.1491723157859355,0.14551328064118763,0.1491723157859355
0.9134119028122989,0.1499692439105159,0.14629072543018073,0.1499692439105159
0.918332596483581,0.15077035686813697,0.1470722537919163,0.15077035686813697
0.9232797987060806,0.1515756754509815,0.14785788603283534,0.1515756754509815
0.9282536522855329,0.15238522053499667,0.1486476425414883,0.15238522053499667
0.9332543007969925,0.15319901307989334,0.1494415437885404,0.15319901307989334
0.9382818885889745,0.15401707412913718,0.15023961032676958,0.15401707412913718
0.9433365607876214,0.15483942480993224,0.1510418627910571,0.15483942480993224
0.9484184633008979,0.15566608633319828,0.15184832189837225,0.15566608633319828
0.9535277428227924,0.15649707999353787,0.15265900844774677,0.15649707999353787
0.958664546837559,0.15733242716919835,0.153473943320245,0.15733242716919835
0.9638290236239705,0.15817214932202409,0.15429314747892417,0.15817214932202409
0.9690213222596068,0.1590162679974025,0.15511664196878885,0.1590162679974025
0.9742415926251463,0.1598648048241986,0.15594444791673445,0.1598648048241986
0.9794899854087001,0.16071778151468408,0.1567765865314854,0.16071778151468408
0.9847666521101598,0.16157521986445633,0.15761307910352362,0.16157521986445633
0.9900717450455689,0.16243714175234866,0.15845394700500856,0.16243714175234866
0.9954054173515274,0.16330356914033292,0.1592992116896898,0.16330356914033292
1.0007678229896002,0.16417452407340974,0.160148894692808,0.16417452407340974
1.0061591167507693,0.1650500286794929,0.16100301763098993,0.1650500286794929
1.0115794542599004,0.16593010516928208,0.1618616022021326,0.16593010516928208
1.0170289919802322,0.16681477583612614,0.16272467018527792,0.16681477583612614
1.0225078872179023,0.16770406305587832,0.16359224344047976,0.16770406305587832
1.0280162981264747,0.16859798928673725,0.16446434390865766,0.16859798928673725
1.0335543837115135,0.1694965770690818,0.1653409936114438,0.1694965770690818
1.0391223038351711,0.17039984902529318,0.1662222146510187,0.17039984902529318
1.0447202192208003,0.1713078278595663,0.1671080292099358,0.1713078278595663
1.0503482914576021,0.17222053635771234,0.16799845955093795,0.17222053635771234
1.0560066830052777,0.17313799738694602,0.168893528016759,0.17313799738694602
1.0616955571987263,0.17406023389566555,0.16979325702991843,0.17406023389566555
1.0674150782527558,0.17498726891321847,0.17069766909250247,0.17498726891321847
1.0731654112668316,0.17591912554965805,0.17160678678593605,0.17591912554965805
1.0789467222298297,0.176855826995484,0.17252063277073926,0.176855826995484
1.0847591780248358,0.17779739652137416,0.17343922978627616,0.17779739652137416
1.0906029464339617,0.17874385747790247,0.17436260065048884,0.17874385747790247
1.096478196143185,0.17969523329524364,0.1752907682596203,0.17969523329524364
1.1023850967472288,0.1806515474828669,0.17622375558792572,0.1806515474828669
1.108323818754442,0.18161282362921283,0.1771615856873674,0.18161282362921283
1.1142945335917316,0.18257908540136017,0.17810428168730114,0.18257908540136017
1.120297413609508,0.18355035654467738,0.17905186679414634,0.18355035654467738
1.1263326320866585,0.18452666088245995,0.18000436429104386,0.18452666088245995
1.1324003632355577,0.18550802231555508,0.18096179753750086,0.18550802231555508
1.1385007822070827,0.1864944648219688,0.1819241899690186,0.1864944648219688
1.1446340650956783,0.1874860124564612,0.18289156509670948,0.1874860124564612
1.150800388944438,0.18848268935012538,0.18386394650689783,0.18848268935012538
1.1569999317502115,0.18948451970995045,0.18484135786070552,0.18948451970995045
1.163232872468753,0.19049152781837123,0.18582382289362478,0.19049152781837123
1.1694993910198723,0.19150373803279824,0.18681136541507176,0.19150373803279824
1.175799668292638,0.19252117478513472,0.18780400930792818,0.19252117478513472
1.182133886150594,0.1935438625812756,0.18880177852806468,0.1935438625812756
1.188502227437019,0.1945718260005912,0.1898046971038506,0.1945718260005912
1.19490487598019,0.19560508969539078,0.19081278913564298,0.19560508969539078
1.2013420165986983,0.1966436783903717,0.19182607879526306,0.1966436783903717
1.2078138351067822,0.19768761688204942,0.19284459032545334,0.19768761688204942
1.214320518319688,0.19873693003816933,0.19386834803931716,0.19873693003816933
1.220862254059072,0.19979164279710188,0.19489737631974316,0.19979164279710188
1.2274392311584084,0.20085178016721547,0.19593169961880688,0.20085178016721547
1.23405163946845,0.20191736722623405,0.19697134245715878,0.20191736722623405
1.2406996698627044,0.202988429120573,0.19801632942339054,0.202988429120573
1.2473835142429432,0.2040649910646558,0.1990666851733835,0.2040649910646558
1.2541033655447502,0.2051470783402125,0.20012243442963878,0.2051470783402125
1.260859417743076,0.20623471629555326,0.20118360198058405,0.20623471629555326
1.2676518658578475,0.2073279303448256,0.20225021267986423,0.2073279303448256
1.2744809059595943,0.20842674596724833,0.20332229144560993,0.20842674596724833
1.2813467351751064,0.20953118870632384,0.2043998632596844,0.20953118870632384
1.288249551693135,0.2106412841690305,0.2054829531669124,0.2106412841690305
1.2951895547700967,0.21175705802498868,0.20657158627428235,0.21175705802498868
1.302166944735837,0.21287853600560813,0.2076657877501317,0.21287853600560813
1.309181922999407,0.21400574390320998,0.2087655828233068,0.21400574390320998
1.316234692054888,0.21513870757012737,0.2098709967823027,0.21513870757012737
1.3233254554872207,0.21627745291777828,0.21098205497437628,0.21627745291777828
1.3304544179780928,0.21742200591571814,0.21209878280463923,0.21742200591571814
1.3376217853118442,0.21857239259066552,0.2132212057351257,0.21857239259066552
1.3448277643814048,0.21972863902550274,0.2143493492838354,0.21972863902550274
1.3520725631942778,0.22089077135825305,0.2154832390237541,0.22089077135825305
1.3593563908785269,0.22205881578102704,0.21662290058184483,0.22205881578102704
1.3666794576888244,0.22323279853894773,0.2177683596380177,0.22323279853894773
1.3740419750125177,0.22441274592904556,0.2189196419240716,0.22441274592904556
1.3814441553757284,0.22559868429912672,0.22007677322260957,0.22559868429912672
1.3888862124494978,0.2267906400466154,0.22123977936592915,0.2267906400466154
1.396368361055939,0.22798863961736351,0.2224086862348812,0.22798863961736351
1.403890817174448,0.22919270950443585,0.22358351975770566,0.22919270950443585
1.4114537979479354,0.23040287624686356,0.2247643059088356,0.23040287624686356
1.4190575216890926,0.23161916642836847,0.22595107070767437,0.23161916642836847
1.4267022078867044,0.23284160667605858,0.2271438402173437,0.23284160667605858
1.434388077211967,0.23407022365908853,0.22834264054339917,0.23407022365908853
1.442115351524871,0.23530504408729352,0.22954749783251918,0.23530504408729352
1.4498842538805976,0.23654609470978816,0.2307584382711603,0.23654609470978816
1.457695008535971,0.23779340231353607,0.2319754880841847,0.23779340231353607
1.4655478409559128,0.23904699372188162,0.2331986735334508,0.23904699372188162
1.4734429778199631,0.24030689579305337,0.2344280209163761,0.24030689579305337
1.4813806470288198,0.24157313541863026,0.23566355656446517,0.24157313541863026
1.4893610777109154,0.2428457395219743,0.23690530684180428,0.2428457395219743
1.4973845002290418,0.24412473505662943,0.23815329814352362,0.24412473505662943
1.5054511461869824,0.24541014900468053,0.23940755689422163,0.24541014900468053
1.5135612484362102,0.2467020083750808,0.24066810954635778,0.2467020083750808
1.5217150410826055,0.24800034020193956,0.241934982578608,0.24800034020193956
1.5299127594932103,0.2493051715427727,0.2432082024941835,0.2493051715427727
1.5381546403030357,0.2506165294767175,0.24448779581911564,0.2506165294767175
1.5464409214218735,0.2519344411027035,0.2457737891004978,0.2519344411027035
1.5547718420411758,0.2532589335375892,0.2470662089046948,0.2532589335375892
1.563147642640957,0.2545900339142562,0.24836508181551073,0.2545900339142562
1.571568564996732,0.2559277693796626,0.24967043443231776,0.2559277693796626
1.5800348521865075,0.2572721670928573,0.2509822933681472,0.2572721670928573
1.5885467485977807,0.2586232542229478,0.25230068524773547,0.2586232542229478
1.5971044999346058,0.25998105794703025,0.25362563670553345,0.25998105794703025
1.6057083532246799,0.26134560544807245,0.254957174383671,0.26134560544807245
1.6143585568264869,0.26271692391275697,0.2562953249298821,0.26271692391275697
1.623055360436448,0.26409504052927335,0.25764011499538175,0.26409504052927335
1.6317990150961401,0.26547998248507043,0.25899157123270333,0.26547998248507043
1.640589773199542,0.2668717769645602,0.26034972029349013,0.2668717769645602
1.6494278885003146,0.268270451146774,0.2617145888262401,0.268270451146774
1.6583136161191396,0.2696760322029742,0.2630862034740078,0.2696760322029742
1.6672472125510645,0.2710885472942124,0.26446459087205476,0.2710885472942124
1.6762289356729183,0.2725080235688425,0.26584977764545653,0.2725080235688425
1.6852590447507545,0.2739344881599833,0.26724179040666024,0.2739344881599833
1.6943378004473288,0.2753679681829277,0.2686406557529911,0.2753679681829277
1.7034654648296395,0.2768084907325057,0.27004640026411386,0.2768084907325057
1.71264230137647,0.2782560828803875,0.27145905049943736,0.2782560828803875
1.7218685749860096,0.2797107716723402,0.27287863299547266,0.2797107716723402
1.7311445519834952,0.2811725841254273,0.27430517426313716,0.2811725841254273
1.7404705001288963,0.2826415472251533,0.27573870078500534,0.2826415472251533
1.7498466886246582,0.28411768792255554,0.27717923901250835,0.28411768792255554
1.7592733881234517,0.2856010331312341,0.27862681536307354,0.2856010331312341
1.7687508707359991,0.2870916097243295,0.2800814562172142,0.2870916097243295
1.7782794100389228,0.28858944453143925,0.2815431879155593,0.28858944453143925
1.7878592810826563,0.290094564335478,0.28301203675582975,0.290094564335478
1.7974907603993624,0.29160699586947225,0.28448802898975095,0.29160699586947225
1.8071741260109293,0.2931267658133002,0.28597119081991124,0.2931267658133002
1.8169096574369934,0.294653900790366,0.2874615483965589,0.294653900790366
1.8266976357030034,0.2961884273642117,0.28895912781433764,0.2961884273642117
1.8365383433483473,0.2977303720350678,0.2904639551089629,0.2977303720350678
1.8464320644344867,0.29927976123633393,0.291976056253831,0.29927976123633393
1.8563790845531698,0.30083662133099887,0.2934954571565689,0.30083662133099887
1.8663796908346733,0.30240097860799126,0.29502218365551797,0.30240097860799126
1.8764341719560858,0.3039728592784627,0.29655626151615144,0.3039728592784627
1.886542818149656,0.3055522894720044,0.29809771642742827,0.3055522894720044
1.8967059212111483,0.30713929523278916,0.2996465739980742,0.30713929523278916
1.9069237745082805,0.30873390251564725,0.3012028597527995,0.30873390251564725
1.9171966729891887,0.31033613718206854,0.30276659912844517,0.31033613718206854
1.9275249131909367,0.31194602499613094,0.30433781747005767,0.31194602499613094
1.9379087932480918,0.3135635916203583,0.30591654002689533,0.3135635916203583
1.9483486129013081,0.31518886261149665,0.3075027919483568,0.31518886261149665
1.958844673505993,0.31682186341622104,0.30909659827984076,0.31682186341622104
1.969397278040999,0.3184626193667605,0.310697983958528,0.3184626193667605
1.980006731117386,0.32011115567644927,0.31230697380909084,0.32011115567644927
1.9906733389871885,0.32176749743519106,0.3139235925393198,0.32176749743519106
2.0013974095522737,0.32343166960484987,0.3155478647356779,0.32343166960484987
2.0121792523732247,0.3251036970145553,0.31717981485877295,0.3251036970145553
2.023019178678272,0.3267836043559245,0.3188194672387493,0.3267836043559245
2.0339175013722928,0.32847141617820336,0.3204668460706012,0.32847141617820336
2.044874535045822,0.3301671568833159,0.32212197540939735,0.3301671568833159
2.0558905959841445,0.33187085072083283,0.3237848791654272,0.33187085072083283
2.0669660021764265,0.3335825217828496,0.32545558109925976,0.3335825217828496
2.0781010733248864,0.33530219399877487,0.327134104816716,0.33530219399877487
2.089296130854041,0.3370298911300313,0.32882047376375617,0.3370298911300313
2.1005514979199593,0.33876563676465915,0.3305147112212725,0.33876563676465915
2.111867499419608,0.3405094543118325,0.3322168402997986,0.3405094543118325
2.1232444620002235,0.34226136699627774,0.3339268839341234,0.34226136699627774
2.134682714068739,0.3440213978525975,0.33564486487781325,0.3440213978525975
2.1461825858012795,0.34578956971949926,0.33737080569764316,0.34578956971949926
2.157744409152669,0.34756590523392045,0.33910472876792636,0.34756590523392045
2.169368517866028,0.3493504268250593,0.34084665626475347,0.3493504268250593
2.1810552474823983,0.3511431567083015,0.34259661016013065,0.3511431567083015
2.1928049353504497,0.3529441168790481,0.34435461221602187,0.3529441168790481
2.204617920636187,0.3547533291064321,0.3461206839782841,0.3547533291064321
2.2164945443327615,0.35657081492693765,0.3478948467705074,0.35657081492693765
2.2284351492703074,0.3583965956379083,0.3496771216877485,0.3583965956379083
2.2404400801258344,0.3602306922909472,0.3514675295901583,0.3602306922909472
2.2525096834331957,0.36207312568521116,0.35326609109650925,0.36207312568521116
2.264644307593062,0.3639239163605867,0.35507282657760464,0.3639239163605867
2.2768443028829988,0.36578308459076053,0.3568877561495899,0.36578308459076053
2.289110021467572,0.36765065037617184,0.35871089966714603,0.36765065037617184
2.301441817408509,0.36952663343684977,0.3605422767165736,0.36952663343684977
2.3138400466749363,0.37141105320513634,0.3623819066087654,0.37141105320513634
2.3263050671536285,0.37330392881828434,0.3642298083720585,0.37330392881828434
2.3388372386593583,0.3752052791109416,0.366086000744975,0.3752052791109416
2.3514369229452763,0.37711512260750985,0.36795050216884245,0.37711512260750985
2.364104483713349,0.3790334775143804,0.36982333078029456,0.3790334775143804
2.3768402866248786,0.38096036171204795,0.3717045044036544,0.38096036171204795
2.3896446993110256,0.38289579274709074,0.37359404054318673,0.38289579274709074
2.402518091383445,0.38483978782402983,0.37549195637523475,0.38483978782402983
2.41546083444494,0.38679236379705345,0.3773982687402255,0.38679236379705345
2.4284733021002145,0.3887535371616151,0.37931299413455266,0.3887535371616151
2.4415558699666224,0.3907233240458899,0.3812361487023226,0.3907233240458899
2.4547089156850337,0.3927017402021042,0.3831677482269771,0.3927017402021042
2.4679328189307284,0.39468880099772446,0.38510780812278017,0.39468880099772446
2.481227961424352,0.39668452140650806,0.3870563434261708,0.39668452140650806
2.4945947269429563,0.39868891599941747,0.3890133687869829,0.39868891599941747
2.5080335013310417,0.40070199893538505,0.3909788984595212,0.40070199893538505
2.521544672511722,0.40272378395194214,0.39295294629350586,0.40272378395194214
2.5351286304979124,0.404754284355699,0.3949355257248711,0.404754284355699
2.5487857674035834,0.4067935130126771,0.39692664976642156,0.4067935130126771
2.562516477455102,0.40884148233849743,0.3989263309983498,0.40884148233849743
2.576321157002578,0.4108982042884092,0.400934581558598,0.4108982042884092
2.5902002045313277,0.4129636903471752,0.40295141313308064,0.4129636903471752
2.60415402067337,0.4150379515187975,0.4049768369457533,0.4150379515187975
2.618183008218986,0.41712099831608834,0.40701086374853046,0.41712099831608834
2.6322875721283685,0.419212840750086,0.4090535038110538,0.419212840750086
2.6464681195432767,0.4213134883193038,0.41110476691029746,0.4213134883193038
2.660725059798814,0.42342294999882524,0.41316466232002524,0.42342294999882524
2.6750588044352295,0.4255412342292297,0.41523319880008336,0.4255412342292297
2.689469767209821,0.4276683489053598,0.4173103845855384,0.4276683489053598
2.7039583641088463,0.42980430136491155,0.419396227375645,0.42980430136491155
2.718525013359551,0.43194909837686374,0.4214907343226566,0.43194909837686374
2.733170135442238,0.4341027461297335,0.42359391202046753,0.4341027461297335
2.7478941531023975,0.436265250219657,0.42570576649308606,0.436265250219657
2.7626974913629323,0.43843661563830116,0.42782630318294235,0.43843661563830116
2.7775805775363946,0.44061684676058915,0.4299555269390176,0.44061684676058915
2.792543841237342,0.442805947332256,0.4320934420048058,0.442805947332256
2.8075877143947334,0.4450039204572196,0.4342400520060985,0.4450039204572196
2.8227126312643906,0.44721076858476816,0.4363953599385905,0.44721076858476816
2.837919028441558,0.44942649349656916,0.43855936815531144,0.44942649349656916
2.8532073448734696,0.45165109629348144,0.4407320783538685,0.45165109629348144
2.8685780218720427,0.4538845773821886,0.4429134915635133,0.4538845773821886
2.8840315031266117,0.45612693646163804,0.4451036081320208,0.45612693646163804
2.899568234716729,0.45837817250928636,0.4473024277123813,0.45837817250928636
2.9151886651250667,0.46063828376715665,0.4495099492493082,0.46063828376715665
2.9308932452503242,0.46290726772768953,0.4517261709655458,0.46290726772768953
2.9466824284202704,0.46518512111940546,0.4539510903479948,0.46518512111940546
2.962556670404815,0.46747183989236163,0.4561847041336367,0.46747183989236163
2.9785164294291913,0.46976741920341186,0.4584270082952685,0.46976741920341186
2.9945621661871447,0.47207185340125446,0.460677998027029,0.47207185340125446
3.0106943438542575,0.4743851360112827,0.46293766772973627,0.4743851360112827
3.026913428101311,0.47670725972022204,0.46520601099601566,0.47670725972022204
3.043219887107722,0.47903821636055993,0.4674830205952263,0.47903821636055993
3.059614191575083,0.48137799689476585,0.46976868845818553,0.48137799689476585
3.076096814740711,0.4837265913992908,0.47206300566167675,0.4837265913992908
3.0926682323913326,0.4860839890483593,0.47436596241275664,0.4860839890483593
3.1093289228768124,0.48845017809753993,0.4766775480328471,0.48845017809753993
3.1260793671239555,0.49082514586709647,0.47899775094161334,0.49082514586709647
3.142920048650414,0.49320887872512265,0.4813265586406317,0.49320887872512265
3.1598514535786064,0.4956013620704444,0.48366395769683185,0.4956013620704444
3.1768740706497756,0.4980025803153078,0.4860099337257286,0.4980025803153078
3.1939883912380904,0.5004125168678335,0.48836447137442973,0.5004125168678335
3.2111949093648238,0.502831154114245,0.49072755430442083,0.502831154114245
3.2284941217126377,0.50525847340087,0.4930991651741302,0.50525847340087
3.245886527639883,0.5076944550159013,0.4954792856212607,0.5076944550159013
3.2633726291950382,0.5101390781709322,0.49786789624490024,0.5101390781709322
3.2809529311311905,0.5125923209822524,0.500264976587401,0.5125923209822524
3.2986279409206296,0.5150541604519104,0.5026705051160298,0.5150541604519104
3.3163981687694606,0.5175245724485303,0.5050844592043797,0.5175245724485303
3.3342641276323537,0.5200035316878945,0.5075068151135543,0.5200035316878945
3.3522263332273488,0.5224910117132822,0.509937547973113,0.5224910117132822
3.3702853040507303,0.5249869848755626,0.5123766317617777,0.5249869848755626
3.3884415613920273,0.5274914223130484,0.5148240392879063,0.5274914223130484
3.406695629349015,0.5300042939310929,0.5172797421697158,0.5300042939310929
3.4250480348428742,0.5325255683814484,0.5197437108152727,0.5325255683814484
3.4434993076333913,0.5350552130413697,0.5222159144022349,0.5350552130413697
3.462049980334246,0.5375931939924674,0.52469632085735,0.5375931939924674
3.480700588428413,0.5401394759993127,0.5271848968357109,0.5401394759993127
3.4994516702835767,0.5426940224877795,0.5296816076997549,0.5426940224877795
3.5183037671676995,0.5452567955231411,0.5321864174980232,0.5452567955231411
3.5372574232646405,0.5478277557879051,0.5346992889436661,0.5478277557879051
3.5563131856898544,0.5504068625593916,0.5372201833926957,0.5504068625593916
3.575471604506216,0.5529940736870579,0.5397490608219928,0.5529940736870579
3.594733232739853,0.5555893455695531,0.5422858798070496,0.5555893455695531
3.6140986263961388,0.5581926331315225,0.5448305974994667,0.5581926331315225
3.6335683444757283,0.5608038898001446,0.5473831696041908,0.5608038898001446
3.6531429489907232,0.5634230674814118,0.5499435503565003,0.5634230674814118
3.6728230049808497,0.566050116536137,0.5525116924987242,0.566050116536137
3.692609080529801,0.5686849857557077,0.5550875472567134,0.5686849857557077
3.7125017467816255,0.5713276223375696,0.5576710643160471,0.5713276223375696
3.732501577957206,0.5739779718604451,0.560262191797981,0.5739779718604451
3.752609151370869,0.5766359782592914,0.5628608762351396,0.5766359782592914
3.7728250474469984,0.5793015837999824,0.5654670625469392,0.5793015837999824
3.7931498497368246,0.5819747290537346,0.5680806940147584,0.5819747290537346
3.8135841449352608,0.5846553528712602,0.5707017122568434,0.5846553528712602
3.8341285228978292,0.5873433923566543,0.573330057202952,0.5873433923566543
3.8547835766577205,0.5900387828410201,0.5759656670687409,0.5900387828410201
3.8755499024428652,0.5927414578558168,0.57860847832988,0.5927414578558168
3.896428099693175,0.5954513491059511,0.5812584256959183,0.5954513491059511
3.9174187710778385,0.598168386442597,0.5839154420838786,0.598168386442597
3.9385225225127107,0.6008924978357495,0.5865794585915955,0.6008924978357495
3.9597399631778347,0.6036236093465177,0.5892504044707956,0.6036236093465177
3.9810717055349776,0.6063616450991427,0.5919282070999053,0.6063616450991427
4.002518365345343,0.6091065272527606,0.5946127919566133,0.6091065272527606
4.024080561687336,0.6118581759728982,0.5973040825901647,0.6118581759728982
4.045758916974429,0.6146165094027043,0.6000020005933985,0.6146165094027043
4.0675540569731545,0.6173814436339262,0.6027064655745339,0.6173814436339262
4.089466610821127,0.6201528926776151,0.6054173951286872,0.6201528926776151
4.111497211045229,0.6229307684345814,0.608134704809147,0.6229307684345814
4.13364649357986,0.6257149806655891,0.6108583080983875,0.6257149806655891
4.1559150977853205,0.6285054369612983,0.6135881163788357,0.6285054369612983
4.178303666466222,0.6313020427119453,0.6163240389033797,0.6313020427119453
4.200812845890073,0.6341047010767791,0.6190659827656358,0.6341047010767791
4.223443285805927,0.6369133129532448,0.6218138528699663,0.6369133129532448
4.24619563946313,0.6397277769459192,0.6245675519012499,0.6397277769459192
4.26907056363021,0.6425479893352053,0.6273269802944179,0.6425479893352053
4.292068718613786,0.645373844045777,0.630092036203738,0.645373844045777
4.315190768277659,0.6482052326147913,0.6328626154718714,0.6482052326147913
4.33843738006197,0.6510420441598622,0.6356386115986915,0.6510420441598622
4.361809225002458,0.6538841653468005,0.6384199157098706,0.6538841653468005
4.385306977749861,0.6567314803571289,0.6412064165252439,0.6567314803571289
4.40893131658934,0.6595838708553612,0.6439980003269369,0.6595838708553612
4.432682923460096,0.6624412159560706,0.6467945509272853,0.6624412159560706
4.456562483975042,0.6653033921907353,0.6495959496365303,0.6653033921907353
4.480570687440588,0.6681702734743691,0.6524020752303004,0.6681702734743691
4.504708226876573,0.671041731071951,0.6552128039168916,0.671041731071951
4.528975799036213,0.6739176335646384,0.6580280093043317,0.6739176335646384
4.553374104426258,0.6767978468157938,0.6608475623672554,0.6767978468157938
4.577903847327183,0.6796822339368099,0.6636713314135799,0.6796822339368099
4.602565735813563,0.6825706552527561,0.6664991820509965,0.6825706552527561
4.627360481774455,0.6854629682678296,0.6693309771532685,0.6854629682678296
4.652288800933984,0.6883590276306439,0.6721665768263627,0.6883590276306439
4.677351412871991,0.691258685099342,0.6750058383744021,0.691258685099342
4.702549041044799,0.6941617895065466,0.6778486162654557,0.6941617895065466
4.727882412806133,0.6970681867241619,0.680694762097173,0.6970681867241619
4.753352259428058,0.6999777196280149,0.6835441245622567,0.6999777196280149
4.778959316122126,0.70289022806237,0.6863965494138027,0.70289022806237
4.80470432206059,0.7058055488043024,0.689251879430497,0.7058055488043024
4.8305880203977285,0.7087235155279514,0.6921099543816828,0.7087235155279514
4.856611158291341,0.7116439587686614,0.6949706109923145,0.7116439587686614
4.882774486924252,0.7145667058870072,0.6978336829077864,0.7145667058870072
4.909078761526039,0.7174915810327342,0.700699000658671,0.7174915810327342
4.935524741394817,0.7204184051086042,0.7035663916253561,0.7204184051086042
4.962113189919149,0.7233469957341665,0.7064356800025985,0.7233469957341665
4.988844874600127,0.7262771672094676,0.7093066867640097,0.7262771672094676
5.015720567073457,0.7292087304786948,0.7121792296264631,0.7292087304786948
5.042741043131779,0.7321414930937868,0.7150531230144633,0.7321414930937868
5.0699070827470445,0.7350752591780063,0.7179281780244641,0.7350752591780063
5.09721947009306,0.7380098293894976,0.7208042023891624,0.7380098293894976
5.124678993568075,0.7409450008848281,0.7236810004417636,0.7409450008848281
5.152286445817572,0.7438805672825446,0.7265583730802515,0.7438805672825446
5.1800426237571395,0.746816318626745,0.7294361177316576,0.746816318626745
5.207948328595465,0.7497520413506812,0.7323140283163535,0.7497520413506812
5.236004365857506,0.7526875182404167,0.7351918952123794,0.7526875182404167
5.264211545407678,0.7556225283985359,0.73806950521981,0.7556225283985359
5.292570681473272,0.7585568472079403,0.7409466415251951,0.7585568472079403
5.321082592667953,0.761490246295735,0.7438230836660712,0.761490246295735
5.349748102015373,0.7644224934972247,0.7466986074955654,0.7644224934972247
5.378568036972975,0.767353352820042,0.7495729851471159,0.767353352820042
5.407543229455816,0.7702825844084102,0.7524459849993058,0.7702825844084102
5.436674515860615,0.7732099445075776,0.7553173716408513,0.7732099445075776
5.465962737089897,0.7761351854284312,0.7581869058357462,0.7761351854284312
5.4954087385762485,0.7790580555123057,0.7610543444885839,0.7790580555123057
5.525013370306767,0.7819782990960222,0.7639194406100823,0.7819782990960222
5.5547774868475335,0.7848956564771542,0.7667819432828171,0.7848956564771542
5.584701947368318,0.7878098638795649,0.7696415976272,0.7878098638795649
5.614787615667365,0.790720653419222,0.7724981447677097,0.790720653419222
5.645035360196369,0.7936277530703233,0.7753513217994086,0.7936277530703233
5.675446054085477,0.7965308866317369,0.7782008617547453,0.7965308866317369
5.7060205751685364,0.7994297736938061,0.7810464935706949,0.7994297736938061
5.736759806008424,0.8023241296055198,0.7838879420562357,0.8023241296055198
5.767664633922509,0.8052136654420858,0.7867249278601981,0.8052136654420858
5.798735951008315,0.8080980879729306,0.7895571674395079,0.8080980879729306
5.8299746541692015,0.8109770996301415,0.7923843730278423,0.8109770996301415
5.8613816451402965,0.8138503984773955,0.7952062526047348,0.8138503984773955
5.8929578305145185,0.8167176781793882,0.7980225098651479,0.8167176781793882
5.924704121768732,0.8195786279717935,0.8008328441895418,0.8195786279717935
5.95662143529011,0.8224329326317933,0.8036369506144723,0.8224329326317933
5.988710692402505,0.8252802724491843,0.8064345198037298,0.8252802724491843
6.020972819393105,0.8281203231981187,0.8092252380200726,0.8281203231981187
6.053408747539148,0.8309527561094918,0.8120087870975646,0.8309527561094918
6.0860194131347995,0.8337772378440126,0.8147848444145551,0.8337772378440126
6.118805757518225,0.8365934304659979,0.8175530828673357,0.8365934304659979
6.151768727098689,0.8394009914179039,0.8203131708444952,0.8394009914179039
6.184909273383926,0.8421995734956557,0.8230647722020185,0.8421995734956557
6.218228353007579,0.8449888248247849,0.825807546239152,0.8449888248247849
6.251726927756862,0.847768388837433,0.8285411476750828,0.847768388837433
6.285405964600255,0.8505379042502323,0.8312652266264442,0.8505379042502323
6.319266435715458,0.8532970050431286,0.8339794285857115,0.8532970050431286
6.353309318517449,0.8560453204391626,0.8366833944005033,0.8560453204391626
6.3875355956866775,0.8587824748852597,0.8393767602538356,0.8587824748852597
6.421946255197489,0.8615080880340703,0.8420591576453679,0.8615080880340703
6.456542290346563,0.8642217747268859,0.8447302133736689,0.8642217747268859
6.491324699781635,0.8669231449776928,0.8473895495195602,0.8669231449776928
6.526294487530316,0.869611803958394,0.8500367834305628,0.869611803958394
6.561452663029057,0.8722873519852418,0.8526715277064949,0.8722873519852418
6.596800241152342,0.8749493845065356,0.8552933901862699,0.8749493845065356
6.632338242241905,0.8775974920916134,0.8579019739359169,0.8775974920916134
6.6680676921362325,0.8802312604212005,0.8604968772378959,0.8802312604212005
6.703989622200166,0.8828502702791499,0.8630776935817324,0.8828502702791499
6.740105069354658,0.8854540975456285,0.8656440116560228,0.8854540975456285
6.776415076106757,0.8880423131917987,0.8681954153418671,0.8880423131917987
6.812920690579622,0.8906144832760321,0.8707314837077536,0.8906144832760321
6.849622966542829,0.8931701689417266,0.8732517910059739,0.8931701689417266
6.886522963442762,0.8957089264167611,0.8757559066705931,0.8957089264167611
6.923621746433253,0.8982303070146518,0.878243395317041,0.8982303070146518
6.960920386406241,0.9007338571374476,0.8807138167433636,0.9007338571374476
6.998419960022745,0.9032191182804397,0.8831667259331984,0.9032191182804397
7.036121549743925,0.9056856270387231,0.8856016730605195,0.9056856270387231
7.074026243862315,0.9081329151156731,0.8880182034962076,0.9081329151156731
7.112135136533295,0.9105605093333952,0.8904158578165032,0.9105605093333952
7.150449327806592,0.912967931645197,0.89279417181339,0.912967931645197
7.1889699236580835,0.9153546991501536,0.8951526765069759,0.9153546991501536
7.227698036021717,0.9177203241098133,0.8974908981599219,0.9177203241098133
7.266634782821588,0.9200643139671129,0.899808358293978,0.9200643139671129
7.305781288004266,0.9223861713675611,0.9021045737086903,0.9223861713675611
7.345138681571158,0.9246853941827436,0.9043790565023266,0.9246853941827436
7.384708099611179,0.9269614755362271,0.9066313140950982,0.9269614755362271
7.4244906843335325,0.9292139038319156,0.9088608492547242,0.9292139038319156
7.464487584100669,0.9314421627849243,0.9110671601244108,0.9314421627849243
7.504699953461494,0.9336457314550425,0.9132497402533055,0.9336457314550425
7.545128953184603,0.9358240842828373,0.9154080786294825,0.9358240842828373
7.585775750291851,0.9379766911284824,0.9175416597155381,0.9379766911284824
7.626641518092008,0.9401030173133659,0.9196499634868501,0.9401030173133659
7.667727436214687,0.9422025236645534,0.9217324654725726,0.9422025236645534
7.709034690644309,0.9442746665621633,0.9237886367994272,0.9442746665621633
7.75056447375439,0.9463188979897389,0.9258179442383657,0.9463188979897389
7.792317984341956,0.9483346655876767,0.927819850254166,0.9483346655876767
7.83429642766212,0.9503214127097822,0.9297938130580317,0.9503214127097822
7.876501015462944,0.9522785784830305,0.9317392866632671,0.9522785784830305
7.9189329660203205,0.9542055978705909,0.9336557209440883,0.9542055978705909
7.9615935041732,0.9561019017382021,0.9355425616976527,0.9561019017382021
8.004483861358935,0.9579669169239603,0.9373992507093685,0.9579669169239603
8.047605275648806,0.9598000663115941,0.9392252258215578,0.9598000663115941
8.090958991783829,0.9616007689073072,0.9410199210055481,0.9616007689073072
8.13454626121059,0.9633684399202463,0.942782766437254,0.9633684399202463
8.178368342117423,0.9651024908466863,0.9445131885763335,0.9651024908466863
8.222426499470728,0.9668023295579945,0.9462106102489828,0.9668023295579945
8.26672200505146,0.9684673603924493,0.9478744507344442,0.9684673603924493
8.311256137491903,0.9700969842509962,0.9495041258553026,0.9700969842509962
8.356030182312491,0.9716905986969997,0.9510990480716348,0.9716905986969997
8.401045431958973,0.9732475980600802,0.9526586265790965,0.9732475980600802
8.446303185839687,0.9747673735441029,0.954182267411008,0.9747673735441029
8.491804750363144,0.9762493133393934,0.9556693735445231,0.9762493133393934
8.537551438975628,0.9776928027392516,0.9571193450109368,0.9776928027392516
8.583544572199186,0.9790972242608432,0.9585315790102249,0.9790972242608432
8.629785477669719,0.9804619577705369,0.9599054700298697,0.9804619577705369
8.676275490175302,0.98178638061376,0.9612404099680537,0.98178638061376
8.72301595169477,0.9830698677494496,0.9625357882612892,0.9830698677494496
8.770008211436357,0.9843117918891617,0.9637909920165518,0.9843117918891617
8.817253625876717,0.98551152364092,0.9650054061479938,0.98551152364092
8.864753558800048,0.9866684316578647,0.9661784135183022,0.9866684316578647
8.91250938133746,0.9877818827917773,0.9673093950847711,0.9877818827917773
8.960522472006607,0.9888512422515472,0.968397730050158,0.9888512422515472
9.00879421675139,0.9898758737666433,0.9694427960183859,0.9898758737666433
9.057326008982017,0.9908551397556646,0.9704439691551634,0.9908551397556646
9.10611924961522,0.9917884015000277,0.971400624353583,0.9917884015000277
9.155175347114675,0.992675019322856,0.9723121354047612,0.992675019322856
9.204495717531723,0.9935143527731367,0.9731778751735852,0.9935143527731367
9.254081784546141,0.9943057608151966,0.9739972157796216,0.9943057608151966
9.303934979507318,0.9950486020235656,0.97476952878325,0.9950486020235656
9.354056741475521,0.9957422347832745,0.9754941853770782,0.9957422347832745
9.404448517263523,0.9963860174956514,0.9761705565826924,0.9963860174956514
9.455111761478246,0.9969793087896586,0.9767980134527947,0.9969793087896586
9.506047936562828,0.9975214677388272,0.9773759272787836,0.9975214677388272
9.55725851283882,0.998011854083837,0.9779036698038222,0.998011854083837
9.608744968548601,0.9984498284607797,0.9783806134414402,0.9984498284607797
9.66050878989814,0.9988347526351573,0.9788061314997173,0.9988347526351573
9.712551471099772,0.9991659897416465,0.9791795984110852,0.9991659897416465
9.764874514415402,0.9994429045296709,0.9795003899677899,0.9994429045296709
9.817479430199864,0.9996648636148111,0.9797678835630452,0.9996648636148111
9.870367736944488,0.9998312357360851,0.9799814584379171,0.9998312357360851
9.923540961321013,0.9999413920191224,0.9801404959339586,0.9999413920191224
9.977000638225546,0.9999947062452544,0.9802443797516269,0.9999947062452544
10.030748310822934,0.9999905551265444,0.9802924962145038,0.9999905551265444
10.084785530591299,0.9999283185867641,0.9802842345393356,0.9999283185867641
10.1391138573668,0.999807380048333,0.9802189871119057,0.999807380048333
10.193734859388737,0.9996271267252242,0.9800961497687544,0.9996271267252242
10.248650113344704,0.999386949921838,0.9799151220847436,0.999386949921838
10.30386120441618,0.9990862453378384,0.9796753076664759,0.9990862453378384
10.35936972632424,0.9987244133789476,0.9793761144515575,0.9987244133789476
10.415177281375655,0.998300859473679,0.9790169550136977,0.998300859473679
10.471285480509007,0.9978149943959954,0.978597246873634,0.9978149943959954
10.527695943341278,0.9972662345938624,0.9781164128158603,0.9972662345938624
10.58441029821459,0.9966540025236693,0.9775738812111325,0.9966540025236693
10.641430182243164,0.9959777269904805,0.9769690863447261,0.9959777269904805
10.698757241360692,0.9952368434940698,0.9763014687504002,0.9952368434940698
10.756393130367696,0.9944307945806984,0.9755704755500385,0.9944307945806984
10.814339512979398,0.9935590302005654,0.9747755607989024,0.9935590302005654
10.872598061873706,0.9926210080708824,0.973916185836453,0.9926210080708824
10.931170458739494,0.9916161940444915,0.9729918196426752,0.9916161940444915
10.990058394325219,0.9905440624839523,0.9720019391998298,0.9905440624839523
11.049263568487603,0.9894040966410156,0.9709460298595666,0.9894040966410156
11.108787690240787,0.9881957890413837,0.9698235857153046,0.9881957890413837
11.168632477805636,0.9869186418746636,0.9686341099797935,0.9869186418746636
11.228799658659318,0.985572167389398,0.967377115367754,0.985572167389398
11.289290969585265,0.9841558882930559,0.9660521244834872,0.9841558882930559
11.350108156723167,0.9826693381568645,0.9646586702133453,0.9826693381568645
11.41125297561946,0.9811120618253341,0.9631962961229251,0.9811120618253341
11.472727191277965,0.9794836158303395,0.9616645568588631,0.9794836158303395
11.53453257821093,0.9777835688096007,0.960063018555079,0.9777835688096007
11.596670920490103,0.9760115019294023,0.9583912592433286,0.9760115019294023
11.659144011798334,0.9741670093113717,0.9566488692678898,0.9741670093113717
11.721953655481327,0.972249698463137,0.9548354517042212,0.972249698463137
11.785101664599665,0.9702591907126711,0.9529506227814091,0.9702591907126711
11.848589861981248,0.9681951216461095,0.9509940123082082,0.9681951216461095
11.912420080273762,0.9660571415488439,0.9489652641024856,0.9660571415488439
11.976594161997683,0.9638449158496418,0.9468640364238414,0.9638449158496418
12.041113959599434,0.9615581255675753,0.9446900024091944,0.9615581255675753
12.10598133550483,0.9591964677615034,0.9424428505110997,0.9591964677615034
12.171198162172942,0.9567596559818381,0.9401222849385402,0.9567596559818381
12.236766322150002,0.9542474207243473,0.9377280260999619,0.9542474207243473
12.302687708123836,0.9516595098856837,0.9352598110482577,0.9516595098856837
12.36896422297848,0.9489956892203627,0.9327173939274417,0.9489956892203627
12.435597779849079,0.9462557427988785,0.9301005464207155,0.9462557427988785
12.502590302177213,0.9434394734666296,0.9274090581996222,0.9434394734666296
12.56994372376627,0.9405467033033436,0.9246427373739866,0.9405467033033436
12.637659988837367,0.9375772740826314,0.9218014109422997,0.9375772740826314
12.705741052085418,0.934531047731334,0.9188849252422189,0.934531047731334
12.774188878735668,0.9314079067882779,0.9158931464008292,0.9314079067882779
12.843005444600255,0.9282077548620791,0.912825960784313,0.9282077548620791
12.912192736135362,0.9249305170875726,0.9096832754466362,0.9249305170875726
12.981752750498517,0.9215761405804841,0.9064650185768778,0.9215761405804841
13.051687495606227,0.9181445948899118,0.9031711399447949,0.9181445948899118
13.121998990192042,0.9146358724481861,0.8998016113442112,0.9146358724481861
13.192689263864665,0.9110499890176726,0.8963564270338147,0.9110499890176726
13.263760357166648,0.9073869841340442,0.8928356041749074,0.9073869841340442
13.335214321633268,0.9036469215455618,0.889239183265673,0.9036469215455618
13.407053219851715,0.8998298896478815,0.8855672285714953,0.8998298896478815
13.479279125520748,0.8959360019138767,0.8818198285508467,0.8959360019138767
13.551894123510378,0.8919653973180005,0.877997096276276,0.8919653973180005
13.624900309922173,0.8879182407546248,0.8740991698499745,0.8879182407546248
13.69829979214973,0.883794723449857,0.8701262128134262,0.883794723449857
13.772094688939474,0.8795950633662784,0.8660784145506141,0.8795950633662784
13.846287130451934,0.8753195056000381,0.8619559906842407,0.8753195056000381
13.920879258323074,0.870968322769765,0.8577591834644378,0.870968322769765
13.995873225726207,0.8665418153966812,0.8534882621493829,0.8665418153966812
14.071271197434102,0.8620403122753598,0.849143523377272,0.8620403122753598
14.147075349881593,0.8574641708345024,0.8447252915290596,0.8574641708345024
14.223287871228214,0.8528137774871598,0.8402339190813984,0.8528137774871598
14.299910961421494,0.848089547969736,0.8356697869491497,0.848089547969736
14.376946832260426,0.8432919276691813,0.8310333048168816,0.8432919276691813
14.45439770745928,0.838421391937722,0.8263249114587311,0.838421391937722
14.532265822711915,0.833478446394479,0.821545075045996,0.833478446394479
14.610553425756136,0.8284636272133439,0.8166942934418518,0.8284636272133439
14.689262776438692,0.8233775013964245,0.8117730944825148,0.8233775013964245
14.768396146780487,0.8182206670324137,0.806782036244235,0.8182206670324137
14.847955821042126,0.8129937535392084,0.8017217072954574,0.8129937535392084
14.927944095789973,0.8076974218900862,0.7965927269334788,0.8076974218900862
15.008363279962277,0.8023323648227964,0.7913957454049723,0.8023323648227964
15.089215694935914,0.7968993070308339,0.7861314441096681,0.7968993070308339
15.1705036745934,0.791399005336245,0.7808005357865524,0.791399005336245
15.252229565390198,0.7858322488432672,0.7754037646819024,0.7858322488432672
15.334395726422597,0.7801998590721004,0.7699419066984693,0.7801998590721004
15.417004529495616,0.7745026900721558,0.7644157695251683,0.7745026900721558
15.500058359191586,0.768741628514051,0.7588261927465585,0.768741628514051
15.583559612938934,0.7629175937597018,0.7531740479314702,0.7629175937597018
15.6675107010815,0.7570315379098037,0.747460238700089,0.7570315379098037
15.751914046947936,0.7510844458280564,0.7416857007688538,0.7510844458280564
15.836772086921776,0.7450773351414234,0.7358514019724712,0.7450773351414234
15.922087270511732,0.7390112562157891,0.7299583422624167,0.7390112562157891
16.00786206042238,0.7328872921063473,0.7240075536812601,0.7328872921063473
16.09409893262536,0.7267065584820669,0.7180001003121638,0.7267065584820669
16.18080037643068,0.7204702035236235,0.7119370782029519,0.7204702035236235
16.267968894558663,0.7141794077941401,0.7058196152640847,0.7141794077941401
16.355607003212203,0.7078353840821484,0.699648871139957,0.7078353840821484
16.443717232149325,0.7014393772161716,0.6934260370529197,0.7014393772161716
16.532302124756363,0.694992663850335,0.6871523356194209,0.694992663850335
16.62136423812118,0.6884965522204797,0.6808290206377403,0.6884965522204797
16.710906143107106,0.6819523818701916,0.6744573768467261,0.6819523818701916
16.8009304244271,0.6753615233462607,0.6680387196550309,0.6753615233462607
16.891439680718364,0.6687253778630584,0.6615743948403314,0.6687253778630584
16.98243652461746,0.6620453769353559,0.6550657782180385,0.6620453769353559
17.07392358283553,0.6553229819791653,0.6485142752790659,0.6553229819791653
17.16590349623426,0.6485596838801412,0.6419213207961745,0.6485596838801412
17.25837891990204,0.6417570025291905,0.6352883783985266,0.6417570025291905
17.351352523230737,0.6349164863249039,0.628616940114037,0.6349164863249039
17.44482698999256,0.6280397116425221,0.6219085258792136,0.6280397116425221
17.538805018417637,0.6211282822691021,0.6151646830161257,0.6211282822691021
17.633289321271906,0.6141838288046587,0.6083869856762455,0.6141838288046587
17.728282625935357,0.6072080080290642,0.6015770342509176,0.6072080080290642
17.823787674480908,0.6002025022345077,0.5947364547482266,0.6002025022345077
17.91980722375336,0.5931690185234275,0.5878668981361325,0.5931690185234275
18.01634404544909,0.5861092880717721,0.580970039651702,0.5861092880717721
18.113400926196064,0.579025065357581,0.5740475780763816,0.579025065357581
18.210980667634185,0.5719181273548831,0.5671012349772653,0.5719181273548831
18.309086086496368,0.5647902726929406,0.5601327539143437,0.5647902726929406
18.40772001468958,0.5576433207809897,0.5531438996138368,0.5576433207809897
18.506885299376773,0.5504791108985693,0.5461364571076499,0.5504791108985693
18.606584803058997,0.5432995012516942,0.5391122308391576,0.5432995012516942
18.706821403658015,0.536106367995114,0.5320730437355022,0.536106367995114
18.807597994599526,0.5289016042209672,0.525020736246657,0.5289016042209672
18.908917484896442,0.5216871189142497,0.5179571653516143,0.5216871189142497
19.010782799233034,0.514464835875474,0.5108842035320118,0.514464835875474
19.11319687804927,0.5072366926110682,0.5038037377136808,0.5072366926110682
19.216162677625835,0.5000046391920336,0.4967176681765691,0.5000046391920336
19.31968317016926,0.49277063708153196,0.48962790743363904,0.49277063708153196
19.423761343897855,0.48553665793203366,0.48253637907929864,0.48553665793203366
19.528400203127926,0.4783046823528172,0.47544501660808636,0.4783046823528172
19.633602768360475,0.4710766986486261,0.4683557622043351,0.4710766986486261
19.739372076368525,0.4638547015303559,0.4612705655036131,0.4638547015303559
19.845711180284567,0.4566406907987569,0.4541913823268463,0.4566406907987569
19.95262314968883,0.44943667000212933,0.44712017338801524,0.44943667000212933
20.06011107069785,0.4422446450691275,0.44005890297646544,0.4422446450691275
20.168178046053526,0.43506662291782533,0.43300953761489125,0.43506662291782533
20.27682719521284,0.4279046100422503,0.4259740446941181,0.4279046100422503
20.386061654437643,0.4207606110777201,0.418954391085931,0.4207606110777201
20.495884576885384,0.41363662734629225,0.4119525417351663,0.41363662734629225
20.606299132700048,0.4065346553837961,0.40497045823244904,0.4065346553837961
20.717308509103653,0.3994566854499291,0.3980100973689681,0.3994566854499291
20.828915910488405,0.3924047000229716,0.39107340967474896,0.3924047000229716
20.941124558508957,0.3853806722807879,0.38416233794200233,0.3853806722807879
21.053937692175552,0.3783865645697562,0.3772788157350989,0.3783865645697562
21.16735856794746,0.37142432686342564,0.3704247658888753,0.37142432686342564
21.281390459827133,0.36449589521269266,0.36360209899697155,0.36449589521269266
21.39603665945446,0.3576031901894161,0.3568127118920292,0.3576031901894161
21.511300476201956,0.35074811532535727,0.3500584861195437,0.35074811532535727
21.627185237270243,0.3439325555484821,0.3433412864073177,0.3439325555484821
21.743694287784063,0.33715837561865697,0.3366629591324593,0.33715837561865697
21.860830990888992,0.330427418564832,0.33002533078792734,0.330427418564832
21.978598727848276,0.3237415041258925,0.323430206450724,0.3237415041258925
22.097000898140596,0.3171024271973287,0.3168793682537926,0.3171024271973287
22.21604091955816,0.3105119562859961,0.31037457386381695,0.3105119562859961
22.335722228305325,0.30397183197523225,0.3039175549671022,0.30397183197523225
22.45604827909795,0.2974837654026296,0.2975100157657649,0.2974837654026296
22.577022545262853,0.29104943675284867,0.2911536314865343,0.29104943675284867
22.698648518838258,0.2846704937677884,0.2848500469044175,0.2846704937677884
22.820929710674555,0.2783485502765542,0.2786008748835935,0.2783485502765542
22.943869650535582,0.2720851847476211,0.2724076949378753,0.2720851847476211
23.067471887200714,0.26588193886561223,0.26627205181309344,0.26588193886561223
23.191739988567022,0.2597403161351643,0.26019545409382117,0.2597403161351643
23.31667754175244,0.2536617805142822,0.25417937283678677,0.2536617805142822
23.442288153199225,0.24764775507965717,0.24822524023340328,0.24764775507965717
23.568575448778258,0.2416996207263617,0.2423344483037857,0.2416996207263617
23.695543073893404,0.23581871490438258,0.23650834762467834,0.23581871490438258
23.823194693586938,0.2300063303943551,0.23074824609362588,0.2300063303943551
23.951533992645306,0.22426371412491442,0.22505540773177699,0.22426371412491442
24.080564675705418,0.2185920660340158,0.2194310515276527,0.2185920660340158
24.2102904673618,0.2129925379765267,0.21387635032416916,0.2129925379765267
24.340715112273806,0.20746623268040684,0.2083924297512233,0.20746623268040684
24.47184237527391,0.20201420275366477,0.20298036720602985,0.20201420275366477
24.603676041476323,0.19663744974430017,0.19764119088342444,0.19663744974430017
24.736219916386226,0.19133692325534082,0.19237587885825516,0.19133692325534082
24.869477826009792,0.1861135201170132,0.1871853582219232,0.1861135201170132
25.003453616964347,0.18096808361805664,0.18207050427510785,0.18096808361805664
25.1381511565896,0.17590140279803929,0.1770321397785706,0.17590140279803929
25.27357433305923,0.17091421180251745,0.17207103426392245,0.17091421180251745
25.409727055493065,0.16600718930275013,0.16718790340611522,0.16600718930275013
25.546613254070127,0.1611809579815802,0.16238340845932728,0.1611809579815802
25.68423688014179,0.1564360840870277,0.15765815575785352,0.1564360840870277
25.82260190634601,0.15177307705496615,0.15301269628344338,0.15177307705496615
25.961712326721937,0.14719238920219824,0.1484475253004849,0.14719238920219824
26.101572156825384,0.14269441549108183,0.14396308206027228,0.14269441549108183
26.242185433844444,0.13827949336676906,0.13955974957551745,0.13827949336676906
26.38355621671623,0.1339479026679358,0.1352378544660833,0.1339479026679358
26.525688586243977,0.12969986561179273,0.13099766687684308,0.12969986561179273
26.668586645214805,0.12553554685399712,0.12683940046840037,0.12553554685399712
26.812254518518362,0.12145505362393585,0.1227632124812656,0.12145505362393585
26.95669635326555,0.11745843593573095,0.11876920387397161,0.11745843593573095
27.101916318908472,0.1135456868751079,0.11485741953540561,0.1135456868751079
27.247918607360724,0.10971674296216344,0.1110278485715387,0.10971674296216344
27.39470743311834,0.10597148458987707,0.10728042466654698,0.10597148458987707
27.54228703338169,0.10230973653804654,0.10361502651815883,0.10230973653804654
27.69066166817742,0.09873126856218928,0.1000314783469331,0.09873126856218928
27.83983562048168,0.09523579605673373,0.0965295504789555,0.09523579605673373
27.989813196343686,0.09182298079170662,0.09310896000132979,0.09182298079170662
28.14059872500996,0.08849243172192015,0.08976937148964288,0.08849243172192015
28.29219655904952,0.08524370586749781,0.08651039780641762,0.08524370586749781
28.444611074479198,0.08207630926442891,0.0833316009694258,0.08207630926442891
28.59784667089017,0.07898969798363213,0.08023249308852375,0.07898969798363213
28.751907771574846,0.07598327921688298,0.07721253736954996,0.07598327921688298
28.906798823654775,0.07305641242776333,0.07427114918363,0.07305641242776333
29.06252429820869,0.07020841056565578,0.0714076972000982,0.07020841056565578
29.21908869040177,0.06743854134061225,0.06862150458105265,0.06743854134061225
29.376496519615365,0.06474602855680146,0.06591185023543582,0.06474602855680146
29.534752329577387,0.06213005350207237,0.06327797013036307,0.06213005350207237
29.6938606884937,0.059589756391020834,0.060719058657271834,0.059589756391020834
29.85382618917963,0.0571242378588266,0.05823427005033934,0.0571242378588266
30.014653449192792,0.054732560502957474,0.05582271985444664,0.054732560502957474
30.176347110966297,0.05241375046974466,0.05348348643986699,0.05241375046974466
30.338911841942718,0.050166799082690505,0.05121561256071272,0.050166799082690505
30.50235233470907,0.047990664509258485,0.04901810695405657,0.047990664509258485
30.66667330713187,0.04588427346280699,0.046889945976550294,0.04588427346280699
30.831879502493596,0.04384652293620071,0.044830075275230044,0.04384652293620071
30.99797568962954,0.04187628196357813,0.042837411489134794,0.04187628196357813
31.16496666306539,0.03997239340665722,0.04091084397826205,0.03997239340665722
31.33285724315589,0.03813367576189535,0.03904923657630973,0.03813367576189535
31.5016522762236,0.0363589249847773,0.037251429363603365,0.0363589249847773
31.67135663469905,0.034646916327432754,0.035516240456525724,0.034646916327432754
31.841975217261254,0.03299640618577626,0.03384246780974948,0.03299640618577626
32.01351294897938,0.03140613395231981,0.03222889102751827,0.03140613395231981
32.18597478145452,0.029874823870812858,0.030674273180219543,0.029874823870812858
32.359365692962875,0.028401186888843393,0.029177362622456137,0.028401186888843393
32.53369068859943,0.026983922504566497,0.027736894808850082,0.026983922504566497
32.708954800422305,0.025621720603737935,0.026351594103807597,0.025621720603737935
32.88516308759833,0.024313263283266863,0.025020175581502147,0.024313263283266863
33.06232063654866,0.023057226657560565,0.023741346812377672,0.023057226657560565
33.24043256109587,0.021852282643974288,0.022513809632503212,0.021852282643974288
33.4195040026115,0.020697100723770807,0.021336261892188572,0.020697100723770807
33.59954013016438,0.019590349675065833,0.02020739918033121,0.019590349675065833
33.78054614067016,0.018530699274331423,0.019125916521046837,0.018530699274331423
33.96252725904089,0.01751682196314395,0.018090510039239813,0.01751682196314395
34.14548873833608,0.016547394476964985,0.01709987859185811,0.016547394476964985
34.32943585991432,0.015621099432884708,0.016152725361707143,0.015621099432884708
34.514373933585645,0.01473662687338798,0.015247759410816311,0.01473662687338798
34.70030829776507,0.013892675763348116,0.014383697190484006,0.013892675763348116
34.887244319626284,0.013087955437617645,0.013559264005281388,0.013087955437617645
35.07518739525687,0.012321186996736174,0.012773195428434305,0.012321186996736174
35.26414294981388,0.01159110464846049,0.012024238666177757,0.01159110464846049
35.45411643768079,0.010896456992990501,0.011311153868835813,0.010896456992990501
35.64511334262446,0.010236008249959194,0.010632715386564951,0.010236008249959194
35.83713917795376,0.009608539425434845,0.009987712967870155,0.009608539425434845
36.03019948667859,0.00901284941738915,0.009374952899200184,0.00901284941738915
36.224299841669875,0.008447756058278954,0.008793259084115101,0.008447756058278954
36.419445845820675,0.007912097093593008,0.008241474060715574,0.007912097093593008
36.6156431322075,0.007404731095423743,0.007718459956226579,0.007404731095423743
36.8128973642532,0.006924538310324149,0.007223099377822015,0.006924538310324149
37.01121423589039,0.006470421440923977,0.006754296238986943,0.006470421440923977
37.21059947172571,0.0060413063609828085,0.006310976520913199,0.0060413063609828085
37.411058827205366,0.005636142763763239,0.005892088968627173,0.005636142763763239
37.612598088780864,0.00525390474381489,0.005496605721753601,0.00525390474381489
37.81522307407629,0.0048935913124553525,0.005123522880013432,0.0048935913124553525
38.0189396320562,0.004554226847436935,0.004771861003756073,0.004554226847436935
38.22375364319435,0.004234861477477616,0.0044406655500161965,0.004234861477477616
38.42967101964378,0.003934571402522438,0.004129007244774412,0.003934571402522438
38.636697705406974,0.0036524591507850284,0.003835982392286477,0.0036524591507850284
38.8448396765078,0.0033876537737890324,0.003560713122518752,0.0033876537737890324
39.05410294116381,0.003139310980800552,0.003302347577902457,0.003139310980800552
39.264493539960014,0.0029066132141976663,0.0030600600407787895,0.0029066132141976663
39.47601754602276,0.0026887696674759492,0.002833051003064785,0.0026887696674759492
39.68868106519536,0.002485016247725297,0.002620547179812101,0.002485016247725297
39.902490236214284,0.0022946154845471674,0.002421801468471188,0.0022946154845471674
40.117451230886246,0.002116856387499237,0.0022360928557982936,0.002116856387499237
40.33357025426668,0.0019510542542635913,0.002062726274459473,0.0019510542542635913
40.55085354483843,0.0017965504318338133,0.0019010324114933637,0.0017965504318338133
40.769307374692076,0.0016527120331006112,0.0017503674708872548,0.0016527120331006112
40.988938049706945,0.0015189316112926051,0.0016101128926071457,0.0015189316112926051
41.20975190973304,0.0013946267947908403,0.001479675030493836,0.0013946267947908403
41.4317553287744,0.0012792398848869221,0.0013584847914981295,0.0012792398848869221
41.65495471517257,0.0011722374190950389,0.0012459972387786132,0.0011722374190950389
41.87935651179191,0.0010731097026542027,0.001141691161221659,0.0010731097026542027
42.10496719620552,0.0009813703108746167,0.0010450686119711035,0.0009813703108746167
42.33179328088211,0.0008965555649857466,0.0009556544185691118,0.0008965555649857466
42.55984131337435,0.0008182239841370097,0.0008729956673133299,0.0008182239841370097
42.78911787650735,0.0007459557161851234,0.0007966611644288146,0.0007459557161851234
43.019629588568996,0.0006793519498727818,0.0007262408766339457,0.0006793519498727818
43.251383103500885,0.0006180343109662907,0.0006613453536524838,0.0006180343109662907
43.484385111090674,0.0005616442448710237,0.0006016051351847723,0.0005616442448710237
43.71864233716471,0.0005098423881871272,0.0005466701448041723,0.0005098423881871272
43.95416154378252,0.0004623079316014887,0.0004962090731873344,0.0004623079316014887
44.19094952943189,0.0004187379764390947,0.0004499087530228492,0.0004187379764390947
44.429013129225055,0.0003788468871154034,0.00040747352786948385,0.0003788468871154034
44.668359215096345,0.00034236564164374515,0.0003686246171554171,0.00034236564164374515
44.90899469600001,0.0003090411822582419,0.0003330994794237022,0.0003090411822582419
45.15092651811,0.00027863576811314525,0.0003006511758363021,0.00027863576811314525
45.39416166502041,0.00025092633191630965,0.0002710477358521276,0.00025092633191630965
45.638707157946975,0.0002257038422465827,0.00024407152689219527,0.0002257038422465827
45.88457005593008,0.00020277267319411538,0.00021951862969929779,0.00020277267319411538
46.131757456038,0.00018194998284949633,0.00019719822099094843,0.00018194998284949633
46.38027649357213,0.00016306510205223537,0.0001769319648928115,0.00016306510205223537
46.63013434227287,0.00014595893469331858,0.0001585534145272711,0.00014595893469331858
46.88133821452655,0.00013048337074986877,0.00014190742501774318,0.00013048337074986877
47.1338953615741,0.00011650071311368328,0.00012684957905508495,0.00011650071311368328
47.3878130737197,0.00010388311916021233,0.0001132456260587068,0.00010388311916021233
47.64309868054166,9.251205789043357e-05,0.00010097093585173849,9.251205789043357e-05
47.899759551103784,8.227778336650701e-05,8.990996765835634e-05,8.227778336650701e-05
48.157803094168464,7.307882505270496e-05,7.99557551217606e-05,7.307882505270496e-05
48.41723675840999,6.482149556711982e-05,7.10094079345884e-05,6.482149556711982e-05
48.6780680326299,5.7419416246894e-05,6.29796305695755e-05,5.7419416246894e-05
48.94030444597311,5.079306083120389e-05,5.578225849813011e-05,5.079306083120389e-05
49.20395356814511,4.486931747179829e-05,4.933981218798672e-05,4.486931747179829e-05
49.469023009630895,3.958106919116186e-05,4.358106907893822e-05,3.958106919116186e-05
49.73552042191403,3.486679282359313e-05,3.8440653648088616e-05,3.486679282359313e-05
50.00345349769793,3.0670176394680285e-05,3.385864559317189e-05,3.0670176394680285e-05
50.27282997112783,2.6939754820325856e-05,2.978020608480855e-05,2.6939754820325856e-05
50.54365761801388,2.3628563737435156e-05,2.6155221965953175e-05,2.3628563737435156e-05
50.8159442560561,2.0693811214927324e-05,2.2937967709569782e-05,2.0693811214927324e-05
51.089697745069344,1.809656703585882e-05,2.0086784883784306e-05,1.809656703585882e-05
51.364925987210654,1.58014691890801e-05,1.7563778817367545e-05,1.58014691890801e-05
51.64163692720721,1.3776447162113278e-05,1.5334532107563712e-05,1.3776447162113278e-05
51.91983855258561,1.1992461585595467e-05,1.3367834566788868e-05,1.1992461585595467e-05
52.19953889390281,1.0423259743688885e-05,1.1635429164624358e-05,1.0423259743688885e-05
52.480746024977336,9.045146434144243e-06,1.0111773486683867e-05,9.045146434144243e-06
52.763468063122744,7.836769636014605e-06,8.773816202161466e-06,7.836769636014605e-06
53.04771316938173,6.778920422239042e-06,7.600788007091671e-06,6.778920422239042e-06
53.33348954876213,5.854346538147499e-06,6.574006490287947e-06,5.854346538147499e-06
53.62080545047314,5.047579055215006e-06,5.676694353435e-06,5.047579055215006e-06
53.90966916816384,4.34477150180606e-06,4.893810405601324e-06,4.34477150180606e-06
54.200089040162496,3.733550868987503e-06,4.2118927453199494e-06,3.733550868987503e-06
54.49207344971716,3.202879889426516e-06,3.618913540046387e-06,3.202879889426516e-06
54.7856308252381,2.742929990675414e-06,3.1041448130020446e-06,2.742929990675414e-06
55.08076964054041,2.3449643304838587e-06,2.658034650866499e-06,2.3449643304838587e-06
55.37749841508908,2.0012303308679277e-06,2.2720932521938824e-06,2.0012303308679277e-06
55.67582571424478,1.7048611392415367e-06,1.9387882455427474e-06,1.7048611392415367e-06
55.975760149511046,1.4497854586677045e-06,1.6514487178126773e-06,1.4497854586677045e-06
56.27731037878325,1.2306452049527503e-06,1.4041774069153079e-06,1.2306452049527503e-06
56.580485106597884,1.0427204656087859e-06,1.1917705283925678e-06,1.0427204656087859e-06
56.885293084384244,8.818612543817946e-07,1.0096447226598993e-06,8.818612543817946e-07
57.191743110716985,7.444255748431836e-07,8.537706279523034e-07,7.444255748431836e-07
57.499844031569914,6.272233272229644e-07,7.206126035286596e-07,6.272233272229644e-07
57.80960474057187,5.274656140034339e-07,6.070741480193529e-07,5.274656140034339e-07
58.1210341792627,4.4271902158300265e-07,5.104485787632392e-07,4.4271902158300265e-07
58.43414133735187,3.708644773609173e-07,4.2837455936291093e-07,3.708644773609173e-07
58.74893525297769,3.1006030371253656e-07,3.587960843090292e-07,3.1006030371253656e-07
59.0654250129687,2.587091123516222e-07,2.9992655120329775e-07,2.587091123516222e-07
59.38361975310528,2.1542820436873873e-07,2.502165726921754e-07,2.1542820436873873e-07
59.70352865838378,1.7902316265876048e-07,2.0832520156245933e-07,1.7902316265876048e-07
60.02516096328161,1.4846434439381863e-07,1.7309426342208886e-07,1.4846434439381863e-07
60.348525952023614,1.228660015583308e-07,1.4352551187979984e-07,1.228660015583308e-07
60.67363295885059,1.0146777725734551e-07,1.1876034105134139e-07,1.0146777725734551e-07
61.000491368287996,8.361834446747102e-08,9.806180947532267e-08,8.361834446747102e-08
61.32911061541733,6.876097206398412e-08,8.079874804993629e-08,6.876097206398412e-08
61.65950018614835,5.642082028560711e-08,6.643174234951475e-08,5.642082028560711e-08
61.99166961749278,4.619378425679322e-08,5.450079660370223e-08,4.619378425679322e-08
62.325628497840114,3.7736719756025466e-08,4.461450269233966e-08,3.7736719756025466e-08
62.661386467233626,3.075890008651943e-08,3.6440552706027e-08,3.075890008651943e-08
62.99895321764914,2.501456667078679e-08,2.969744793544042e-08,2.501456667078679e-08
63.33833849327468,2.0296448859591083e-08,2.4147270581321863e-08,2.0296448859591083e-08
63.67955209079162,1.6430140431839367e-08,1.9589397027746988e-08,1.6430140431839367e-08
64.02260385965799,1.3269231384931021e-08,1.5855043207895326e-08,1.3269231384931021e-08
64.36750370239201,1.069110389987278e-08,1.2802543433667788e-08,1.069110389987278e-08
64.71426157485844,8.593310841392556e-09,1.031327408285626e-08,8.593310841392556e-09
65.06288748655574,6.890463853501886e-09,8.28814276946793e-09,6.890463853501886e-09
65.41339150090549,5.511566071102363e-09,6.6445720966017735e-09,5.511566071102363e-09
65.76578373554213,4.397731726367209e-09,5.313914842411563e-09,4.397731726367209e-09
66.1200743626055,3.5002415240413498e-09,4.239244495365651e-09,3.5002415240413498e-09
66.47627360903437,2.778888632805615e-09,3.373471474008026e-09,2.778888632805615e-09
66.83439175686149,2.2005755309266644e-09,2.677741178131397e-09,2.2005755309266644e-09
67.19443914351098,1.738126794016601e-09,2.1200752625092193e-09,1.738126794016601e-09
67.55642616209583,1.3692872606912038e-09,1.6742222406693613e-09,1.3692872606912038e-09
67.92036326171856,1.0758788971608124e-09,1.318687753613126e-09,1.0758788971608124e-09
68.28626094777262,8.430931420710618e-10,1.0359186150163937e-09,8.430931420710618e-10
68.6541297822455,6.588985844823088e-10,8.116181071440442e-10,6.588985844823088e-10
69.02398038402426,5.135465453956459e-10,6.341729859407939e-10,5.135465453956459e-10
69.3958234292011,3.9915952955049265e-10,4.941752933563987e-10,3.9915952955049265e-10
69.76966965138219,3.0938962029829303e-10,3.840244019902307e-10,3.0938962029829303e-10
70.14552984199729,2.3913573522421794e-10,2.9759676182968813e-10,2.3913573522421794e-10
70.52341485061116,1.843102708679416e-10,2.299726094986312e-10,1.843102708679416e-10
70.90333558523733,1.416470664392893e-10,1.7721046338964678e-10,1.416470664392893e-10
71.28530301265205,1.085438319192025e-10,1.3616158773587633e-10,1.085438319192025e-10
71.6693281587115,8.293323655023091e-11,1.043177875740243e-10,8.293323655023091e-11
72.05542210866966,6.317775877261773e-11,7.968691527920123e-11,6.317775877261773e-11
72.44359600749905,4.7984175689328584e-11,6.069134671542444e-11,4.7984175689328584e-11
72.83386106021143,3.6334234999853306e-11,4.6085438114520916e-11,3.6334234999853306e-11
73.22622853218186,2.7428619285846694e-11,3.48886189893322e-11,2.7428619285846694e-11
73.62070974947376,2.0641794330934882e-11,2.6331325572666092e-11,2.0641794330934882e-11
74.01731609916567,1.548574119271483e-11,1.9811445862367067e-11,1.548574119271483e-11
74.4160590296806,1.1580916118058255e-11,1.48593424067355e-11,1.1580916118058255e-11
74.81695005111553,8.633072027114844e-12,1.1109852295506582e-11,8.633072027114844e-12
75.2200007355743,6.4148180371866415e-12,8.279944096488492e-12,6.4148180371866415e-12
75.62522271750153,4.750996231235833e-12,6.15094631879923e-12,4.750996231235833e-12
76.03262769401822,3.507123593810852e-12,4.5544580637997795e-12,3.507123593810852e-12
76.4422274252601,2.580286947552639e-12,3.3612156630216905e-12,2.580286947552639e-12
76.85403373471611,1.8919943293871664e-12,2.472324349822168e-12,1.8919943293871664e-12
77.26805850957037,1.3825814245983032e-12,1.8123757347233481e-12,1.3825814245983032e-12
77.68431370104511,1.0068497540299754e-12,1.324063812205388e-12,1.0068497540299754e-12
78.10281132474553,7.306771233459495e-13,9.639876408652933e-13,7.306771233459495e-13
78.52356346100726,5.283928071606362e-13,6.993904593611606e-13,5.283928071606362e-13
78.94658225524411,3.807520983172366e-13,5.056351647628121e-13,3.807520983172366e-13
79.37187991829931,2.733789263546091e-13,3.6425676609258965e-13,2.733789263546091e-13
79.79946872679768,1.9557268554479515e-13,2.614653012883344e-13,1.9557268554479515e-13
80.22936102350062,1.3939742081985834e-13,1.8699916983138995e-13,1.3939742081985834e-13
80.66156921766144,9.898910589490867e-14,1.3325005527795302e-13,9.898910589490867e-14
81.09610578538421,7.00307461738857e-14,9.459756505477215e-14,7.00307461738857e-14
81.53298326998375,4.9356138169307674e-14,6.690520553224413e-14,4.9356138169307674e-14
81.97221428234751,3.4651883076016497e-14,4.714000393528193e-14,3.4651883076016497e-14
82.4138115013003,2.423414791084344e-14,3.308653176259472e-14,2.423414791084344e-14
82.85778767396921,1.6882070599982837e-14,2.3132724267478603e-14,1.6882070599982837e-14
83.30415561615233,1.1713921691300925e-14,1.611009148273179e-14,1.1713921691300925e-14
83.75292821268843,8.095412269548455e-15,1.1174973686712673e-14,8.095412269548455e-15
84.20411841782878,5.57207402873697e-15,7.72064667214978e-15,5.57207402873697e-15
84.65773925561176,3.8195925456575e-15,5.312521496313368e-15,3.8195925456575e-15
85.11380382023776,2.6074755411200396e-15,3.6405630870021435e-15,2.6074755411200396e-15
85.57232527644788,1.7725850544433714e-15,2.4844945005747544e-15,1.7725850544433714e-15
86.03331685990375,1.199935588271362e-15,1.6884558426939955e-15,1.199935588271362e-15
86.49679187756938,8.088220099831809e-16,1.1426255349893658e-15,8.088220099831809e-16
86.96276370809608,5.428403412372764e-16,7.699470216090718e-16,5.428403412372764e-16
87.4312458022075,3.6273973386119774e-16,5.165833405106359e-16,3.6273973386119774e-16
87.90225168308861,2.4132455937938475e-16,3.450819968764606e-16,2.4132455937938475e-16
88.37579494677574,1.5983452125126713e-16,2.2950178139482116e-16,1.5983452125126713e-16
88.85188926254979,1.0538562811425901e-16,1.5195358443519465e-16,1.0538562811425901e-16
89.33054837332963,6.916920394909801e-17,1.0015578078192881e-16,6.916920394909801e-17
89.8117860960696,4.519010681240757e-17,6.571433293568601e-17,4.519010681240757e-17
90.29561632215814,2.938674902886176e-17,4.291822935444974e-17,2.938674902886176e-17
90.78205301781861,1.902021654799774e-17,2.789969567456288e-17,1.902021654799774e-17
91.27111022451318,1.2252170236409681e-17,1.805141484196351e-17,1.2252170236409681e-17
91.76280205934698,7.854560992074293e-18,1.1623984878833836e-17,7.854560992074293e-18
92.25714271547648,5.0109442906951844e-18,7.449180421752253e-18,5.0109442906951844e-18
92.75414646251882,3.1811429715510397e-18,4.750606239661189e-18,3.1811429715510397e-18
93.25382764696369,2.0095078305897613e-18,3.014767569346086e-18,2.0095078305897613e-18
93.75620069258811,1.2630362478249385e-18,1.9037057424695985e-18,1.2630362478249385e-18
94.26128010087173,7.898378968463179e-19,1.1960894723157162e-18,7.898378968463179e-19
94.7690804514161,4.913968315828426e-19,7.476903993303921e-19,4.913968315828426e-19
95.2796164023654,3.0414095144092535e-19,4.649972664287981e-19,3.0414095144092535e-19
95.79290269082934,1.8725838999828904e-19,2.8769039887067937e-19,1.8725838999828904e-19
96.30895413330934,1.1468507857200282e-19,1.7706077593621618e-19,1.1468507857200282e-19
96.82778562612506,6.986295296736069e-20,1.0839687807330555e-19,6.986295296736069e-20
97.34941214584518,4.232882632713082e-20,6.600604732050171e-20,4.232882632713082e-20
97.87384874971931,2.5506412885500844e-20,3.997588389494966e-20,2.5506412885500844e-20
98.40111057611345,1.528483464490182e-20,2.4078775875641288e-20,1.528483464490182e-20
98.93121284494572,9.108447447930868e-21,1.4423379270547428e-20,9.108447447930868e-21
99.46417085812655,5.397268136146782e-21,8.591519199777906e-21,5.397268136146782e-21
100.0,3.1799709001977496e-21,5.088818713099619e-21,3.1799709001977496e-21
